HIERARCHY
ROOT root
{
  OFFSET 0 87.9003 0
  CHANNELS 6 Xposition Yposition Zposition Zrotation Xrotation Yrotation
  JOINT torso_1
  {
    OFFSET 0 4.78511 -1.08482
    CHANNELS 6 Xposition Yposition Zposition Zrotation Xrotation Yrotation
    JOINT torso_2
    {
      OFFSET 0 5.29195 1.00949
      CHANNELS 6 Xposition Yposition Zposition Zrotation Xrotation Yrotation
      JOINT torso_3
      {
        OFFSET -9.66735e-18 5.64355 0.108362
        CHANNELS 6 Xposition Yposition Zposition Zrotation Xrotation Yrotation
        JOINT torso_4
        {
          OFFSET -1.04072e-17 6.12977 -0.417886
          CHANNELS 6 Xposition Yposition Zposition Zrotation Xrotation Yrotation
          JOINT torso_5
          {
            OFFSET -1.85891e-17 7.16586 -1.41888
            CHANNELS 6 Xposition Yposition Zposition Zrotation Xrotation Yrotation
            JOINT torso_6
            {
              OFFSET -2.38665e-17 8.94839 -0.861631
              CHANNELS 6 Xposition Yposition Zposition Zrotation Xrotation Yrotation
              JOINT torso_7
              {
                OFFSET -2.73615e-17 9.94144 1.48576
                CHANNELS 6 Xposition Yposition Zposition Zrotation Xrotation Yrotation
                JOINT neck_1
                {
                  OFFSET -1.21725e-17 4.50977 0.67399
                  CHANNELS 6 Xposition Yposition Zposition Zrotation Xrotation Yrotation
                  JOINT neck_2
                  {
                    OFFSET -1.70689e-17 4.54241 0.39741
                    CHANNELS 6 Xposition Yposition Zposition Zrotation Xrotation Yrotation
                    JOINT head
                    {
                      OFFSET -1.89342e-17 4.5512 0.720839
                      CHANNELS 6 Xposition Yposition Zposition Zrotation Xrotation Yrotation
                      End Site
                      {
                        OFFSET 0 0.1 0
                      }
                    }
                  }
                }
                JOINT l_shoulder
                {
                  OFFSET 1.16172 -7.16758 7.09827
                  CHANNELS 6 Xposition Yposition Zposition Zrotation Xrotation Yrotation
                  JOINT l_up_arm
                  {
                    OFFSET 12.2059 3.06167 -3.07978
                    CHANNELS 6 Xposition Yposition Zposition Zrotation Xrotation Yrotation
                    JOINT l_low_arm
                    {
                      OFFSET 27.5197 0.056351 0.129118
                      CHANNELS 6 Xposition Yposition Zposition Zrotation Xrotation Yrotation
                      JOINT l_hand
                      {
                        OFFSET 22.8331 0.0467536 0.107129
                        CHANNELS 6 Xposition Yposition Zposition Zrotation Xrotation Yrotation
                        End Site
                        {
                          OFFSET 0.1 0 0
                        }
                      }
                    }
                  }
                }
                JOINT r_shoulder
                {
                  OFFSET -1.16172 -7.16756 7.09818
                  CHANNELS 6 Xposition Yposition Zposition Zrotation Xrotation Yrotation
                  JOINT r_up_arm
                  {
                    OFFSET -12.2059 3.06167 -3.07978
                    CHANNELS 6 Xposition Yposition Zposition Zrotation Xrotation Yrotation
                    JOINT r_low_arm
                    {
                      OFFSET -27.5197 0.056351 0.129118
                      CHANNELS 6 Xposition Yposition Zposition Zrotation Xrotation Yrotation
                      JOINT r_hand
                      {
                        OFFSET -22.8331 0.0467534 0.107129
                        CHANNELS 6 Xposition Yposition Zposition Zrotation Xrotation Yrotation
                        End Site
                        {
                          OFFSET -0.1 0 0
                        }
                      }
                    }
                  }
                }
              }
            }
          }
        }
      }
    }
  }
  JOINT l_up_leg
  {
    OFFSET 8.70282 -3.96247 1.9152
    CHANNELS 6 Xposition Yposition Zposition Zrotation Xrotation Yrotation
    JOINT l_low_leg
    {
      OFFSET -0.803084 -36.5309 -0.617314
      CHANNELS 6 Xposition Yposition Zposition Zrotation Xrotation Yrotation
      JOINT l_foot
      {
        OFFSET -2.19176 -38.0664 -5.69911
        CHANNELS 6 Xposition Yposition Zposition Zrotation Xrotation Yrotation
        JOINT l_toes
        {
          OFFSET 0.734061 -9.31305 11.7736
          CHANNELS 6 Xposition Yposition Zposition Zrotation Xrotation Yrotation
          End Site
          {
            OFFSET 0 0 0.1
          }
        }
      }
    }
  }
  JOINT r_up_leg
  {
    OFFSET -8.70282 -3.96247 1.9152
    CHANNELS 6 Xposition Yposition Zposition Zrotation Xrotation Yrotation
    JOINT r_low_leg
    {
      OFFSET 0.803084 -36.5309 -0.617314
      CHANNELS 6 Xposition Yposition Zposition Zrotation Xrotation Yrotation
      JOINT r_foot
      {
        OFFSET 2.19176 -38.0664 -5.69911
        CHANNELS 6 Xposition Yposition Zposition Zrotation Xrotation Yrotation
        JOINT r_toes
        {
          OFFSET -0.734061 -9.31305 11.7736
          CHANNELS 6 Xposition Yposition Zposition Zrotation Xrotation Yrotation
          End Site
          {
            OFFSET 0 0 0.1
          }
        }
      }
    }
  }
}
MOTION
Frames: 354
Frame Time: 0.020000
0 87.9003 0 -0 0 -0 0 4.78511 -1.08482 -0 0 -0 0 5.29195 1.00949 -0 0 -0 -9.66735e-18 5.64355 0.108362 -0 0 -0 -1.04072e-17 6.12977 -0.417886 -0 0 -0 -1.85891e-17 7.16586 -1.41888 -0 0 -0 -2.38665e-17 8.94839 -0.861631 -0 0 -0 -2.73615e-17 9.94144 1.48576 -0 0 -0 -1.21725e-17 4.50977 0.67399 -0 0 -0 -1.70689e-17 4.54241 0.39741 -0 0 -0 -1.89342e-17 4.5512 0.720839 -0 0 -0 1.16172 -7.16758 7.09827 -0 0 -0 12.2059 3.06167 -3.07978 -0 0 -0 27.5197 0.056351 0.129118 -0 0 -0 22.8331 0.0467536 0.107129 -0 0 -0 -1.16172 -7.16756 7.09818 -0 0 -0 -12.2059 3.06167 -3.07978 -0 0 -0 -27.5197 0.056351 0.129118 -0 0 -0 -22.8331 0.0467534 0.107129 -0 0 -0 8.70282 -3.96247 1.9152 -0 0 -0 -0.803084 -36.5309 -0.617314 -0 0 -0 -2.19176 -38.0664 -5.69911 -0 0 -0 0.734061 -9.31305 11.7736 -0 0 -0 -8.70282 -3.96247 1.9152 -0 0 -0 0.803084 -36.5309 -0.617314 -0 0 -0 2.19176 -38.0664 -5.69911 -0 0 -0 -0.734061 -9.31305 11.7736 -0 0 -0 
-4.56214 85.6044 -178.056 -0.931814 6.86818 11.8702 0 4.78511 -1.08482 -2.18224 0.674861 0.0348695 0 5.29195 1.00949 -1.67381 1.27588 -0.169739 -9.66735e-18 5.64355 0.108362 -1.13126 2.35991 -0.0782043 -1.04072e-17 6.12977 -0.417886 -0.603726 3.91744 -0.0329525 -1.85891e-17 7.16586 -1.41888 -0.0635504 4.23782 0.0276505 -2.38665e-17 8.94839 -0.861631 0.51638 4.57053 -0.232697 -2.73615e-17 9.94144 1.48576 -0.051438 0.39781 -0.0282993 -1.21725e-17 4.50977 0.67399 -0.278891 -1.25298 -7.87626 -1.70689e-17 4.54241 0.39741 3.98937 -10.7039 -3.81405 -1.89342e-17 4.5512 0.720839 4.75957 -13.2257 -0.858556 1.16172 -7.16758 7.09827 -0.99839 0.732415 -2.14964 12.2059 3.06167 -3.07978 -67.4933 11.8517 -19.7337 27.5197 0.056351 0.129118 2.44805 -0.241929 -11.8769 22.8331 0.0467536 0.107129 2.90132 -25.5712 -1.23365 -1.16172 -7.16756 7.09818 0.568276 1.17309 0.937374 -12.2059 3.06167 -3.07978 75.589 19.0364 13.051 -27.5197 0.056351 0.129118 -3.71256 -0.574193 18.1731 -22.8331 0.0467534 0.107129 1.25867 -5.03823 2.50437 8.70282 -3.96247 1.9152 3.75058 -7.54857 0.3519 -0.803084 -36.5309 -0.617314 -2.82495 10.4862 0.0757035 -2.19176 -38.0664 -5.69911 6.9185 -10.6618 16.0197 0.734061 -9.31305 11.7736 5.09669e-17 -7.94322e-16 1.16078e-17 -8.70282 -3.96247 1.9152 -1.73586 -9.77072 9.9393 0.803084 -36.5309 -0.617314 0.551475 2.05949 0.0260382 2.19176 -38.0664 -5.69911 -8.39591 -7.90072 -15.7882 -0.734061 -9.31305 11.7736 9.43093e-17 -5.92273e-16 -1.27678e-14 
-4.26556 85.5326 -178.43 -0.653805 7.04216 11.9792 0 4.78511 -1.08482 -2.09153 0.640213 0.10145 0 5.29195 1.00949 -1.62204 1.20012 -0.0959136 -9.66735e-18 5.64355 0.108362 -1.10775 2.23174 -0.00765112 -1.04072e-17 6.12977 -0.417886 -0.607863 3.70856 0.0361298 -1.85891e-17 7.16586 -1.41888 -0.0801442 3.98172 0.0961419 -2.38665e-17 8.94839 -0.861631 0.494494 4.26602 -0.154721 -2.73615e-17 9.94144 1.48576 -0.0581337 0.434421 -0.0170613 -1.21725e-17 4.50977 0.67399 -0.334596 -1.07956 -8.05929 -1.70689e-17 4.54241 0.39741 3.74901 -10.6359 -3.90892 -1.89342e-17 4.5512 0.720839 4.59464 -13.1534 -1.05056 1.16172 -7.16758 7.09827 -0.937821 0.702595 -1.90769 12.2059 3.06167 -3.07978 -68.4651 10.6538 -18.7862 27.5197 0.056351 0.129118 2.47607 -0.247706 -12.0147 22.8331 0.0467536 0.107129 2.79879 -26.0568 -1.79098 -1.16172 -7.16756 7.09818 0.443366 1.27568 0.762538 -12.2059 3.06167 -3.07978 75.5418 18.3637 12.7344 -27.5197 0.056351 0.129118 -3.54674 -0.522043 17.3367 -22.8331 0.0467534 0.107129 1.29037 -4.54688 2.32151 8.70282 -3.96247 1.9152 2.99418 -7.9493 -0.905618 -0.803084 -36.5309 -0.617314 -2.87525 10.6697 0.0817328 -2.19176 -38.0664 -5.69911 6.92823 -10.8804 16.0364 0.734061 -9.31305 11.7736 4.48536e-16 -7.81082e-16 -1.63243e-18 -8.70282 -3.96247 1.9152 -1.98384 -10.255 9.82103 0.803084 -36.5309 -0.617314 0.682474 2.54886 0.0293124 2.19176 -38.0664 -5.69911 -8.5176 -8.4296 -15.8624 -0.734061 -9.31305 11.7736 -1.44373e-15 -5.31785e-16 -1.27073e-14 
-4.0943 85.5418 -178.693 -0.582329 7.01379 12.4076 0 4.78511 -1.08482 -1.96147 0.628288 0.136225 0 5.29195 1.00949 -1.52508 1.15184 -0.0483647 -9.66735e-18 5.64355 0.108362 -1.04218 2.13871 0.0379834 -1.04072e-17 6.12977 -0.417886 -0.571423 3.54343 0.0811312 -1.85891e-17 7.16586 -1.41888 -0.0622481 3.77732 0.133691 -2.38665e-17 8.94839 -0.861631 0.496056 4.02771 -0.115629 -2.73615e-17 9.94144 1.48576 -0.0632177 0.468535 -0.00261088 -1.21725e-17 4.50977 0.67399 -0.356901 -0.917888 -8.30284 -1.70689e-17 4.54241 0.39741 3.59045 -10.6417 -4.02904 -1.89342e-17 4.5512 0.720839 4.43218 -13.0995 -1.20057 1.16172 -7.16758 7.09827 -0.963182 0.687938 -1.70651 12.2059 3.06167 -3.07978 -69.0975 9.91656 -17.9981 27.5197 0.056351 0.129118 2.54672 -0.262583 -12.3625 22.8331 0.0467536 0.107129 2.49508 -27.2661 -2.26798 -1.16172 -7.16756 7.09818 0.463689 1.41148 0.651661 -12.2059 3.06167 -3.07978 75.5506 17.6481 12.4408 -27.5197 0.056351 0.129118 -3.39511 -0.476667 16.575 -22.8331 0.0467534 0.107129 1.18744 -4.61198 2.1646 8.70282 -3.96247 1.9152 2.59499 -8.32627 -2.36452 -0.803084 -36.5309 -0.617314 -2.99807 11.117 0.0971333 -2.19176 -38.0664 -5.69911 6.80162 -10.9957 16.0325 0.734061 -9.31305 11.7736 7.67749e-16 -7.60315e-16 -2.23994e-17 -8.70282 -3.96247 1.9152 -2.07681 -10.6963 9.64841 0.803084 -36.5309 -0.617314 0.887624 3.31502 0.0321905 2.19176 -38.0664 -5.69911 -8.49995 -8.62372 -15.8918 -0.734061 -9.31305 11.7736 -2.23887e-15 -4.94513e-16 -1.26701e-14 
-3.9374 85.601 -178.817 -0.797549 6.98787 12.8958 0 4.78511 -1.08482 -1.77312 0.525599 0.136827 0 5.29195 1.00949 -1.36922 1.04624 -0.0286986 -9.66735e-18 5.64355 0.108362 -0.925537 2.02382 0.0564134 -1.04072e-17 6.12977 -0.417886 -0.489645 3.41153 0.0996952 -1.85891e-17 7.16586 -1.41888 -0.0110361 3.64634 0.137625 -2.38665e-17 8.94839 -0.861631 0.513087 3.88783 -0.116711 -2.73615e-17 9.94144 1.48576 -0.0693707 0.493198 0.0119043 -1.21725e-17 4.50977 0.67399 -0.353817 -0.829926 -8.49282 -1.70689e-17 4.54241 0.39741 3.51631 -10.6515 -4.1192 -1.89342e-17 4.5512 0.720839 4.26907 -13.1213 -1.22309 1.16172 -7.16758 7.09827 -0.999546 0.61564 -1.44265 12.2059 3.06167 -3.07978 -69.8204 9.20672 -17.1645 27.5197 0.056351 0.129118 2.66664 -0.288863 -12.9537 22.8331 0.0467536 0.107129 2.34577 -28.5751 -2.55297 -1.16172 -7.16756 7.09818 0.520531 1.50483 0.504854 -12.2059 3.06167 -3.07978 75.6574 16.8924 12.1285 -27.5197 0.056351 0.129118 -3.28177 -0.444178 16.0076 -22.8331 0.0467534 0.107129 1.05948 -4.97436 2.05391 8.70282 -3.96247 1.9152 2.4842 -8.64699 -4.09966 -0.803084 -36.5309 -0.617314 -3.10726 11.5136 0.111631 -2.19176 -38.0664 -5.69911 6.64986 -11.0361 16.0192 0.734061 -9.31305 11.7736 5.09666e-17 -7.94322e-16 1.16078e-17 -8.70282 -3.96247 1.9152 -1.97903 -11.3337 9.82568 0.803084 -36.5309 -0.617314 1.1725 4.37803 0.0316315 2.19176 -38.0664 -5.69911 -8.3012 -8.56663 -15.8878 -0.734061 -9.31305 11.7736 -2.85118e-15 -4.65403e-16 -1.2641e-14 
-3.81626 85.7232 -178.827 -1.08055 6.83494 13.1315 0 4.78511 -1.08482 -1.60217 0.357623 0.150699 0 5.29195 1.00949 -1.22836 0.904484 0.00238382 -9.66735e-18 5.64355 0.108362 -0.820249 1.90329 0.0855169 -1.04072e-17 6.12977 -0.417886 -0.416755 3.31908 0.128876 -1.85891e-17 7.16586 -1.41888 0.0372478 3.58888 0.15418 -2.38665e-17 8.94839 -0.861631 0.535669 3.84416 -0.106136 -2.73615e-17 9.94144 1.48576 -0.0734806 0.508868 0.0239915 -1.21725e-17 4.50977 0.67399 -0.360733 -0.815704 -8.69367 -1.70689e-17 4.54241 0.39741 3.49609 -10.6469 -4.21085 -1.89342e-17 4.5512 0.720839 4.25287 -13.1075 -1.07557 1.16172 -7.16758 7.09827 -1.06762 0.536645 -1.16842 12.2059 3.06167 -3.07978 -70.4168 8.60191 -16.2691 27.5197 0.056351 0.129118 2.79206 -0.31774 -13.5735 22.8331 0.0467536 0.107129 2.17959 -29.9647 -2.7488 -1.16172 -7.16756 7.09818 0.704385 1.58943 0.32809 -12.2059 3.06167 -3.07978 75.8215 16.2426 11.7693 -27.5197 0.056351 0.129118 -3.20582 -0.423082 15.6282 -22.8331 0.0467534 0.107129 0.96295 -5.81026 1.97374 8.70282 -3.96247 1.9152 2.56486 -8.6745 -5.59239 -0.803084 -36.5309 -0.617314 -3.17412 11.756 0.120882 -2.19176 -38.0664 -5.69911 6.23949 -10.9098 15.9862 0.734061 -9.31305 11.7736 4.48532e-16 -7.81082e-16 -1.63213e-18 -8.70282 -3.96247 1.9152 -1.77576 -11.8863 10.5214 0.803084 -36.5309 -0.617314 1.48751 5.55139 0.0248479 2.19176 -38.0664 -5.69911 -7.93411 -8.2243 -15.8474 -0.734061 -9.31305 11.7736 -1.02004e-15 -5.45842e-16 -1.27214e-14 
-3.75479 85.9384 -178.727 -1.28756 6.38606 13.1854 0 4.78511 -1.08482 -1.5118 0.0506476 0.198418 0 5.29195 1.00949 -1.15981 0.69592 0.0601905 -9.66735e-18 5.64355 0.108362 -0.771573 1.8012 0.138681 -1.04072e-17 6.12977 -0.417886 -0.387372 3.37758 0.182091 -1.85891e-17 7.16586 -1.41888 0.0612199 3.76294 0.203018 -2.38665e-17 8.94839 -0.861631 0.56073 4.08884 -0.0606256 -2.73615e-17 9.94144 1.48576 -0.0742103 0.494629 0.0298436 -1.21725e-17 4.50977 0.67399 -0.382368 -0.813726 -8.95545 -1.70689e-17 4.54241 0.39741 3.5524 -10.7478 -4.33498 -1.89342e-17 4.5512 0.720839 4.46363 -13.1012 -0.856199 1.16172 -7.16758 7.09827 -1.21321 0.360688 -0.899115 12.2059 3.06167 -3.07978 -70.8808 7.97977 -15.606 27.5197 0.056351 0.129118 2.88307 -0.339591 -14.0241 22.8331 0.0467536 0.107129 2.11594 -30.7491 -2.70973 -1.16172 -7.16756 7.09818 1.05474 1.55375 0.109021 -12.2059 3.06167 -3.07978 76.0973 15.649 11.6388 -27.5197 0.056351 0.129118 -3.12581 -0.401445 15.2292 -22.8331 0.0467534 0.107129 0.969495 -7.1386 1.80639 8.70282 -3.96247 1.9152 2.8389 -8.59584 -6.43285 -0.803084 -36.5309 -0.617314 -3.36818 12.4574 0.149332 -2.19176 -38.0664 -5.69911 5.32743 -10.4392 15.9306 0.734061 -9.31305 11.7736 7.67759e-16 -7.60315e-16 -2.23999e-17 -8.70282 -3.96247 1.9152 -1.54662 -11.9697 11.3517 0.803084 -36.5309 -0.617314 1.75328 6.53894 0.0140947 2.19176 -38.0664 -5.69911 -7.34774 -7.50252 -15.7471 -0.734061 -9.31305 11.7736 -1.33926e-15 -5.35866e-16 -1.27122e-14 
-3.72216 86.1553 -178.546 -1.50407 5.88135 13.0061 0 4.78511 -1.08482 -1.41212 -0.0329478 0.257205 0 5.29195 1.00949 -1.08563 0.636142 0.129895 -9.66735e-18 5.64355 0.108362 -0.719147 1.753 0.20444 -1.04072e-17 6.12977 -0.417886 -0.356925 3.34683 0.248111 -1.85891e-17 7.16586 -1.41888 0.0878361 3.7511 0.264395 -2.38665e-17 8.94839 -0.861631 0.588989 4.08844 -0.00401489 -2.73615e-17 9.94144 1.48576 -0.0747864 0.499864 0.0373792 -1.21725e-17 4.50977 0.67399 -0.407785 -0.870294 -9.16887 -1.70689e-17 4.54241 0.39741 3.62737 -10.7794 -4.42956 -1.89342e-17 4.5512 0.720839 4.53391 -12.9637 -0.640408 1.16172 -7.16758 7.09827 -1.22288 0.334652 -0.67991 12.2059 3.06167 -3.07978 -71.4615 7.65455 -14.8035 27.5197 0.056351 0.129118 2.95896 -0.358393 -14.4006 22.8331 0.0467536 0.107129 2.11004 -31.229 -2.58089 -1.16172 -7.16756 7.09818 1.31568 1.65855 -0.102937 -12.2059 3.06167 -3.07978 76.4809 15.3599 11.393 -27.5197 0.056351 0.129118 -3.04472 -0.380123 14.8256 -22.8331 0.0467534 0.107129 1.02041 -8.87759 1.81978 8.70282 -3.96247 1.9152 3.30353 -8.6157 -6.3113 -0.803084 -36.5309 -0.617314 -3.67872 13.5728 0.199785 -2.19176 -38.0664 -5.69911 4.28319 -9.94088 15.8857 0.734061 -9.31305 11.7736 2.48481e-17 -7.95139e-16 1.2424e-17 -8.70282 -3.96247 1.9152 -1.25766 -11.9978 12.0535 0.803084 -36.5309 -0.617314 2.03108 7.56816 -0.00205489 2.19176 -38.0664 -5.69911 -6.75246 -6.71409 -15.6321 -0.734061 -9.31305 11.7736 -5.7024e-16 -5.60714e-16 -1.27479e-14 
-3.65582 86.4737 -178.279 -1.6719 5.44656 12.6472 0 4.78511 -1.08482 -1.27703 -0.0194617 0.295495 0 5.29195 1.00949 -0.978319 0.643141 0.180656 -9.66735e-18 5.64355 0.108362 -0.642432 1.73746 0.250868 -1.04072e-17 6.12977 -0.417886 -0.31014 3.29631 0.294342 -1.85891e-17 7.16586 -1.41888 0.118062 3.68148 0.30301 -2.38665e-17 8.94839 -0.861631 0.603498 4.00944 0.03091 -2.73615e-17 9.94144 1.48576 -0.0776981 0.507438 0.0440004 -1.21725e-17 4.50977 0.67399 -0.442171 -1.01679 -9.17519 -1.70689e-17 4.54241 0.39741 3.57398 -10.7648 -4.42605 -1.89342e-17 4.5512 0.720839 4.45584 -12.848 -0.475146 1.16172 -7.16758 7.09827 -1.22125 0.381945 -0.542169 12.2059 3.06167 -3.07978 -72.3054 7.32706 -13.9184 27.5197 0.056351 0.129118 3.01179 -0.371795 -14.663 22.8331 0.0467536 0.107129 2.2573 -31.2878 -2.39405 -1.16172 -7.16756 7.09818 1.55408 1.7951 -0.253704 -12.2059 3.06167 -3.07978 76.7985 15.2085 11.1804 -27.5197 0.056351 0.129118 -2.97068 -0.361188 14.4576 -22.8331 0.0467534 0.107129 0.949109 -10.337 1.96338 8.70282 -3.96247 1.9152 3.67907 -8.11087 -5.53737 -0.803084 -36.5309 -0.617314 -3.72536 13.7396 0.207883 -2.19176 -38.0664 -5.69911 3.13633 -9.02203 15.8275 0.734061 -9.31305 11.7736 2.48481e-17 -7.95139e-16 1.2424e-17 -8.70282 -3.96247 1.9152 -1.00567 -11.9665 12.658 0.803084 -36.5309 -0.617314 2.23822 8.33315 -0.0173531 2.19176 -38.0664 -5.69911 -6.05552 -5.47137 -15.4766 -0.734061 -9.31305 11.7736 -2.24899e-16 -5.82298e-16 -1.27587e-14 
-3.61428 86.8663 -177.972 -1.70299 5.11667 12.2109 0 4.78511 -1.08482 -1.19122 -0.0568726 0.324799 0 5.29195 1.00949 -0.913301 0.617921 0.215125 -9.66735e-18 5.64355 0.108362 -0.599861 1.71289 0.280104 -1.04072e-17 6.12977 -0.417886 -0.289841 3.27528 0.322625 -1.85891e-17 7.16586 -1.41888 0.124624 3.66131 0.327379 -2.38665e-17 8.94839 -0.861631 0.597862 3.99313 0.0557773 -2.73615e-17 9.94144 1.48576 -0.0811804 0.507482 0.0466362 -1.21725e-17 4.50977 0.67399 -0.48814 -1.15424 -9.10345 -1.70689e-17 4.54241 0.39741 3.48054 -10.6966 -4.38792 -1.89342e-17 4.5512 0.720839 4.44432 -12.7481 -0.312376 1.16172 -7.16758 7.09827 -1.27488 0.416005 -0.47157 12.2059 3.06167 -3.07978 -73.0764 6.82531 -13.132 27.5197 0.056351 0.129118 2.99481 -0.367459 -14.5786 22.8331 0.0467536 0.107129 2.35655 -30.7417 -2.2053 -1.16172 -7.16756 7.09818 1.81758 1.87606 -0.348025 -12.2059 3.06167 -3.07978 77.0688 15.2531 11.0903 -27.5197 0.056351 0.129118 -2.87623 -0.337766 13.9891 -22.8331 0.0467534 0.107129 0.910188 -11.5483 2.12375 8.70282 -3.96247 1.9152 3.84731 -7.16089 -4.43596 -0.803084 -36.5309 -0.617314 -3.51455 12.9843 0.17236 -2.19176 -38.0664 -5.69911 1.97924 -7.70153 15.7695 0.734061 -9.31305 11.7736 5.09622e-17 -7.94323e-16 1.1608e-17 -8.70282 -3.96247 1.9152 -0.867379 -12.0072 12.9715 0.803084 -36.5309 -0.617314 2.41869 8.99774 -0.0329429 2.19176 -38.0664 -5.69911 -5.41703 -3.89636 -15.2914 -0.734061 -9.31305 11.7736 -6.22468e-16 -5.58266e-16 -1.27454e-14 
-3.64753 87.3062 -177.663 -1.63408 4.7282 11.7973 0 4.78511 -1.08482 -1.19458 -0.11979 0.364189 0 5.29195 1.00949 -0.922619 0.578376 0.248449 -9.66735e-18 5.64355 0.108362 -0.613873 1.69132 0.309157 -1.04072e-17 6.12977 -0.417886 -0.310079 3.27961 0.350454 -1.85891e-17 7.16586 -1.41888 0.10675 3.68023 0.357846 -2.38665e-17 8.94839 -0.861631 0.58867 4.02804 0.0867713 -2.73615e-17 9.94144 1.48576 -0.0848358 0.502855 0.0464314 -1.21725e-17 4.50977 0.67399 -0.542648 -1.36596 -9.02162 -1.70689e-17 4.54241 0.39741 3.43452 -10.5347 -4.34324 -1.89342e-17 4.5512 0.720839 4.52514 -12.4308 -0.242659 1.16172 -7.16758 7.09827 -1.42432 0.494602 -0.511703 12.2059 3.06167 -3.07978 -73.5707 6.3766 -12.52 27.5197 0.056351 0.129118 2.90685 -0.345424 -14.1421 22.8331 0.0467536 0.107129 2.48759 -29.7721 -1.96212 -1.16172 -7.16756 7.09818 2.18126 1.98204 -0.348703 -12.2059 3.06167 -3.07978 77.2927 15.6146 11.0584 -27.5197 0.056351 0.129118 -2.74915 -0.307543 13.3602 -22.8331 0.0467534 0.107129 1.03942 -12.7633 2.34339 8.70282 -3.96247 1.9152 3.91274 -6.2116 -3.76894 -0.803084 -36.5309 -0.617314 -3.30732 12.2378 0.140154 -2.19176 -38.0664 -5.69911 0.902439 -5.98431 15.739 0.734061 -9.31305 11.7736 3.96303e-16 -7.83531e-16 8.16065e-19 -8.70282 -3.96247 1.9152 -0.787556 -11.8239 13.3201 0.803084 -36.5309 -0.617314 2.52367 9.38341 -0.0429767 2.19176 -38.0664 -5.69911 -4.59046 -2.16694 -15.1089 -0.734061 -9.31305 11.7736 -9.15581e-16 -5.49922e-16 -1.27255e-14 
-3.71356 87.7173 -177.376 -1.61517 4.24509 11.3511 0 4.78511 -1.08482 -1.2085 -0.130788 0.405174 0 5.29195 1.00949 -0.937878 0.579247 0.281268 -9.66735e-18 5.64355 0.108362 -0.62977 1.69729 0.33939 -1.04072e-17 6.12977 -0.417886 -0.328539 3.28743 0.380086 -1.85891e-17 7.16586 -1.41888 0.0948386 3.68695 0.391136 -2.38665e-17 8.94839 -0.861631 0.590855 4.04575 0.11796 -2.73615e-17 9.94144 1.48576 -0.0865682 0.502388 0.0452119 -1.21725e-17 4.50977 0.67399 -0.589647 -1.63687 -8.923 -1.70689e-17 4.54241 0.39741 3.44006 -10.2995 -4.28872 -1.89342e-17 4.5512 0.720839 4.58687 -11.9696 -0.170003 1.16172 -7.16758 7.09827 -1.61279 0.628131 -0.629327 12.2059 3.06167 -3.07978 -73.8898 6.17142 -12.0613 27.5197 0.056351 0.129118 2.76089 -0.310426 -13.4193 22.8331 0.0467536 0.107129 2.59547 -28.8296 -1.70703 -1.16172 -7.16756 7.09818 2.60356 2.12 -0.266236 -12.2059 3.06167 -3.07978 77.5264 15.9582 11.058 -27.5197 0.056351 0.129118 -2.61679 -0.277622 12.7067 -22.8331 0.0467534 0.107129 1.09977 -13.4437 2.49805 8.70282 -3.96247 1.9152 4.04741 -5.22582 -3.42722 -0.803084 -36.5309 -0.617314 -3.11235 11.5321 0.112325 -2.19176 -38.0664 -5.69911 -0.0653136 -4.33899 15.7466 0.734061 -9.31305 11.7736 7.70763e-17 -7.9269e-16 9.97585e-18 -8.70282 -3.96247 1.9152 -0.615404 -11.2692 13.6228 0.803084 -36.5309 -0.617314 2.48971 9.25873 -0.0396534 2.19176 -38.0664 -5.69911 -3.70922 -0.506501 -14.9614 -0.734061 -9.31305 11.7736 1.46556e-16 -5.93906e-16 -1.27703e-14 
-3.78685 88.0866 -177.14 -1.77431 3.8593 10.8482 0 4.78511 -1.08482 -1.15914 -0.178793 0.428749 0 5.29195 1.00949 -0.896289 0.55437 0.303145 -9.66735e-18 5.64355 0.108362 -0.599461 1.6878 0.359783 -1.04072e-17 6.12977 -0.417886 -0.309925 3.29516 0.400098 -1.85891e-17 7.16586 -1.41888 0.107946 3.70189 0.409854 -2.38665e-17 8.94839 -0.861631 0.603285 4.07316 0.131625 -2.73615e-17 9.94144 1.48576 -0.0859593 0.499542 0.0414616 -1.21725e-17 4.50977 0.67399 -0.59177 -1.86237 -8.70653 -1.70689e-17 4.54241 0.39741 3.459 -10.0602 -4.17746 -1.89342e-17 4.5512 0.720839 4.51002 -11.5324 -0.112482 1.16172 -7.16758 7.09827 -1.73835 0.742024 -0.723344 12.2059 3.06167 -3.07978 -74.4105 6.19018 -11.6216 27.5197 0.056351 0.129118 2.58657 -0.271165 -12.5588 22.8331 0.0467536 0.107129 2.72781 -27.9631 -1.50909 -1.16172 -7.16756 7.09818 2.91459 2.20544 -0.21387 -12.2059 3.06167 -3.07978 77.8435 16.1272 11.0982 -27.5197 0.056351 0.129118 -2.48314 -0.249016 12.0484 -22.8331 0.0467534 0.107129 0.979426 -13.5103 2.56396 8.70282 -3.96247 1.9152 4.34224 -4.49034 -3.30938 -0.803084 -36.5309 -0.617314 -2.9728 11.0251 0.0938873 -2.19176 -38.0664 -5.69911 -0.851798 -2.91882 15.7751 0.734061 -9.31305 11.7736 7.67759e-16 -7.60315e-16 -2.23999e-17 -8.70282 -3.96247 1.9152 -0.2542 -10.6869 13.9008 0.803084 -36.5309 -0.617314 2.35938 8.77953 -0.0275875 2.19176 -38.0664 -5.69911 -2.97439 1.1389 -14.8258 -0.734061 -9.31305 11.7736 -6.48582e-16 -5.5745e-16 -1.27446e-14 
-3.85438 88.4036 -176.873 -2.01805 3.44284 10.2825 0 4.78511 -1.08482 -1.04944 -0.198054 0.440611 0 5.29195 1.00949 -0.804835 0.543945 0.320107 -9.66735e-18 5.64355 0.108362 -0.532875 1.67263 0.375206 -1.04072e-17 6.12977 -0.417886 -0.267637 3.26576 0.414834 -1.85891e-17 7.16586 -1.41888 0.131168 3.66069 0.419844 -2.38665e-17 8.94839 -0.861631 0.60974 4.03369 0.138855 -2.73615e-17 9.94144 1.48576 -0.0851946 0.503772 0.0375094 -1.21725e-17 4.50977 0.67399 -0.601247 -2.11384 -8.50096 -1.70689e-17 4.54241 0.39741 3.42094 -9.72146 -4.0697 -1.89342e-17 4.5512 0.720839 4.42319 -10.9665 0.0559433 1.16172 -7.16758 7.09827 -1.95209 0.92566 -0.890592 12.2059 3.06167 -3.07978 -74.9588 6.28137 -11.0645 27.5197 0.056351 0.129118 2.39204 -0.230585 -11.6017 22.8331 0.0467536 0.107129 2.79583 -27.1542 -1.43369 -1.16172 -7.16756 7.09818 3.18153 2.33777 -0.146678 -12.2059 3.06167 -3.07978 78.087 16.4009 11.0143 -27.5197 0.056351 0.129118 -2.33713 -0.219591 11.331 -22.8331 0.0467534 0.107129 0.891562 -13.5295 2.65963 8.70282 -3.96247 1.9152 4.74374 -3.63815 -2.97863 -0.803084 -36.5309 -0.617314 -2.81892 10.4642 0.0749911 -2.19176 -38.0664 -5.69911 -1.60336 -1.76504 15.8276 0.734061 -9.31305 11.7736 5.09622e-17 -7.94323e-16 1.1608e-17 -8.70282 -3.96247 1.9152 0.21641 -10.0391 14.1491 0.803084 -36.5309 -0.617314 2.21501 8.24756 -0.0155012 2.19176 -38.0664 -5.69911 -2.39088 2.66432 -14.7004 -0.734061 -9.31305 11.7736 -1.36538e-15 -5.3505e-16 -1.27106e-14 
-3.93173 88.6409 -176.591 -2.2558 2.84468 9.69353 0 4.78511 -1.08482 -0.899018 -0.226412 0.447761 0 5.29195 1.00949 -0.67944 0.53866 0.337206 -9.66735e-18 5.64355 0.108362 -0.44059 1.67914 0.390419 -1.04072e-17 6.12977 -0.417886 -0.207721 3.28306 0.429529 -1.85891e-17 7.16586 -1.41888 0.164669 3.68123 0.427996 -2.38665e-17 8.94839 -0.861631 0.617945 4.06965 0.144781 -2.73615e-17 9.94144 1.48576 -0.0839646 0.50027 0.0328283 -1.21725e-17 4.50977 0.67399 -0.610838 -2.35964 -8.32245 -1.70689e-17 4.54241 0.39741 3.35298 -9.4247 -3.97682 -1.89342e-17 4.5512 0.720839 4.32934 -10.3697 0.286675 1.16172 -7.16758 7.09827 -2.19158 1.09314 -1.05713 12.2059 3.06167 -3.07978 -75.5817 6.52478 -10.4859 27.5197 0.056351 0.129118 2.2021 -0.194218 -10.6701 22.8331 0.0467536 0.107129 2.79749 -26.5579 -1.41303 -1.16172 -7.16756 7.09818 3.47386 2.44971 -0.0915844 -12.2059 3.06167 -3.07978 78.2106 16.7008 10.9246 -27.5197 0.056351 0.129118 -2.1827 -0.190532 10.574 -22.8331 0.0467534 0.107129 0.847856 -13.5102 2.75752 8.70282 -3.96247 1.9152 5.23094 -2.66959 -2.14868 -0.803084 -36.5309 -0.617314 -2.72795 10.1318 0.0645317 -2.19176 -38.0664 -5.69911 -2.3729 -0.92334 15.9155 0.734061 -9.31305 11.7736 5.0076e-16 -7.7945e-16 -3.26426e-18 -8.70282 -3.96247 1.9152 0.728472 -9.10583 14.4939 0.803084 -36.5309 -0.617314 2.06296 7.68606 -0.00422893 2.19176 -38.0664 -5.69911 -2.01295 3.75709 -14.6008 -0.734061 -9.31305 11.7736 -9.93923e-16 -5.46658e-16 -1.27222e-14 
-4.00349 88.7778 -176.354 -2.46414 2.25713 9.19419 0 4.78511 -1.08482 -0.758978 -0.141866 0.434223 0 5.29195 1.00949 -0.556257 0.604987 0.331628 -9.66735e-18 5.64355 0.108362 -0.34553 1.71367 0.384109 -1.04072e-17 6.12977 -0.417886 -0.139311 3.26014 0.42279 -1.85891e-17 7.16586 -1.41888 0.206794 3.61724 0.412775 -2.38665e-17 8.94839 -0.861631 0.630675 3.99321 0.123608 -2.73615e-17 9.94144 1.48576 -0.0830244 0.503212 0.0292024 -1.21725e-17 4.50977 0.67399 -0.597362 -2.55629 -8.11159 -1.70689e-17 4.54241 0.39741 3.27308 -9.13314 -3.86898 -1.89342e-17 4.5512 0.720839 4.22796 -9.7882 0.500087 1.16172 -7.16758 7.09827 -2.35499 1.30352 -1.18899 12.2059 3.06167 -3.07978 -76.324 6.96346 -9.7557 27.5197 0.056351 0.129118 2.04696 -0.166882 -9.91119 22.8331 0.0467536 0.107129 2.77051 -26.3302 -1.49594 -1.16172 -7.16756 7.09818 3.69815 2.59522 -0.0275973 -12.2059 3.06167 -3.07978 78.4046 16.7523 10.7331 -27.5197 0.056351 0.129118 -2.0408 -0.165687 9.87999 -22.8331 0.0467534 0.107129 0.720111 -13.1814 2.92914 8.70282 -3.96247 1.9152 5.63959 -1.79328 -1.04222 -0.803084 -36.5309 -0.617314 -2.6859 9.97802 0.0598765 -2.19176 -38.0664 -5.69911 -2.72753 -0.400947 15.9581 0.734061 -9.31305 11.7736 1.61513e-15 -7.33018e-16 -4.96962e-17 -8.70282 -3.96247 1.9152 1.38865 -7.97499 14.8244 0.803084 -36.5309 -0.617314 1.92611 7.17969 0.00463595 2.19176 -38.0664 -5.69911 -2.34761 2.62451 -14.6207 -0.734061 -9.31305 11.7736 -9.67809e-16 -5.47474e-16 -1.27239e-14 
-4.0236 88.8835 -176.221 -2.64861 1.998 8.69027 0 4.78511 -1.08482 -0.638102 0.0168566 0.406276 0 5.29195 1.00949 -0.446508 0.702397 0.309407 -9.66735e-18 5.64355 0.108362 -0.259136 1.72656 0.362718 -1.04072e-17 6.12977 -0.417886 -0.0745315 3.1357 0.400889 -1.85891e-17 7.16586 -1.41888 0.246902 3.4034 0.381041 -2.38665e-17 8.94839 -0.861631 0.638986 3.73132 0.0837998 -2.73615e-17 9.94144 1.48576 -0.0820708 0.521955 0.0284284 -1.21725e-17 4.50977 0.67399 -0.581598 -2.83539 -7.83769 -1.70689e-17 4.54241 0.39741 3.22088 -8.77474 -3.72754 -1.89342e-17 4.5512 0.720839 4.07527 -9.17127 0.679118 1.16172 -7.16758 7.09827 -2.48591 1.60428 -1.33243 12.2059 3.06167 -3.07978 -77.128 7.41291 -8.83342 27.5197 0.056351 0.129118 1.94099 -0.149423 -9.39374 22.8331 0.0467536 0.107129 2.64305 -26.4443 -1.73201 -1.16172 -7.16756 7.09818 3.87103 2.84291 0.060278 -12.2059 3.06167 -3.07978 78.5865 16.8799 10.372 -27.5197 0.056351 0.129118 -1.93372 -0.148108 9.35716 -22.8331 0.0467534 0.107129 0.558199 -12.8198 3.27711 8.70282 -3.96247 1.9152 5.85762 -1.03178 0.14334 -0.803084 -36.5309 -0.617314 -2.52981 9.40596 0.0435865 -2.19176 -38.0664 -5.69911 -2.89689 -0.0286258 15.9599 0.734061 -9.31305 11.7736 1.40621e-15 -7.41995e-16 -4.07194e-17 -8.70282 -3.96247 1.9152 2.26576 -7.19569 15.2209 0.803084 -36.5309 -0.617314 1.88236 7.01761 0.00721392 2.19176 -38.0664 -5.69911 -3.68784 -1.14498 -14.7993 -0.734061 -9.31305 11.7736 -5.96354e-16 -5.59082e-16 -1.27471e-14 
-4.07609 88.945 -176.223 -2.7131 1.89804 8.24225 0 4.78511 -1.08482 -0.592719 0.131756 0.376333 0 5.29195 1.00949 -0.40061 0.769984 0.277495 -9.66735e-18 5.64355 0.108362 -0.222245 1.72383 0.330883 -1.04072e-17 6.12977 -0.417886 -0.0459515 3.02088 0.368154 -1.85891e-17 7.16586 -1.41888 0.260852 3.21796 0.343183 -2.38665e-17 8.94839 -0.861631 0.631913 3.50309 0.0412394 -2.73615e-17 9.94144 1.48576 -0.0819396 0.537264 0.0274199 -1.21725e-17 4.50977 0.67399 -0.598425 -3.2004 -7.60428 -1.70689e-17 4.54241 0.39741 3.16675 -8.41509 -3.60748 -1.89342e-17 4.5512 0.720839 4.09968 -8.50731 0.832418 1.16172 -7.16758 7.09827 -2.63329 1.88163 -1.45184 12.2059 3.06167 -3.07978 -77.8431 7.71491 -8.01424 27.5197 0.056351 0.129118 1.86274 -0.13716 -9.01208 22.8331 0.0467536 0.107129 2.51449 -26.6073 -1.98473 -1.16172 -7.16756 7.09818 4.03711 3.07512 0.155286 -12.2059 3.06167 -3.07978 78.8102 17.0863 10.0385 -27.5197 0.056351 0.129118 -1.86428 -0.137244 9.0185 -22.8331 0.0467534 0.107129 0.463427 -12.4058 3.59906 8.70282 -3.96247 1.9152 5.92603 -0.579078 1.03438 -0.803084 -36.5309 -0.617314 -2.41299 8.97678 0.032419 -2.19176 -38.0664 -5.69911 -3.09728 0.183105 15.9859 0.734061 -9.31305 11.7736 -1.61766e-15 -8.71315e-16 8.86004e-17 -8.70282 -3.96247 1.9152 2.79163 -7.02492 15.5649 0.803084 -36.5309 -0.617314 1.94481 7.24893 0.00349639 2.19176 -38.0664 -5.69911 -4.6601 -3.70308 -14.9477 -0.734061 -9.31305 11.7736 -5.96354e-16 -5.59082e-16 -1.27471e-14 
-4.17275 88.9462 -176.295 -2.60454 1.8932 7.95858 0 4.78511 -1.08482 -0.63688 0.226892 0.352574 0 5.29195 1.00949 -0.430101 0.823279 0.243568 -9.66735e-18 5.64355 0.108362 -0.242648 1.71397 0.297232 -1.04072e-17 6.12977 -0.417886 -0.0582299 2.91006 0.333661 -1.85891e-17 7.16586 -1.41888 0.249775 3.04858 0.310255 -2.38665e-17 8.94839 -0.861631 0.617495 3.29589 0.00638397 -2.73615e-17 9.94144 1.48576 -0.081493 0.55237 0.02649 -1.21725e-17 4.50977 0.67399 -0.642456 -3.6154 -7.47473 -1.70689e-17 4.54241 0.39741 3.11789 -8.05472 -3.53844 -1.89342e-17 4.5512 0.720839 4.21335 -7.85157 0.91213 1.16172 -7.16758 7.09827 -2.81812 2.1659 -1.56672 12.2059 3.06167 -3.07978 -78.3049 8.07905 -7.35054 27.5197 0.056351 0.129118 1.80854 -0.128981 -8.748 22.8331 0.0467536 0.107129 2.30663 -26.9839 -2.24067 -1.16172 -7.16756 7.09818 4.23462 3.31599 0.268319 -12.2059 3.06167 -3.07978 78.9692 17.3927 9.73429 -27.5197 0.056351 0.129118 -1.83578 -0.132908 8.87962 -22.8331 0.0467534 0.107129 0.47429 -12.1942 3.86633 8.70282 -3.96247 1.9152 5.85118 -0.435025 1.81238 -0.803084 -36.5309 -0.617314 -2.37675 8.84346 0.029133 -2.19176 -38.0664 -5.69911 -3.26613 0.219939 16.0175 0.734061 -9.31305 11.7736 -2.02115e-15 -8.79844e-16 9.71299e-17 -8.70282 -3.96247 1.9152 2.86612 -7.11464 15.7249 0.803084 -36.5309 -0.617314 2.01858 7.52195 -0.00122109 2.19176 -38.0664 -5.69911 -4.96269 -4.69756 -15.017 -0.734061 -9.31305 11.7736 -5.96354e-16 -5.59082e-16 -1.27471e-14 
-4.30373 88.8296 -176.376 -2.40565 1.87731 7.77444 0 4.78511 -1.08482 -0.747405 0.315038 0.338778 0 5.29195 1.00949 -0.51437 0.868259 0.212285 -9.66735e-18 5.64355 0.108362 -0.303767 1.69934 0.266319 -1.04072e-17 6.12977 -0.417886 -0.0981106 2.79659 0.301732 -1.85891e-17 7.16586 -1.41888 0.224622 2.88093 0.284412 -2.38665e-17 8.94839 -0.861631 0.604939 3.0912 -0.0220191 -2.73615e-17 9.94144 1.48576 -0.0796462 0.569485 0.0252543 -1.21725e-17 4.50977 0.67399 -0.671558 -3.96554 -7.34295 -1.70689e-17 4.54241 0.39741 3.08239 -7.73316 -3.47166 -1.89342e-17 4.5512 0.720839 4.30704 -7.21315 0.872205 1.16172 -7.16758 7.09827 -2.96648 2.42823 -1.64861 12.2059 3.06167 -3.07978 -78.63 8.5469 -6.76007 27.5197 0.056351 0.129118 1.77504 -0.124053 -8.58484 22.8331 0.0467536 0.107129 2.07329 -27.4645 -2.42124 -1.16172 -7.16756 7.09818 4.42599 3.5285 0.36787 -12.2059 3.06167 -3.07978 79.235 17.5511 9.36555 -27.5197 0.056351 0.129118 -1.83648 -0.133014 8.88305 -22.8331 0.0467534 0.107129 0.422019 -12.017 4.07348 8.70282 -3.96247 1.9152 5.67711 -0.303019 2.38104 -0.803084 -36.5309 -0.617314 -2.36235 8.79048 0.0278511 -2.19176 -38.0664 -5.69911 -3.16542 -0.191411 16.0133 0.734061 -9.31305 11.7736 2.7034e-15 -6.75794e-16 -1.06921e-16 -8.70282 -3.96247 1.9152 2.61491 -7.24105 15.6372 0.803084 -36.5309 -0.617314 1.98701 7.40515 0.000840894 2.19176 -38.0664 -5.69911 -4.08494 -2.66113 -14.8518 -0.734061 -9.31305 11.7736 -5.70245e-16 -5.60714e-16 -1.27479e-14 
-4.41869 88.5173 -176.421 -2.35313 1.78248 7.59407 0 4.78511 -1.08482 -0.811308 0.393386 0.319496 0 5.29195 1.00949 -0.558269 0.907919 0.180317 -9.66735e-18 5.64355 0.108362 -0.332966 1.68478 0.234404 -1.04072e-17 6.12977 -0.417886 -0.113923 2.69022 0.268642 -1.85891e-17 7.16586 -1.41888 0.215755 2.72541 0.253706 -2.38665e-17 8.94839 -0.861631 0.598794 2.90291 -0.0563466 -2.73615e-17 9.94144 1.48576 -0.0781627 0.585074 0.022983 -1.21725e-17 4.50977 0.67399 -0.678725 -4.24099 -7.21265 -1.70689e-17 4.54241 0.39741 3.0748 -7.46039 -3.40631 -1.89342e-17 4.5512 0.720839 4.29721 -6.66775 0.886864 1.16172 -7.16758 7.09827 -3.11468 2.65835 -1.71745 12.2059 3.06167 -3.07978 -78.9835 8.98131 -6.16482 27.5197 0.056351 0.129118 1.755 -0.121151 -8.48726 22.8331 0.0467536 0.107129 1.88705 -27.9165 -2.56078 -1.16172 -7.16756 7.09818 4.54046 3.69599 0.419541 -12.2059 3.06167 -3.07978 79.4829 17.7506 8.9415 -27.5197 0.056351 0.129118 -1.85449 -0.135747 8.97081 -22.8331 0.0467534 0.107129 0.422198 -12.1186 4.28071 8.70282 -3.96247 1.9152 5.63313 -0.00289611 3.06115 -0.803084 -36.5309 -0.617314 -2.36439 8.79798 0.0280318 -2.19176 -38.0664 -5.69911 -2.64751 -1.55104 15.9517 0.734061 -9.31305 11.7736 1.03479e-15 -7.53602e-16 -2.9113e-17 -8.70282 -3.96247 1.9152 2.58739 -7.2506 15.5522 0.803084 -36.5309 -0.617314 1.8646 6.95179 0.00822486 2.19176 -38.0664 -5.69911 -2.82431 0.851201 -14.5914 -0.734061 -9.31305 11.7736 -1.72675e-16 -5.84746e-16 -1.27603e-14 
-4.53266 88.2293 -176.429 -2.51524 1.66777 7.34937 0 4.78511 -1.08482 -0.795064 0.376974 0.298157 0 5.29195 1.00949 -0.538941 0.889275 0.156276 -9.66735e-18 5.64355 0.108362 -0.317066 1.64907 0.209243 -1.04072e-17 6.12977 -0.417886 -0.101307 2.62486 0.242191 -1.85891e-17 7.16586 -1.41888 0.219753 2.6483 0.225307 -2.38665e-17 8.94839 -0.861631 0.589574 2.81647 -0.0853224 -2.73615e-17 9.94144 1.48576 -0.0782606 0.587975 0.0174518 -1.21725e-17 4.50977 0.67399 -0.681529 -4.47467 -7.06183 -1.70689e-17 4.54241 0.39741 3.07554 -7.24559 -3.33156 -1.89342e-17 4.5512 0.720839 4.25646 -6.23476 0.939926 1.16172 -7.16758 7.09827 -3.29144 2.80381 -1.77926 12.2059 3.06167 -3.07978 -79.3841 9.05484 -5.5979 27.5197 0.056351 0.129118 1.73718 -0.118599 -8.4005 22.8331 0.0467536 0.107129 1.78642 -28.1391 -2.68282 -1.16172 -7.16756 7.09818 4.56837 3.77105 0.388071 -12.2059 3.06167 -3.07978 79.7345 18.1536 8.53559 -27.5197 0.056351 0.129118 -1.87734 -0.139257 9.08223 -22.8331 0.0467534 0.107129 0.536554 -12.5488 4.47855 8.70282 -3.96247 1.9152 5.82844 0.337218 4.04061 -0.803084 -36.5309 -0.617314 -2.36173 8.78821 0.0277965 -2.19176 -38.0664 -5.69911 -2.17631 -2.92382 15.9087 0.734061 -9.31305 11.7736 -1.46099e-15 -8.64787e-16 8.20728e-17 -8.70282 -3.96247 1.9152 2.87068 -6.87563 15.6949 0.803084 -36.5309 -0.617314 1.74459 6.50671 0.0145188 2.19176 -38.0664 -5.69911 -2.87795 1.248 -14.5348 -0.734061 -9.31305 11.7736 1.46566e-16 -5.93906e-16 -1.27703e-14 
-4.62613 87.9387 -176.423 -2.77041 1.59734 7.00121 0 4.78511 -1.08482 -0.747474 0.322189 0.283187 0 5.29195 1.00949 -0.496623 0.841217 0.142716 -9.66735e-18 5.64355 0.108362 -0.286314 1.59244 0.194554 -1.04072e-17 6.12977 -0.417886 -0.0811414 2.55226 0.226127 -1.85891e-17 7.16586 -1.41888 0.226125 2.57643 0.206228 -2.38665e-17 8.94839 -0.861631 0.578609 2.73948 -0.10394 -2.73615e-17 9.94144 1.48576 -0.0793936 0.589495 0.0113317 -1.21725e-17 4.50977 0.67399 -0.687899 -4.74132 -6.88902 -1.70689e-17 4.54241 0.39741 3.07074 -7.00414 -3.24582 -1.89342e-17 4.5512 0.720839 4.24809 -5.7998 1.00662 1.16172 -7.16758 7.09827 -3.49199 2.92716 -1.83999 12.2059 3.06167 -3.07978 -79.7448 8.8679 -4.99045 27.5197 0.056351 0.129118 1.72723 -0.117187 -8.35209 22.8331 0.0467536 0.107129 1.7208 -28.3845 -2.81247 -1.16172 -7.16756 7.09818 4.57272 3.82596 0.329917 -12.2059 3.06167 -3.07978 79.9894 18.5779 8.08855 -27.5197 0.056351 0.129118 -1.91496 -0.145133 9.2657 -22.8331 0.0467534 0.107129 0.664231 -12.8614 4.58213 8.70282 -3.96247 1.9152 6.05971 0.720155 4.96315 -0.803084 -36.5309 -0.617314 -2.32436 8.65061 0.0245328 -2.19176 -38.0664 -5.69911 -1.67603 -4.32928 15.8804 0.734061 -9.31305 11.7736 -7.95893e-17 -8.00034e-16 1.73195e-17 -8.70282 -3.96247 1.9152 3.26919 -6.46697 16.1891 0.803084 -36.5309 -0.617314 1.64137 6.12342 0.0191832 2.19176 -38.0664 -5.69911 -3.19905 0.684348 -14.5639 -0.734061 -9.31305 11.7736 -5.70245e-16 -5.60714e-16 -1.27479e-14 
-4.68248 87.6573 -176.401 -3.02894 1.48842 6.6299 0 4.78511 -1.08482 -0.683036 0.266186 0.273019 0 5.29195 1.00949 -0.442262 0.791603 0.136627 -9.66735e-18 5.64355 0.108362 -0.247385 1.53516 0.187801 -1.04072e-17 6.12977 -0.417886 -0.0562146 2.48034 0.218316 -1.85891e-17 7.16586 -1.41888 0.235341 2.50767 0.195168 -2.38665e-17 8.94839 -0.861631 0.569532 2.66697 -0.114117 -2.73615e-17 9.94144 1.48576 -0.0798402 0.593438 0.00706917 -1.21725e-17 4.50977 0.67399 -0.698864 -5.00587 -6.73857 -1.70689e-17 4.54241 0.39741 3.05079 -6.75246 -3.17135 -1.89342e-17 4.5512 0.720839 4.2645 -5.33439 1.08698 1.16172 -7.16758 7.09827 -3.69017 3.03356 -1.88034 12.2059 3.06167 -3.07978 -80.0845 8.67698 -4.37903 27.5197 0.056351 0.129118 1.72657 -0.117094 -8.34888 22.8331 0.0467536 0.107129 1.64927 -28.829 -2.91232 -1.16172 -7.16756 7.09818 4.59521 3.87366 0.281339 -12.2059 3.06167 -3.07978 80.1434 18.7678 7.63128 -27.5197 0.056351 0.129118 -1.95756 -0.151937 9.47355 -22.8331 0.0467534 0.107129 0.761833 -12.9646 4.54775 8.70282 -3.96247 1.9152 6.25744 1.17446 5.72801 -0.803084 -36.5309 -0.617314 -2.27162 8.45628 0.0200802 -2.19176 -38.0664 -5.69911 -1.2333 -5.66366 15.8727 0.734061 -9.31305 11.7736 -1.46099e-15 -8.64787e-16 8.20728e-17 -8.70282 -3.96247 1.9152 3.64416 -5.96169 16.7196 0.803084 -36.5309 -0.617314 1.52395 5.68696 0.0236455 2.19176 -38.0664 -5.69911 -3.52907 -0.0615127 -14.6167 -0.734061 -9.31305 11.7736 -2.24894e-16 -5.82298e-16 -1.27587e-14 
-4.69975 87.3926 -176.324 -3.22273 1.41149 6.30738 0 4.78511 -1.08482 -0.608755 0.18548 0.27311 0 5.29195 1.00949 -0.382434 0.7223 0.143084 -9.66735e-18 5.64355 0.108362 -0.204943 1.46496 0.19444 -1.04072e-17 6.12977 -0.417886 -0.0296191 2.40602 0.224405 -1.85891e-17 7.16586 -1.41888 0.247257 2.44301 0.198141 -2.38665e-17 8.94839 -0.861631 0.566212 2.60051 -0.110713 -2.73615e-17 9.94144 1.48576 -0.0787858 0.599544 0.00468176 -1.21725e-17 4.50977 0.67399 -0.692025 -5.12377 -6.61622 -1.70689e-17 4.54241 0.39741 3.0351 -6.53425 -3.11084 -1.89342e-17 4.5512 0.720839 4.21489 -4.97655 1.10628 1.16172 -7.16758 7.09827 -3.78906 3.08228 -1.85024 12.2059 3.06167 -3.07978 -80.4649 8.61048 -3.74465 27.5197 0.056351 0.129118 1.73355 -0.118083 -8.38285 22.8331 0.0467536 0.107129 1.44933 -29.7855 -3.08113 -1.16172 -7.16756 7.09818 4.57839 3.89083 0.192349 -12.2059 3.06167 -3.07978 80.2388 18.8479 7.15832 -27.5197 0.056351 0.129118 -1.97773 -0.155212 9.57197 -22.8331 0.0467534 0.107129 0.816646 -12.9925 4.47027 8.70282 -3.96247 1.9152 6.36602 1.61679 6.20748 -0.803084 -36.5309 -0.617314 -2.2172 8.25565 0.0156752 -2.19176 -38.0664 -5.69911 -0.900602 -6.86637 15.8797 0.734061 -9.31305 11.7736 2.48481e-17 -7.95139e-16 1.2424e-17 -8.70282 -3.96247 1.9152 3.91623 -5.37875 17.122 0.803084 -36.5309 -0.617314 1.36685 5.10227 0.028211 2.19176 -38.0664 -5.69911 -3.90236 -0.913959 -14.6838 -0.734061 -9.31305 11.7736 -5.96354e-16 -5.59082e-16 -1.27471e-14 
-4.69859 87.1613 -176.221 -3.32267 1.36141 6.07668 0 4.78511 -1.08482 -0.537288 0.11622 0.277755 0 5.29195 1.00949 -0.327308 0.658024 0.155105 -9.66735e-18 5.64355 0.108362 -0.166986 1.39644 0.206634 -1.04072e-17 6.12977 -0.417886 -0.00747559 2.32975 0.236508 -1.85891e-17 7.16586 -1.41888 0.2554 2.37294 0.20733 -2.38665e-17 8.94839 -0.861631 0.56096 2.52713 -0.100201 -2.73615e-17 9.94144 1.48576 -0.0777408 0.60945 0.00541955 -1.21725e-17 4.50977 0.67399 -0.695776 -5.12387 -6.58538 -1.70689e-17 4.54241 0.39741 2.9897 -6.35102 -3.09469 -1.89342e-17 4.5512 0.720839 4.16797 -4.68953 1.13589 1.16172 -7.16758 7.09827 -3.85405 3.10063 -1.78632 12.2059 3.06167 -3.07978 -80.8216 8.58448 -3.09105 27.5197 0.056351 0.129118 1.75384 -0.120984 -8.4816 22.8331 0.0467536 0.107129 1.18554 -31.3035 -3.36572 -1.16172 -7.16756 7.09818 4.575 3.90914 0.1125 -12.2059 3.06167 -3.07978 80.2889 18.8453 6.67228 -27.5197 0.056351 0.129118 -1.9808 -0.155714 9.58696 -22.8331 0.0467534 0.107129 0.824107 -12.8109 4.36986 8.70282 -3.96247 1.9152 6.34836 2.05837 6.40738 -0.803084 -36.5309 -0.617314 -2.13973 7.96969 0.00973337 -2.19176 -38.0664 -5.69911 -0.650018 -7.84852 15.8959 0.734061 -9.31305 11.7736 2.48481e-17 -7.95139e-16 1.2424e-17 -8.70282 -3.96247 1.9152 4.06004 -4.88393 17.1574 0.803084 -36.5309 -0.617314 1.22899 4.58862 0.0308914 2.19176 -38.0664 -5.69911 -4.26323 -1.73054 -14.7481 -0.734061 -9.31305 11.7736 -5.96354e-16 -5.59082e-16 -1.27471e-14 
-4.70498 86.9566 -176.115 -3.36448 1.2936 6.02495 0 4.78511 -1.08482 -0.473659 0.0817229 0.27892 0 5.29195 1.00949 -0.278179 0.615919 0.163524 -9.66735e-18 5.64355 0.108362 -0.13331 1.33977 0.21505 -1.04072e-17 6.12977 -0.417886 0.011802 2.24828 0.244597 -1.85891e-17 7.16586 -1.41888 0.260934 2.28551 0.212492 -2.38665e-17 8.94839 -0.861631 0.553019 2.43101 -0.0924182 -2.73615e-17 9.94144 1.48576 -0.0770005 0.623808 0.00806853 -1.21725e-17 4.50977 0.67399 -0.700508 -4.98769 -6.63748 -1.70689e-17 4.54241 0.39741 2.91002 -6.19421 -3.1189 -1.89342e-17 4.5512 0.720839 4.10118 -4.4942 1.13295 1.16172 -7.16758 7.09827 -3.88516 3.1151 -1.72274 12.2059 3.06167 -3.07978 -81.0824 8.6375 -2.48077 27.5197 0.056351 0.129118 1.78553 -0.125585 -8.63591 22.8331 0.0467536 0.107129 1.00042 -32.3974 -3.60405 -1.16172 -7.16756 7.09818 4.55122 3.93271 0.0389651 -12.2059 3.06167 -3.07978 80.3461 18.7349 6.13558 -27.5197 0.056351 0.129118 -1.97757 -0.155186 9.57119 -22.8331 0.0467534 0.107129 0.806005 -12.6406 4.26097 8.70282 -3.96247 1.9152 6.29149 2.446 6.46686 -0.803084 -36.5309 -0.617314 -2.07323 7.72401 0.00494335 -2.19176 -38.0664 -5.69911 -0.398225 -8.6583 15.9072 0.734061 -9.31305 11.7736 2.48481e-17 -7.95139e-16 1.2424e-17 -8.70282 -3.96247 1.9152 4.13987 -4.39085 16.8545 0.803084 -36.5309 -0.617314 1.09175 4.07684 0.0323279 2.19176 -38.0664 -5.69911 -4.62561 -2.36158 -14.7923 -0.734061 -9.31305 11.7736 -5.96354e-16 -5.59082e-16 -1.27471e-14 
-4.73619 86.8009 -176.017 -3.40483 1.33179 6.02584 0 4.78511 -1.08482 -0.426336 0.0238465 0.277163 0 5.29195 1.00949 -0.239844 0.557587 0.16714 -9.66735e-18 5.64355 0.108362 -0.105564 1.27512 0.219275 -1.04072e-17 6.12977 -0.417886 0.0299764 2.16922 0.248168 -1.85891e-17 7.16586 -1.41888 0.269825 2.20719 0.213034 -2.38665e-17 8.94839 -0.861631 0.552221 2.34652 -0.0915654 -2.73615e-17 9.94144 1.48576 -0.0757457 0.636925 0.010143 -1.21725e-17 4.50977 0.67399 -0.673941 -4.77403 -6.65742 -1.70689e-17 4.54241 0.39741 2.84633 -6.08722 -3.12753 -1.89342e-17 4.5512 0.720839 3.95996 -4.41548 1.09735 1.16172 -7.16758 7.09827 -3.83024 3.0964 -1.63731 12.2059 3.06167 -3.07978 -81.2451 8.8537 -1.98876 27.5197 0.056351 0.129118 1.82326 -0.131177 -8.81967 22.8331 0.0467536 0.107129 0.855061 -32.4645 -3.71297 -1.16172 -7.16756 7.09818 4.4855 3.93447 -0.0490262 -12.2059 3.06167 -3.07978 80.4692 18.5515 5.63216 -27.5197 0.056351 0.129118 -1.96614 -0.153325 9.5154 -22.8331 0.0467534 0.107129 0.731033 -12.5035 4.19274 8.70282 -3.96247 1.9152 6.25356 2.66735 6.27056 -0.803084 -36.5309 -0.617314 -2.01285 7.50073 0.000842161 -2.19176 -38.0664 -5.69911 -0.173514 -9.2541 15.9118 0.734061 -9.31305 11.7736 2.48481e-17 -7.95139e-16 1.2424e-17 -8.70282 -3.96247 1.9152 4.2191 -3.97503 16.6893 0.803084 -36.5309 -0.617314 0.9258 3.45754 0.0324229 2.19176 -38.0664 -5.69911 -4.88108 -2.76419 -14.8315 -0.734061 -9.31305 11.7736 -6.22463e-16 -5.58266e-16 -1.27454e-14 
-4.78918 86.7216 -175.937 -3.42984 1.34665 6.03991 0 4.78511 -1.08482 -0.391083 -0.0438012 0.262488 0 5.29195 1.00949 -0.208802 0.498708 0.156607 -9.66735e-18 5.64355 0.108362 -0.0817714 1.21889 0.20922 -1.04072e-17 6.12977 -0.417886 0.0475839 2.11294 0.237419 -1.85891e-17 7.16586 -1.41888 0.278407 2.15951 0.199195 -2.38665e-17 8.94839 -0.861631 0.549179 2.29744 -0.105192 -2.73615e-17 9.94144 1.48576 -0.0761635 0.646277 0.0121038 -1.21725e-17 4.50977 0.67399 -0.654049 -4.59193 -6.6732 -1.70689e-17 4.54241 0.39741 2.75879 -5.99016 -3.13538 -1.89342e-17 4.5512 0.720839 3.85513 -4.34254 1.14918 1.16172 -7.16758 7.09827 -3.75571 3.05191 -1.54199 12.2059 3.06167 -3.07978 -81.326 8.99915 -1.65315 27.5197 0.056351 0.129118 1.85776 -0.1364 -8.98784 22.8331 0.0467536 0.107129 0.88038 -31.5602 -3.63263 -1.16172 -7.16756 7.09818 4.44466 3.91629 -0.114632 -12.2059 3.06167 -3.07978 80.5845 18.2144 5.1916 -27.5197 0.056351 0.129118 -1.95592 -0.151672 9.46554 -22.8331 0.0467534 0.107129 0.666671 -12.2833 4.10441 8.70282 -3.96247 1.9152 6.25234 2.83086 5.89796 -0.803084 -36.5309 -0.617314 -1.96722 7.33188 -0.00210041 -2.19176 -38.0664 -5.69911 -0.142044 -9.5541 15.9215 0.734061 -9.31305 11.7736 2.48481e-17 -7.95139e-16 1.2424e-17 -8.70282 -3.96247 1.9152 4.27724 -3.62918 16.6763 0.803084 -36.5309 -0.617314 0.785389 2.93325 0.0310995 2.19176 -38.0664 -5.69911 -4.99006 -2.90479 -14.8503 -0.734061 -9.31305 11.7736 -9.67814e-16 -5.47474e-16 -1.27239e-14 
-4.85525 86.7013 -175.88 -3.46717 1.36885 5.96483 0 4.78511 -1.08482 -0.330059 -0.144414 0.245847 0 5.29195 1.00949 -0.155822 0.424118 0.147299 -9.66735e-18 5.64355 0.108362 -0.0403168 1.1654 0.20077 -1.04072e-17 6.12977 -0.417886 0.0785804 2.09183 0.229012 -1.85891e-17 7.16586 -1.41888 0.29661 2.16366 0.186022 -2.38665e-17 8.94839 -0.861631 0.551473 2.31197 -0.119474 -2.73615e-17 9.94144 1.48576 -0.0772176 0.647441 0.0140858 -1.21725e-17 4.50977 0.67399 -0.626703 -4.44668 -6.61533 -1.70689e-17 4.54241 0.39741 2.68819 -5.92056 -3.10965 -1.89342e-17 4.5512 0.720839 3.65831 -4.31619 1.21865 1.16172 -7.16758 7.09827 -3.61858 2.9605 -1.4161 12.2059 3.06167 -3.07978 -81.4565 9.06165 -1.44351 27.5197 0.056351 0.129118 1.88602 -0.140753 -9.12558 22.8331 0.0467536 0.107129 1.00653 -30.3453 -3.44392 -1.16172 -7.16756 7.09818 4.45357 3.86748 -0.181001 -12.2059 3.06167 -3.07978 80.5707 17.8579 4.88776 -27.5197 0.056351 0.129118 -1.93962 -0.149051 9.38598 -22.8331 0.0467534 0.107129 0.626668 -11.9762 3.98075 8.70282 -3.96247 1.9152 6.30615 2.91796 5.60728 -0.803084 -36.5309 -0.617314 -1.94394 7.24571 -0.0035494 -2.19176 -38.0664 -5.69911 -0.228672 -9.64328 15.9264 0.734061 -9.31305 11.7736 2.48481e-17 -7.95139e-16 1.2424e-17 -8.70282 -3.96247 1.9152 4.35376 -3.38368 16.8347 0.803084 -36.5309 -0.617314 0.666922 2.49077 0.0289822 2.19176 -38.0664 -5.69911 -5.03918 -2.80359 -14.8473 -0.734061 -9.31305 11.7736 -5.96354e-16 -5.59082e-16 -1.27471e-14 
-4.91083 86.7407 -175.827 -3.50325 1.45063 5.80143 0 4.78511 -1.08482 -0.254743 -0.295701 0.230425 0 5.29195 1.00949 -0.0921452 0.317961 0.1413 -9.66735e-18 5.64355 0.108362 0.00868449 1.10253 0.195641 -1.04072e-17 6.12977 -0.417886 0.114161 2.10129 0.224512 -1.85891e-17 7.16586 -1.41888 0.317034 2.21953 0.17637 -2.38665e-17 8.94839 -0.861631 0.554353 2.39086 -0.129908 -2.73615e-17 9.94144 1.48576 -0.0778471 0.639171 0.0149489 -1.21725e-17 4.50977 0.67399 -0.600979 -4.33201 -6.50705 -1.70689e-17 4.54241 0.39741 2.61434 -5.88328 -3.06125 -1.89342e-17 4.5512 0.720839 3.45073 -4.34033 1.31193 1.16172 -7.16758 7.09827 -3.45762 2.82893 -1.26944 12.2059 3.06167 -3.07978 -81.6311 9.07645 -1.30498 27.5197 0.056351 0.129118 1.89861 -0.142716 -9.18698 22.8331 0.0467536 0.107129 1.09035 -29.4892 -3.29644 -1.16172 -7.16756 7.09818 4.48403 3.78665 -0.258249 -12.2059 3.06167 -3.07978 80.4812 17.5401 4.70899 -27.5197 0.056351 0.129118 -1.91307 -0.144834 9.25644 -22.8331 0.0467534 0.107129 0.598008 -11.5596 3.87158 8.70282 -3.96247 1.9152 6.34145 2.94041 5.60141 -0.803084 -36.5309 -0.617314 -1.91566 7.14096 -0.00526285 -2.19176 -38.0664 -5.69911 -0.326152 -9.47402 15.9234 0.734061 -9.31305 11.7736 -1.25653e-18 -7.95954e-16 1.32398e-17 -8.70282 -3.96247 1.9152 4.41276 -3.3308 17.0856 0.803084 -36.5309 -0.617314 0.586774 2.19136 0.0270306 2.19176 -38.0664 -5.69911 -4.97762 -2.50385 -14.8263 -0.734061 -9.31305 11.7736 -5.70249e-16 -5.60713e-16 -1.27479e-14 
-4.94098 86.824 -175.744 -3.57971 1.59494 5.59792 0 4.78511 -1.08482 -0.167142 -0.478281 0.213979 0 5.29195 1.00949 -0.0193123 0.186998 0.135634 -9.66735e-18 5.64355 0.108362 0.0637782 1.02115 0.190761 -1.04072e-17 6.12977 -0.417886 0.153128 2.10547 0.220227 -1.85891e-17 7.16586 -1.41888 0.337318 2.27852 0.166274 -2.38665e-17 8.94839 -0.861631 0.553855 2.47628 -0.140572 -2.73615e-17 9.94144 1.48576 -0.0781338 0.629179 0.0163107 -1.21725e-17 4.50977 0.67399 -0.585166 -4.32539 -6.3442 -1.70689e-17 4.54241 0.39741 2.52977 -5.8204 -2.98775 -1.89342e-17 4.5512 0.720839 3.26484 -4.26448 1.37573 1.16172 -7.16758 7.09827 -3.33845 2.71268 -1.1322 12.2059 3.06167 -3.07978 -81.8194 8.97795 -1.12303 27.5197 0.056351 0.129118 1.90007 -0.142944 -9.19409 22.8331 0.0467536 0.107129 1.12605 -29.1862 -3.1949 -1.16172 -7.16756 7.09818 4.58041 3.71636 -0.318986 -12.2059 3.06167 -3.07978 80.3347 17.1478 4.56421 -27.5197 0.056351 0.129118 -1.88672 -0.140709 9.12792 -22.8331 0.0467534 0.107129 0.524949 -10.8323 3.71096 8.70282 -3.96247 1.9152 6.39972 2.91322 5.62616 -0.803084 -36.5309 -0.617314 -1.8839 7.02332 -0.00712477 -2.19176 -38.0664 -5.69911 -0.466711 -9.1478 15.9216 0.734061 -9.31305 11.7736 -3.46617e-16 -8.06747e-16 2.40323e-17 -8.70282 -3.96247 1.9152 4.49842 -3.48108 17.25 0.803084 -36.5309 -0.617314 0.562594 2.10102 0.0263596 2.19176 -38.0664 -5.69911 -4.81484 -2.07338 -14.7937 -0.734061 -9.31305 11.7736 -2.24889e-16 -5.82298e-16 -1.27587e-14 
-4.94207 86.9245 -175.611 -3.68014 1.69256 5.3732 0 4.78511 -1.08482 -0.0731806 -0.655457 0.201419 0 5.29195 1.00949 0.0585307 0.0568791 0.133738 -9.66735e-18 5.64355 0.108362 0.121917 0.935451 0.189486 -1.04072e-17 6.12977 -0.417886 0.192904 2.09597 0.219329 -1.85891e-17 7.16586 -1.41888 0.357095 2.31928 0.159405 -2.38665e-17 8.94839 -0.861631 0.552039 2.54198 -0.147396 -2.73615e-17 9.94144 1.48576 -0.0785797 0.622053 0.0182492 -1.21725e-17 4.50977 0.67399 -0.581162 -4.40119 -6.19755 -1.70689e-17 4.54241 0.39741 2.44004 -5.69967 -2.92076 -1.89342e-17 4.5512 0.720839 3.10704 -4.04851 1.45281 1.16172 -7.16758 7.09827 -3.2994 2.63924 -1.03838 12.2059 3.06167 -3.07978 -81.9308 8.85322 -0.876342 27.5197 0.056351 0.129118 1.8872 -0.140938 -9.13138 22.8331 0.0467536 0.107129 1.09133 -29.3935 -3.14504 -1.16172 -7.16756 7.09818 4.70599 3.68564 -0.358586 -12.2059 3.06167 -3.07978 80.1337 16.8113 4.40679 -27.5197 0.056351 0.129118 -1.84807 -0.13477 8.93954 -22.8331 0.0467534 0.107129 0.463489 -9.95805 3.55709 8.70282 -3.96247 1.9152 6.46496 2.96967 5.69319 -0.803084 -36.5309 -0.617314 -1.84567 6.88163 -0.00927929 -2.19176 -38.0664 -5.69911 -0.565701 -8.72995 15.9182 0.734061 -9.31305 11.7736 5.09527e-17 -7.94323e-16 1.16083e-17 -8.70282 -3.96247 1.9152 4.60577 -3.63326 17.3968 0.803084 -36.5309 -0.617314 0.570258 2.12965 0.0265764 2.19176 -38.0664 -5.69911 -4.64433 -1.58342 -14.7497 -0.734061 -9.31305 11.7736 -5.96354e-16 -5.59082e-16 -1.27471e-14 
-4.91927 87.0202 -175.441 -3.76445 1.78457 5.20524 0 4.78511 -1.08482 0.0109894 -0.849996 0.185458 0 5.29195 1.00949 0.129129 -0.0850453 0.127279 -9.66735e-18 5.64355 0.108362 0.175074 0.844161 0.183634 -1.04072e-17 6.12977 -0.417886 0.230072 2.09005 0.213625 -1.85891e-17 7.16586 -1.41888 0.375888 2.36958 0.147965 -2.38665e-17 8.94839 -0.861631 0.550443 2.62046 -0.159137 -2.73615e-17 9.94144 1.48576 -0.0787402 0.614393 0.0193655 -1.21725e-17 4.50977 0.67399 -0.572338 -4.44345 -6.07654 -1.70689e-17 4.54241 0.39741 2.35721 -5.57779 -2.86495 -1.89342e-17 4.5512 0.720839 2.96501 -3.82143 1.54127 1.16172 -7.16758 7.09827 -3.26926 2.56126 -0.938232 12.2059 3.06167 -3.07978 -82.0193 8.78388 -0.588799 27.5197 0.056351 0.129118 1.86925 -0.138161 -9.04382 22.8331 0.0467536 0.107129 0.958429 -29.9046 -3.14968 -1.16172 -7.16756 7.09818 4.80657 3.64402 -0.412252 -12.2059 3.06167 -3.07978 79.9759 16.496 4.22082 -27.5197 0.056351 0.129118 -1.803 -0.128006 8.71991 -22.8331 0.0467534 0.107129 0.38616 -9.0672 3.44238 8.70282 -3.96247 1.9152 6.49078 3.08654 5.80441 -0.803084 -36.5309 -0.617314 -1.78711 6.66448 -0.0123954 -2.19176 -38.0664 -5.69911 -0.681423 -8.31043 15.9143 0.734061 -9.31305 11.7736 3.96313e-16 -7.8353e-16 8.15769e-19 -8.70282 -3.96247 1.9152 4.67363 -3.75737 17.553 0.803084 -36.5309 -0.617314 0.586434 2.19009 0.0270214 2.19176 -38.0664 -5.69911 -4.4379 -1.17105 -14.7199 -0.734061 -9.31305 11.7736 -5.70249e-16 -5.60713e-16 -1.27479e-14 
-4.89378 87.1096 -175.275 -3.78413 1.85314 5.05792 0 4.78511 -1.08482 0.0650743 -1.00942 0.172582 0 5.29195 1.00949 0.174599 -0.201587 0.120237 -9.66735e-18 5.64355 0.108362 0.209322 0.768944 0.176945 -1.04072e-17 6.12977 -0.417886 0.253959 2.08514 0.206909 -1.85891e-17 7.16586 -1.41888 0.387568 2.41052 0.137363 -2.38665e-17 8.94839 -0.861631 0.548472 2.68441 -0.170041 -2.73615e-17 9.94144 1.48576 -0.0784403 0.607873 0.0199675 -1.21725e-17 4.50977 0.67399 -0.55968 -4.45953 -5.97133 -1.70689e-17 4.54241 0.39741 2.2883 -5.48159 -2.81603 -1.89342e-17 4.5512 0.720839 2.85192 -3.59297 1.62328 1.16172 -7.16758 7.09827 -3.25769 2.50235 -0.84813 12.2059 3.06167 -3.07978 -82.0673 8.78261 -0.303695 27.5197 0.056351 0.129118 1.85361 -0.135766 -8.96759 22.8331 0.0467536 0.107129 0.807521 -30.5374 -3.19502 -1.16172 -7.16756 7.09818 4.88181 3.61408 -0.46677 -12.2059 3.06167 -3.07978 79.8702 16.1946 4.02961 -27.5197 0.056351 0.129118 -1.75766 -0.121381 8.49914 -22.8331 0.0467534 0.107129 0.322655 -8.36597 3.40027 8.70282 -3.96247 1.9152 6.46687 3.18834 5.97153 -0.803084 -36.5309 -0.617314 -1.74649 6.51376 -0.014426 -2.19176 -38.0664 -5.69911 -0.819072 -7.88445 15.9103 0.734061 -9.31305 11.7736 2.48481e-17 -7.95139e-16 1.2424e-17 -8.70282 -3.96247 1.9152 4.67207 -3.8759 17.7015 0.803084 -36.5309 -0.617314 0.62431 2.33158 0.0279968 2.19176 -38.0664 -5.69911 -4.25716 -0.847834 -14.6967 -0.734061 -9.31305 11.7736 -2.77099e-16 -5.80667e-16 -1.27562e-14 
-4.86363 87.1878 -175.125 -3.78166 1.8817 4.96026 0 4.78511 -1.08482 0.105277 -1.10638 0.154522 0 5.29195 1.00949 0.209947 -0.272937 0.106236 -9.66735e-18 5.64355 0.108362 0.236441 0.721648 0.16317 -1.04072e-17 6.12977 -0.417886 0.273604 2.08032 0.192792 -1.85891e-17 7.16586 -1.41888 0.396448 2.43314 0.119706 -2.38665e-17 8.94839 -0.861631 0.543962 2.71999 -0.187746 -2.73615e-17 9.94144 1.48576 -0.0787511 0.602885 0.0202349 -1.21725e-17 4.50977 0.67399 -0.544783 -4.43139 -5.87958 -1.70689e-17 4.54241 0.39741 2.2127 -5.40436 -2.77398 -1.89342e-17 4.5512 0.720839 2.75671 -3.41381 1.71881 1.16172 -7.16758 7.09827 -3.2507 2.46762 -0.781575 12.2059 3.06167 -3.07978 -82.0751 8.81688 -0.0679579 27.5197 0.056351 0.129118 1.8446 -0.134396 -8.92371 22.8331 0.0467536 0.107129 0.689093 -31.0028 -3.21153 -1.16172 -7.16756 7.09818 4.92125 3.59469 -0.513242 -12.2059 3.06167 -3.07978 79.7937 15.919 3.83008 -27.5197 0.056351 0.129118 -1.7257 -0.116818 8.34357 -22.8331 0.0467534 0.107129 0.29555 -7.96828 3.47314 8.70282 -3.96247 1.9152 6.42066 3.2999 6.23553 -0.803084 -36.5309 -0.617314 -1.71203 6.38586 -0.0160644 -2.19176 -38.0664 -5.69911 -0.910359 -7.48848 15.9049 0.734061 -9.31305 11.7736 -1.25653e-18 -7.95954e-16 1.32398e-17 -8.70282 -3.96247 1.9152 4.64257 -3.97756 17.8374 0.803084 -36.5309 -0.617314 0.679342 2.53716 0.0292471 2.19176 -38.0664 -5.69911 -4.091 -0.601547 -14.6815 -0.734061 -9.31305 11.7736 -1.31318e-15 -5.37497e-16 -1.27131e-14 
-4.8287 87.2514 -174.979 -3.77579 1.92492 4.90357 0 4.78511 -1.08482 0.141921 -1.19861 0.130936 0 5.29195 1.00949 0.243734 -0.340189 0.0864101 -9.66735e-18 5.64355 0.108362 0.262953 0.6793 0.143781 -1.04072e-17 6.12977 -0.417886 0.293912 2.08176 0.172859 -1.85891e-17 7.16586 -1.41888 0.40557 2.46178 0.0958131 -2.38665e-17 8.94839 -0.861631 0.538378 2.76055 -0.211968 -2.73615e-17 9.94144 1.48576 -0.0795243 0.595693 0.0191519 -1.21725e-17 4.50977 0.67399 -0.514228 -4.36052 -5.7435 -1.70689e-17 4.54241 0.39741 2.13877 -5.34697 -2.71209 -1.89342e-17 4.5512 0.720839 2.64107 -3.31223 1.75665 1.16172 -7.16758 7.09827 -3.21017 2.42526 -0.720495 12.2059 3.06167 -3.07978 -82.0686 8.89146 0.118165 27.5197 0.056351 0.129118 1.83994 -0.13369 -8.90099 22.8331 0.0467536 0.107129 0.594298 -31.139 -3.15449 -1.16172 -7.16756 7.09818 4.90363 3.55419 -0.56247 -12.2059 3.06167 -3.07978 79.7231 15.7944 3.64547 -27.5197 0.056351 0.129118 -1.70671 -0.114149 8.25117 -22.8331 0.0467534 0.107129 0.336478 -7.82771 3.57959 8.70282 -3.96247 1.9152 6.37235 3.37641 6.42341 -0.803084 -36.5309 -0.617314 -1.68605 6.2894 -0.0172486 -2.19176 -38.0664 -5.69911 -0.980983 -7.15722 15.8993 0.734061 -9.31305 11.7736 -3.46617e-16 -8.06747e-16 2.40323e-17 -8.70282 -3.96247 1.9152 4.59781 -4.01849 17.9852 0.803084 -36.5309 -0.617314 0.706913 2.64014 0.0297993 2.19176 -38.0664 -5.69911 -3.93137 -0.421204 -14.6747 -0.734061 -9.31305 11.7736 -2.50994e-16 -5.81483e-16 -1.2757e-14 
-4.80237 87.2999 -174.873 -3.81821 1.99865 4.91745 0 4.78511 -1.08482 0.190671 -1.32227 0.0964396 0 5.29195 1.00949 0.289151 -0.427099 0.0578203 -9.66735e-18 5.64355 0.108362 0.299159 0.631464 0.115915 -1.04072e-17 6.12977 -0.417886 0.322637 2.10058 0.144648 -1.85891e-17 7.16586 -1.41888 0.419255 2.52071 0.0625948 -2.38665e-17 8.94839 -0.861631 0.53184 2.84057 -0.244979 -2.73615e-17 9.94144 1.48576 -0.0806625 0.584157 0.0164416 -1.21725e-17 4.50977 0.67399 -0.489365 -4.30382 -5.63492 -1.70689e-17 4.54241 0.39741 2.06582 -5.30878 -2.66381 -1.89342e-17 4.5512 0.720839 2.53845 -3.25793 1.81524 1.16172 -7.16758 7.09827 -3.19288 2.36596 -0.672438 12.2059 3.06167 -3.07978 -82.0379 8.94042 0.218835 27.5197 0.056351 0.129118 1.83481 -0.132914 -8.87597 22.8331 0.0467536 0.107129 0.576914 -31.0374 -3.02835 -1.16172 -7.16756 7.09818 4.87562 3.48204 -0.603859 -12.2059 3.06167 -3.07978 79.629 15.7489 3.48818 -27.5197 0.056351 0.129118 -1.70645 -0.114112 8.24988 -22.8331 0.0467534 0.107129 0.410804 -7.73164 3.6842 8.70282 -3.96247 1.9152 6.38523 3.36404 6.60401 -0.803084 -36.5309 -0.617314 -1.67409 6.24496 -0.0177792 -2.19176 -38.0664 -5.69911 -1.01568 -6.93954 15.8917 0.734061 -9.31305 11.7736 5.09527e-17 -7.94323e-16 1.16083e-17 -8.70282 -3.96247 1.9152 4.58685 -3.92052 18.0938 0.803084 -36.5309 -0.617314 0.648314 2.42125 0.0285664 2.19176 -38.0664 -5.69911 -3.76646 -0.228883 -14.6696 -0.734061 -9.31305 11.7736 -9.67819e-16 -5.47474e-16 -1.27239e-14 
-4.79747 87.3395 -174.858 -3.89909 2.09416 5.0074 0 4.78511 -1.08482 0.236087 -1.45969 0.0605047 0 5.29195 1.00949 0.333464 -0.520148 0.0281997 -9.66735e-18 5.64355 0.108362 0.335957 0.590012 0.0881384 -1.04072e-17 6.12977 -0.417886 0.35406 2.14241 0.116908 -1.85891e-17 7.16586 -1.41888 0.437842 2.61018 0.0304994 -2.38665e-17 8.94839 -0.861631 0.532884 2.95986 -0.277742 -2.73615e-17 9.94144 1.48576 -0.0801582 0.568804 0.011676 -1.21725e-17 4.50977 0.67399 -0.452061 -4.26582 -5.52128 -1.70689e-17 4.54241 0.39741 2.01998 -5.32135 -2.61295 -1.89342e-17 4.5512 0.720839 2.41918 -3.25289 1.8032 1.16172 -7.16758 7.09827 -3.2027 2.29692 -0.65085 12.2059 3.06167 -3.07978 -81.9445 9.05744 0.166037 27.5197 0.056351 0.129118 1.82395 -0.131281 -8.82305 22.8331 0.0467536 0.107129 0.601786 -30.8368 -2.8684 -1.16172 -7.16756 7.09818 4.83903 3.38229 -0.629925 -12.2059 3.06167 -3.07978 79.5266 15.6347 3.40296 -27.5197 0.056351 0.129118 -1.71675 -0.115556 8.29999 -22.8331 0.0467534 0.107129 0.467567 -7.62454 3.77265 8.70282 -3.96247 1.9152 6.45956 3.21713 6.73039 -0.803084 -36.5309 -0.617314 -1.68328 6.27911 -0.0173722 -2.19176 -38.0664 -5.69911 -0.996273 -6.81359 15.8794 0.734061 -9.31305 11.7736 3.70208e-16 -7.84346e-16 1.63154e-18 -8.70282 -3.96247 1.9152 4.57633 -3.58708 18.2639 0.803084 -36.5309 -0.617314 0.438469 1.63731 0.0223149 2.19176 -38.0664 -5.69911 -3.48437 0.0400963 -14.6768 -0.734061 -9.31305 11.7736 -5.96354e-16 -5.59082e-16 -1.27471e-14 
-4.80165 87.3747 -174.894 -4.04819 2.18433 5.11993 0 4.78511 -1.08482 0.313192 -1.58565 0.0234346 0 5.29195 1.00949 0.402879 -0.602528 0.00220522 -9.66735e-18 5.64355 0.108362 0.391051 0.557462 0.063895 -1.04072e-17 6.12977 -0.417886 0.397274 2.19311 0.0928636 -1.85891e-17 7.16586 -1.41888 0.462257 2.70801 0.000501457 -2.38665e-17 8.94839 -0.861631 0.533192 3.08579 -0.30805 -2.73615e-17 9.94144 1.48576 -0.0800447 0.55367 0.00778754 -1.21725e-17 4.50977 0.67399 -0.434039 -4.28506 -5.46333 -1.70689e-17 4.54241 0.39741 1.97388 -5.36621 -2.58803 -1.89342e-17 4.5512 0.720839 2.29697 -3.25653 1.82389 1.16172 -7.16758 7.09827 -3.25281 2.23684 -0.657232 12.2059 3.06167 -3.07978 -81.807 9.21389 0.0201051 27.5197 0.056351 0.129118 1.80519 -0.128484 -8.73165 22.8331 0.0467536 0.107129 0.582873 -30.5994 -2.7563 -1.16172 -7.16756 7.09818 4.81653 3.28691 -0.644102 -12.2059 3.06167 -3.07978 79.3725 15.5803 3.39317 -27.5197 0.056351 0.129118 -1.72686 -0.116982 8.34921 -22.8331 0.0467534 0.107129 0.543953 -7.63785 3.84484 8.70282 -3.96247 1.9152 6.63417 2.98077 6.78481 -0.803084 -36.5309 -0.617314 -1.72364 6.42895 -0.015521 -2.19176 -38.0664 -5.69911 -0.959248 -6.77659 15.8676 0.734061 -9.31305 11.7736 -3.98826e-16 -8.09194e-16 2.64796e-17 -8.70282 -3.96247 1.9152 4.66553 -3.44497 18.4509 0.803084 -36.5309 -0.617314 0.296761 1.10796 0.0164705 2.19176 -38.0664 -5.69911 -3.36308 0.390452 -14.6605 -0.734061 -9.31305 11.7736 -5.70249e-16 -5.60713e-16 -1.27479e-14 
-4.80869 87.3727 -174.952 -4.24584 2.30657 5.2506 0 4.78511 -1.08482 0.399743 -1.67639 -0.0158066 0 5.29195 1.00949 0.479873 -0.665598 -0.0240285 -9.66735e-18 5.64355 0.108362 0.451918 0.526213 0.0397553 -1.04072e-17 6.12977 -0.417886 0.445122 2.21747 0.0690527 -1.85891e-17 7.16586 -1.41888 0.488857 2.76266 -0.0295722 -2.38665e-17 8.94839 -0.861631 0.533445 3.1595 -0.33765 -2.73615e-17 9.94144 1.48576 -0.0789107 0.544371 0.00510359 -1.21725e-17 4.50977 0.67399 -0.42574 -4.36654 -5.41521 -1.70689e-17 4.54241 0.39741 1.9213 -5.3751 -2.56733 -1.89342e-17 4.5512 0.720839 2.20956 -3.23935 1.84025 1.16172 -7.16758 7.09827 -3.33095 2.22812 -0.696252 12.2059 3.06167 -3.07978 -81.6565 9.42909 -0.100171 27.5197 0.056351 0.129118 1.79176 -0.126501 -8.66627 22.8331 0.0467536 0.107129 0.568156 -30.5149 -2.69466 -1.16172 -7.16756 7.09818 4.84211 3.2388 -0.615588 -12.2059 3.06167 -3.07978 79.1592 15.4559 3.35197 -27.5197 0.056351 0.129118 -1.75075 -0.120387 8.46548 -22.8331 0.0467534 0.107129 0.628743 -7.63655 3.89097 8.70282 -3.96247 1.9152 6.87967 2.65659 6.85212 -0.803084 -36.5309 -0.617314 -1.79556 6.69581 -0.0119596 -2.19176 -38.0664 -5.69911 -0.919844 -6.9575 15.8611 0.734061 -9.31305 11.7736 -6.65872e-16 -8.27516e-16 4.48016e-17 -8.70282 -3.96247 1.9152 4.79728 -3.23354 18.3935 0.803084 -36.5309 -0.617314 0.0978943 0.365367 0.00606582 2.19176 -38.0664 -5.69911 -3.19645 0.646802 -14.6618 -0.734061 -9.31305 11.7736 -2.50994e-16 -5.81483e-16 -1.2757e-14 
-4.81481 87.338 -175.021 -4.45664 2.50213 5.3608 0 4.78511 -1.08482 0.496697 -1.81213 -0.0487049 0 5.29195 1.00949 0.566101 -0.759959 -0.0422939 -9.66735e-18 5.64355 0.108362 0.520765 0.478519 0.0242928 -1.04072e-17 6.12977 -0.417886 0.49965 2.24842 0.0544099 -1.85891e-17 7.16586 -1.41888 0.523814 2.84093 -0.051128 -2.38665e-17 8.94839 -0.861631 0.543917 3.26256 -0.361417 -2.73615e-17 9.94144 1.48576 -0.0771689 0.53315 0.00258814 -1.21725e-17 4.50977 0.67399 -0.409518 -4.46551 -5.37936 -1.70689e-17 4.54241 0.39741 1.90976 -5.41067 -2.55055 -1.89342e-17 4.5512 0.720839 2.05521 -3.25971 1.8362 1.16172 -7.16758 7.09827 -3.34823 2.17794 -0.6861 12.2059 3.06167 -3.07978 -81.5926 9.73956 -0.239113 27.5197 0.056351 0.129118 1.78043 -0.12484 -8.6111 22.8331 0.0467536 0.107129 0.507706 -30.653 -2.62727 -1.16172 -7.16756 7.09818 4.82542 3.16651 -0.622852 -12.2059 3.06167 -3.07978 78.9473 15.4318 3.38796 -27.5197 0.056351 0.129118 -1.76854 -0.122954 8.55208 -22.8331 0.0467534 0.107129 0.659428 -7.69496 3.86818 8.70282 -3.96247 1.9152 7.12557 2.27906 6.90043 -0.803084 -36.5309 -0.617314 -1.86355 6.94789 -0.00828362 -2.19176 -38.0664 -5.69911 -0.821485 -7.28736 15.8498 0.734061 -9.31305 11.7736 7.41673e-16 -7.6113e-16 -2.1585e-17 -8.70282 -3.96247 1.9152 4.92776 -3.16812 18.5638 0.803084 -36.5309 -0.617314 -0.071363 -0.266245 -0.00481269 2.19176 -38.0664 -5.69911 -3.04042 0.75589 -14.6828 -0.734061 -9.31305 11.7736 -9.67819e-16 -5.47474e-16 -1.27239e-14 
-4.81139 87.2794 -175.055 -4.57396 2.74226 5.45546 0 4.78511 -1.08482 0.560449 -1.92558 -0.0786881 0 5.29195 1.00949 0.623341 -0.843534 -0.0617955 -9.66735e-18 5.64355 0.108362 0.566657 0.422598 0.0068394 -1.04072e-17 6.12977 -0.417886 0.536534 2.24463 0.0374813 -1.85891e-17 7.16586 -1.41888 0.545911 2.87222 -0.0726981 -2.38665e-17 8.94839 -0.861631 0.546333 3.30565 -0.384189 -2.73615e-17 9.94144 1.48576 -0.0764289 0.528012 0.00214232 -1.21725e-17 4.50977 0.67399 -0.431203 -4.6587 -5.41678 -1.70689e-17 4.54241 0.39741 1.86222 -5.37887 -2.56728 -1.89342e-17 4.5512 0.720839 2.00148 -3.16871 1.92797 1.16172 -7.16758 7.09827 -3.38102 2.17438 -0.669293 12.2059 3.06167 -3.07978 -81.5309 10.012 -0.268409 27.5197 0.056351 0.129118 1.77371 -0.123859 -8.57835 22.8331 0.0467536 0.107129 0.394888 -30.9675 -2.66185 -1.16172 -7.16756 7.09818 4.86082 3.15171 -0.614501 -12.2059 3.06167 -3.07978 78.7648 15.3661 3.37678 -27.5197 0.056351 0.129118 -1.7875 -0.12572 8.6444 -22.8331 0.0467534 0.107129 0.641844 -7.61714 3.80737 8.70282 -3.96247 1.9152 7.2742 1.88701 6.9693 -0.803084 -36.5309 -0.617314 -1.93855 7.22574 -0.00388006 -2.19176 -38.0664 -5.69911 -0.806358 -7.67158 15.8471 0.734061 -9.31305 11.7736 -3.46617e-16 -8.06747e-16 2.40323e-17 -8.70282 -3.96247 1.9152 4.9666 -3.33869 18.7582 0.803084 -36.5309 -0.617314 -0.129336 -0.482461 -0.00896566 2.19176 -38.0664 -5.69911 -2.98955 0.608634 -14.7105 -0.734061 -9.31305 11.7736 -6.22458e-16 -5.58266e-16 -1.27454e-14 
-4.78941 87.2008 -175.056 -4.56703 3.02976 5.51617 0 4.78511 -1.08482 0.571132 -2.03594 -0.0973404 0 5.29195 1.00949 0.634448 -0.930964 -0.0766388 -9.66735e-18 5.64355 0.108362 0.576834 0.353629 -0.00619902 -1.04072e-17 6.12977 -0.417886 0.546782 2.21472 0.0249395 -1.85891e-17 7.16586 -1.41888 0.551552 2.87163 -0.0863966 -2.38665e-17 8.94839 -0.861631 0.544718 3.312 -0.398982 -2.73615e-17 9.94144 1.48576 -0.0752238 0.527412 0.00385836 -1.21725e-17 4.50977 0.67399 -0.456741 -4.89531 -5.41674 -1.70689e-17 4.54241 0.39741 1.82592 -5.29223 -2.56613 -1.89342e-17 4.5512 0.720839 1.9776 -2.99269 1.94448 1.16172 -7.16758 7.09827 -3.4107 2.19558 -0.64348 12.2059 3.06167 -3.07978 -81.4407 10.2846 -0.225334 27.5197 0.056351 0.129118 1.77477 -0.124013 -8.58352 22.8331 0.0467536 0.107129 0.248997 -31.3195 -2.71763 -1.16172 -7.16756 7.09818 4.95586 3.18657 -0.587537 -12.2059 3.06167 -3.07978 78.5901 15.3056 3.33593 -27.5197 0.056351 0.129118 -1.79952 -0.127491 8.70299 -22.8331 0.0467534 0.107129 0.632367 -7.47779 3.73077 8.70282 -3.96247 1.9152 7.25278 1.53385 7.04744 -0.803084 -36.5309 -0.617314 -1.98915 7.41304 -0.000703082 -2.19176 -38.0664 -5.69911 -0.770561 -8.04342 15.8469 0.734061 -9.31305 11.7736 -1.25179e-18 -7.95954e-16 1.32397e-17 -8.70282 -3.96247 1.9152 4.89147 -3.68015 18.761 0.803084 -36.5309 -0.617314 -0.106337 -0.396693 -0.00729207 2.19176 -38.0664 -5.69911 -3.01226 0.196345 -14.752 -0.734061 -9.31305 11.7736 -9.41724e-16 -5.49105e-16 -1.27247e-14 
-4.7533 87.1208 -175.039 -4.51138 3.27181 5.57339 0 4.78511 -1.08482 0.547712 -2.14614 -0.107039 0 5.29195 1.00949 0.616161 -1.01802 -0.0873693 -9.66735e-18 5.64355 0.108362 0.564439 0.285541 -0.015947 -1.04072e-17 6.12977 -0.417886 0.540063 2.18542 0.0154652 -1.85891e-17 7.16586 -1.41888 0.547289 2.87203 -0.0950607 -2.38665e-17 8.94839 -0.861631 0.541505 3.31981 -0.409161 -2.73615e-17 9.94144 1.48576 -0.0743828 0.527832 0.00659959 -1.21725e-17 4.50977 0.67399 -0.487532 -5.12675 -5.43217 -1.70689e-17 4.54241 0.39741 1.81054 -5.19737 -2.57218 -1.89342e-17 4.5512 0.720839 1.97111 -2.75515 1.92964 1.16172 -7.16758 7.09827 -3.43258 2.20822 -0.601808 12.2059 3.06167 -3.07978 -81.3469 10.4721 -0.16476 27.5197 0.056351 0.129118 1.77605 -0.1242 -8.58976 22.8331 0.0467536 0.107129 0.158047 -31.5129 -2.7211 -1.16172 -7.16756 7.09818 5.06204 3.22586 -0.567378 -12.2059 3.06167 -3.07978 78.4879 15.2548 3.30523 -27.5197 0.056351 0.129118 -1.80189 -0.127841 8.71451 -22.8331 0.0467534 0.107129 0.601768 -7.26626 3.62326 8.70282 -3.96247 1.9152 7.16401 1.2573 7.03428 -0.803084 -36.5309 -0.617314 -2.02788 7.55633 0.00184107 -2.19176 -38.0664 -5.69911 -0.688351 -8.36635 15.8478 0.734061 -9.31305 11.7736 -3.46621e-16 -8.06747e-16 2.40325e-17 -8.70282 -3.96247 1.9152 4.79328 -4.10706 18.6294 0.803084 -36.5309 -0.617314 -0.00808692 -0.0301756 -0.000528345 2.19176 -38.0664 -5.69911 -3.14271 -0.295276 -14.7833 -0.734061 -9.31305 11.7736 -2.24885e-16 -5.82299e-16 -1.27587e-14 
-4.71256 87.0391 -175.01 -4.46999 3.49086 5.58949 0 4.78511 -1.08482 0.507449 -2.21943 -0.106545 0 5.29195 1.00949 0.583086 -1.07895 -0.09097 -9.66735e-18 5.64355 0.108362 0.540725 0.23183 -0.0189373 -1.04072e-17 6.12977 -0.417886 0.524951 2.14947 0.0125401 -1.85891e-17 7.16586 -1.41888 0.539929 2.85283 -0.0960163 -2.38665e-17 8.94839 -0.861631 0.541837 3.30209 -0.4123 -2.73615e-17 9.94144 1.48576 -0.0735243 0.53012 0.00907998 -1.21725e-17 4.50977 0.67399 -0.50998 -5.32972 -5.44141 -1.70689e-17 4.54241 0.39741 1.83089 -5.1113 -2.57413 -1.89342e-17 4.5512 0.720839 1.9663 -2.5241 1.90992 1.16172 -7.16758 7.09827 -3.43468 2.2315 -0.565012 12.2059 3.06167 -3.07978 -81.2563 10.5814 -0.10303 27.5197 0.056351 0.129118 1.77417 -0.123926 -8.58059 22.8331 0.0467536 0.107129 0.108193 -31.5681 -2.7403 -1.16172 -7.16756 7.09818 5.14887 3.2789 -0.556656 -12.2059 3.06167 -3.07978 78.457 15.2409 3.30223 -27.5197 0.056351 0.129118 -1.79678 -0.127087 8.68964 -22.8331 0.0467534 0.107129 0.556527 -6.98802 3.53219 8.70282 -3.96247 1.9152 7.08364 1.02799 7.03245 -0.803084 -36.5309 -0.617314 -2.06135 7.6801 0.00411794 -2.19176 -38.0664 -5.69911 -0.561981 -8.6868 15.8484 0.734061 -9.31305 11.7736 2.48481e-17 -7.95139e-16 1.2424e-17 -8.70282 -3.96247 1.9152 4.71835 -4.558 18.5658 0.803084 -36.5309 -0.617314 0.118133 0.440919 0.00724214 2.19176 -38.0664 -5.69911 -3.26085 -0.811731 -14.8195 -0.734061 -9.31305 11.7736 -6.22454e-16 -5.58266e-16 -1.27454e-14 
-4.67616 86.9746 -174.986 -4.44972 3.71727 5.53017 0 4.78511 -1.08482 0.460254 -2.27225 -0.0954658 0 5.29195 1.00949 0.542239 -1.12305 -0.0852835 -9.66735e-18 5.64355 0.108362 0.509733 0.192209 -0.0130002 -1.04072e-17 6.12977 -0.417886 0.502925 2.12187 0.0184269 -1.85891e-17 7.16586 -1.41888 0.528969 2.83709 -0.0870799 -2.38665e-17 8.94839 -0.861631 0.543393 3.28703 -0.405007 -2.73615e-17 9.94144 1.48576 -0.0726836 0.530829 0.0105844 -1.21725e-17 4.50977 0.67399 -0.525805 -5.50245 -5.4288 -1.70689e-17 4.54241 0.39741 1.86736 -5.05003 -2.56498 -1.89342e-17 4.5512 0.720839 1.96177 -2.34364 1.88618 1.16172 -7.16758 7.09827 -3.41291 2.25122 -0.544438 12.2059 3.06167 -3.07978 -81.1653 10.6251 -0.0911958 27.5197 0.056351 0.129118 1.76765 -0.122979 -8.54884 22.8331 0.0467536 0.107129 0.0590308 -31.5327 -2.77408 -1.16172 -7.16756 7.09818 5.2078 3.33454 -0.551683 -12.2059 3.06167 -3.07978 78.4816 15.3438 3.37007 -27.5197 0.056351 0.129118 -1.78077 -0.124734 8.61165 -22.8331 0.0467534 0.107129 0.518802 -6.74445 3.47738 8.70282 -3.96247 1.9152 7.01152 0.846945 7.09091 -0.803084 -36.5309 -0.617314 -2.06747 7.70272 0.00454199 -2.19176 -38.0664 -5.69911 -0.465112 -8.94898 15.8511 0.734061 -9.31305 11.7736 2.48481e-17 -7.95139e-16 1.2424e-17 -8.70282 -3.96247 1.9152 4.67531 -5.06904 18.7086 0.803084 -36.5309 -0.617314 0.264352 0.986918 0.0149503 2.19176 -38.0664 -5.69911 -3.34681 -1.25419 -14.8542 -0.734061 -9.31305 11.7736 -9.67823e-16 -5.47473e-16 -1.27238e-14 
-4.64553 86.9376 -174.959 -4.42627 3.89084 5.44311 0 4.78511 -1.08482 0.401727 -2.31934 -0.0822 0 5.29195 1.00949 0.491009 -1.15808 -0.0793221 -9.66735e-18 5.64355 0.108362 0.469977 0.166511 -0.00742425 -1.04072e-17 6.12977 -0.417886 0.473548 2.11416 0.0238141 -1.85891e-17 7.16586 -1.41888 0.512487 2.84385 -0.0774489 -2.38665e-17 8.94839 -0.861631 0.541587 3.29962 -0.395909 -2.73615e-17 9.94144 1.48576 -0.0724497 0.528815 0.0113615 -1.21725e-17 4.50977 0.67399 -0.546613 -5.69485 -5.39714 -1.70689e-17 4.54241 0.39741 1.88962 -4.98062 -2.54748 -1.89342e-17 4.5512 0.720839 2.01664 -2.14994 1.86867 1.16172 -7.16758 7.09827 -3.4208 2.26834 -0.542919 12.2059 3.06167 -3.07978 -81.0655 10.5464 -0.109631 27.5197 0.056351 0.129118 1.75695 -0.121431 -8.49673 22.8331 0.0467536 0.107129 0.0602384 -31.4075 -2.77369 -1.16172 -7.16756 7.09818 5.29719 3.38733 -0.528105 -12.2059 3.06167 -3.07978 78.5112 15.4396 3.49012 -27.5197 0.056351 0.129118 -1.76139 -0.121919 8.51732 -22.8331 0.0467534 0.107129 0.470705 -6.47516 3.42804 8.70282 -3.96247 1.9152 6.93786 0.754203 7.14403 -0.803084 -36.5309 -0.617314 -2.05308 7.64952 0.00354855 -2.19176 -38.0664 -5.69911 -0.455769 -9.09968 15.859 0.734061 -9.31305 11.7736 2.48481e-17 -7.95139e-16 1.2424e-17 -8.70282 -3.96247 1.9152 4.63786 -5.54217 18.9458 0.803084 -36.5309 -0.617314 0.416962 1.55697 0.0215121 2.19176 -38.0664 -5.69911 -3.38795 -1.58051 -14.8799 -0.734061 -9.31305 11.7736 -6.22454e-16 -5.58266e-16 -1.27454e-14 
-4.61004 86.9192 -174.904 -4.42407 3.99659 5.34259 0 4.78511 -1.08482 0.357972 -2.37682 -0.0696737 0 5.29195 1.00949 0.452332 -1.19676 -0.0730144 -9.66735e-18 5.64355 0.108362 0.43963 0.145804 -0.00182203 -1.04072e-17 6.12977 -0.417886 0.450454 2.12426 0.0292781 -1.85891e-17 7.16586 -1.41888 0.499369 2.87547 -0.0685353 -2.38665e-17 8.94839 -0.861631 0.539921 3.34354 -0.387325 -2.73615e-17 9.94144 1.48576 -0.0726333 0.524026 0.0117157 -1.21725e-17 4.50977 0.67399 -0.564931 -5.86567 -5.35485 -1.70689e-17 4.54241 0.39741 1.90922 -4.89158 -2.52574 -1.89342e-17 4.5512 0.720839 2.05679 -1.94156 1.85713 1.16172 -7.16758 7.09827 -3.44242 2.26658 -0.535271 12.2059 3.06167 -3.07978 -81.0065 10.4002 -0.118709 27.5197 0.056351 0.129118 1.74281 -0.119403 -8.42792 22.8331 0.0467536 0.107129 0.0696797 -31.2088 -2.74583 -1.16172 -7.16756 7.09818 5.39528 3.41904 -0.51354 -12.2059 3.06167 -3.07978 78.5103 15.5032 3.61963 -27.5197 0.056351 0.129118 -1.73935 -0.118755 8.41002 -22.8331 0.0467534 0.107129 0.405363 -6.1042 3.39392 8.70282 -3.96247 1.9152 6.88738 0.754983 7.25834 -0.803084 -36.5309 -0.617314 -2.03141 7.5694 0.00207796 -2.19176 -38.0664 -5.69911 -0.452653 -9.16572 15.8666 0.734061 -9.31305 11.7736 2.48481e-17 -7.95139e-16 1.2424e-17 -8.70282 -3.96247 1.9152 4.63309 -5.9171 19.2284 0.803084 -36.5309 -0.617314 0.561968 2.09869 0.0263417 2.19176 -38.0664 -5.69911 -3.43897 -1.78984 -14.8922 -0.734061 -9.31305 11.7736 -9.67823e-16 -5.47473e-16 -1.27238e-14 
-4.56091 86.9192 -174.801 -4.43023 4.04519 5.27657 0 4.78511 -1.08482 0.329022 -2.42069 -0.0625229 0 5.29195 1.00949 0.426572 -1.2258 -0.0705981 -9.66735e-18 5.64355 0.108362 0.419021 0.130944 -0.000318208 -1.04072e-17 6.12977 -0.417886 0.434338 2.13419 0.030464 -1.85891e-17 7.16586 -1.41888 0.489011 2.90199 -0.0651374 -2.38665e-17 8.94839 -0.861631 0.536155 3.37915 -0.384006 -2.73615e-17 9.94144 1.48576 -0.0729706 0.520173 0.0120235 -1.21725e-17 4.50977 0.67399 -0.575516 -5.94277 -5.31544 -1.70689e-17 4.54241 0.39741 1.91185 -4.78334 -2.50648 -1.89342e-17 4.5512 0.720839 2.08319 -1.71991 1.84164 1.16172 -7.16758 7.09827 -3.46055 2.25914 -0.517235 12.2059 3.06167 -3.07978 -81.0174 10.256 -0.0679769 27.5197 0.056351 0.129118 1.72889 -0.117423 -8.36016 22.8331 0.0467536 0.107129 0.0840133 -30.9115 -2.70979 -1.16172 -7.16756 7.09818 5.46333 3.43189 -0.512232 -12.2059 3.06167 -3.07978 78.5204 15.4904 3.6907 -27.5197 0.056351 0.129118 -1.71765 -0.115681 8.3044 -22.8331 0.0467534 0.107129 0.331961 -5.6037 3.38854 8.70282 -3.96247 1.9152 6.84337 0.832564 7.31192 -0.803084 -36.5309 -0.617314 -2.00808 7.48308 0.000528076 -2.19176 -38.0664 -5.69911 -0.476805 -9.14127 15.875 0.734061 -9.31305 11.7736 2.48481e-17 -7.95139e-16 1.2424e-17 -8.70282 -3.96247 1.9152 4.63048 -6.17305 19.4121 0.803084 -36.5309 -0.617314 0.688855 2.57269 0.0294433 2.19176 -38.0664 -5.69911 -3.44369 -1.91681 -14.8973 -0.734061 -9.31305 11.7736 -5.96354e-16 -5.59082e-16 -1.27471e-14 
-4.50908 86.9497 -174.672 -4.48561 4.09655 5.28116 0 4.78511 -1.08482 0.327685 -2.44761 -0.0665915 0 5.29195 1.00949 0.425126 -1.24277 -0.0760379 -9.66735e-18 5.64355 0.108362 0.417248 0.124415 -0.00667593 -1.04072e-17 6.12977 -0.417886 0.432225 2.14643 0.023597 -1.85891e-17 7.16586 -1.41888 0.485317 2.9263 -0.0723965 -2.38665e-17 8.94839 -0.861631 0.529878 3.41028 -0.391368 -2.73615e-17 9.94144 1.48576 -0.0736674 0.517391 0.0126565 -1.21725e-17 4.50977 0.67399 -0.57533 -5.94523 -5.26894 -1.70689e-17 4.54241 0.39741 1.90536 -4.68761 -2.48491 -1.89342e-17 4.5512 0.720839 2.09203 -1.52149 1.82518 1.16172 -7.16758 7.09827 -3.50165 2.25027 -0.504959 12.2059 3.06167 -3.07978 -81.0519 10.1459 -0.00905144 27.5197 0.056351 0.129118 1.71913 -0.116044 -8.31266 22.8331 0.0467536 0.107129 0.104674 -30.4564 -2.6968 -1.16172 -7.16756 7.09818 5.51229 3.43015 -0.512906 -12.2059 3.06167 -3.07978 78.5091 15.4918 3.71381 -27.5197 0.056351 0.129118 -1.70592 -0.114038 8.24735 -22.8331 0.0467534 0.107129 0.250543 -5.0139 3.48862 8.70282 -3.96247 1.9152 6.84688 0.902035 7.2083 -0.803084 -36.5309 -0.617314 -1.98027 7.38017 -0.00127275 -2.19176 -38.0664 -5.69911 -0.507213 -9.00502 15.8815 0.734061 -9.31305 11.7736 2.48481e-17 -7.95139e-16 1.2424e-17 -8.70282 -3.96247 1.9152 4.68142 -6.43822 19.4549 0.803084 -36.5309 -0.617314 0.817098 3.05167 0.0315108 2.19176 -38.0664 -5.69911 -3.42743 -1.88315 -14.8899 -0.734061 -9.31305 11.7736 -5.96354e-16 -5.59082e-16 -1.27471e-14 
-4.46002 87.0087 -174.542 -4.57231 4.21823 5.33233 0 4.78511 -1.08482 0.337149 -2.48693 -0.0814847 0 5.29195 1.00949 0.434811 -1.26744 -0.0910917 -9.66735e-18 5.64355 0.108362 0.425112 0.116921 -0.0225535 -1.04072e-17 6.12977 -0.417886 0.438885 2.16779 0.0070572 -1.85891e-17 7.16586 -1.41888 0.487129 2.96673 -0.0907971 -2.38665e-17 8.94839 -0.861631 0.523837 3.46177 -0.410614 -2.73615e-17 9.94144 1.48576 -0.0742793 0.513566 0.0124869 -1.21725e-17 4.50977 0.67399 -0.564899 -5.94258 -5.20894 -1.70689e-17 4.54241 0.39741 1.90288 -4.59543 -2.45727 -1.89342e-17 4.5512 0.720839 2.10044 -1.34957 1.82149 1.16172 -7.16758 7.09827 -3.58098 2.23458 -0.498971 12.2059 3.06167 -3.07978 -81.0558 10.0579 0.000985131 27.5197 0.056351 0.129118 1.71487 -0.115446 -8.29195 22.8331 0.0467536 0.107129 0.129781 -29.733 -2.67865 -1.16172 -7.16756 7.09818 5.54747 3.40532 -0.510797 -12.2059 3.06167 -3.07978 78.4806 15.4764 3.75022 -27.5197 0.056351 0.129118 -1.71688 -0.115573 8.30067 -22.8331 0.0467534 0.107129 0.130151 -4.34924 3.66444 8.70282 -3.96247 1.9152 6.87782 0.893728 6.93654 -0.803084 -36.5309 -0.617314 -1.94359 7.24439 -0.00357134 -2.19176 -38.0664 -5.69911 -0.580349 -8.77755 15.8852 0.734061 -9.31305 11.7736 2.48481e-17 -7.95139e-16 1.2424e-17 -8.70282 -3.96247 1.9152 4.75269 -6.74798 19.4849 0.803084 -36.5309 -0.617314 0.924664 3.45331 0.0324174 2.19176 -38.0664 -5.69911 -3.33992 -1.71501 -14.8798 -0.734061 -9.31305 11.7736 -5.96354e-16 -5.59082e-16 -1.27471e-14 
-4.4217 87.0892 -174.422 -4.68708 4.44791 5.39276 0 4.78511 -1.08482 0.360418 -2.54201 -0.102721 0 5.29195 1.00949 0.457349 -1.30333 -0.110509 -9.66735e-18 5.64355 0.108362 0.443377 0.105989 -0.0421083 -1.04072e-17 6.12977 -0.417886 0.454295 2.19786 -0.0130711 -1.85891e-17 7.16586 -1.41888 0.494708 3.02323 -0.113513 -2.38665e-17 8.94839 -0.861631 0.5195 3.53407 -0.433733 -2.73615e-17 9.94144 1.48576 -0.0742638 0.507274 0.0102155 -1.21725e-17 4.50977 0.67399 -0.544678 -5.94121 -5.13698 -1.70689e-17 4.54241 0.39741 1.89704 -4.51069 -2.4243 -1.89342e-17 4.5512 0.720839 2.07263 -1.22725 1.82266 1.16172 -7.16758 7.09827 -3.67621 2.2132 -0.507541 12.2059 3.06167 -3.07978 -81.0057 10.0962 -0.0826189 27.5197 0.056351 0.129118 1.71542 -0.115523 -8.29463 22.8331 0.0467536 0.107129 0.144523 -28.7518 -2.65595 -1.16172 -7.16756 7.09818 5.52386 3.35416 -0.508187 -12.2059 3.06167 -3.07978 78.4134 15.5579 3.8378 -27.5197 0.056351 0.129118 -1.75249 -0.120636 8.47398 -22.8331 0.0467534 0.107129 0.0717263 -3.79508 3.93217 8.70282 -3.96247 1.9152 6.94913 0.736671 6.63121 -0.803084 -36.5309 -0.617314 -1.91705 7.14611 -0.00517988 -2.19176 -38.0664 -5.69911 -0.705815 -8.49812 15.887 0.734061 -9.31305 11.7736 5.0948e-17 -7.94323e-16 1.16084e-17 -8.70282 -3.96247 1.9152 4.81692 -6.94927 19.5943 0.803084 -36.5309 -0.617314 0.918273 3.42945 0.0323846 2.19176 -38.0664 -5.69911 -3.13823 -1.41056 -14.868 -0.734061 -9.31305 11.7736 -5.96354e-16 -5.59082e-16 -1.27471e-14 
-4.38782 87.1989 -174.347 -4.80464 4.6932 5.47321 0 4.78511 -1.08482 0.390293 -2.57449 -0.131835 0 5.29195 1.00949 0.486482 -1.32173 -0.136867 -9.66735e-18 5.64355 0.108362 0.46674 0.109867 -0.0683563 -1.04072e-17 6.12977 -0.417886 0.474193 2.23835 -0.0400209 -1.85891e-17 7.16586 -1.41888 0.503849 3.08556 -0.143019 -2.38665e-17 8.94839 -0.861631 0.512786 3.60968 -0.461951 -2.73615e-17 9.94144 1.48576 -0.0737405 0.499439 0.0049724 -1.21725e-17 4.50977 0.67399 -0.516205 -5.9256 -5.04129 -1.70689e-17 4.54241 0.39741 1.87071 -4.44915 -2.38223 -1.89342e-17 4.5512 0.720839 2.05441 -1.12293 1.81476 1.16172 -7.16758 7.09827 -3.82022 2.19971 -0.552289 12.2059 3.06167 -3.07978 -80.8832 10.1461 -0.274866 27.5197 0.056351 0.129118 1.7183 -0.115927 -8.30861 22.8331 0.0467536 0.107129 0.263115 -27.2468 -2.55979 -1.16172 -7.16756 7.09818 5.41645 3.26307 -0.501748 -12.2059 3.06167 -3.07978 78.3571 15.6012 3.97344 -27.5197 0.056351 0.129118 -1.8297 -0.131991 8.85002 -22.8331 0.0467534 0.107129 0.0629796 -3.42564 4.24598 8.70282 -3.96247 1.9152 7.01337 0.535205 6.39793 -0.803084 -36.5309 -0.617314 -1.87957 7.00729 -0.00737335 -2.19176 -38.0664 -5.69911 -0.842763 -8.10612 15.8889 0.734061 -9.31305 11.7736 3.96318e-16 -7.8353e-16 8.15621e-19 -8.70282 -3.96247 1.9152 4.85497 -6.98735 19.6673 0.803084 -36.5309 -0.617314 0.800284 2.98888 0.0313009 2.19176 -38.0664 -5.69911 -2.8658 -0.902581 -14.8441 -0.734061 -9.31305 11.7736 -5.70254e-16 -5.60713e-16 -1.27479e-14 
-4.35087 87.3186 -174.288 -4.88155 4.90098 5.56996 0 4.78511 -1.08482 0.411498 -2.5981 -0.166886 0 5.29195 1.00949 0.509021 -1.33362 -0.170562 -9.66735e-18 5.64355 0.108362 0.484646 0.117582 -0.102402 -1.04072e-17 6.12977 -0.417886 0.490151 2.27791 -0.0754263 -1.85891e-17 7.16586 -1.41888 0.508359 3.1461 -0.180003 -2.38665e-17 8.94839 -0.861631 0.499737 3.67953 -0.496103 -2.73615e-17 9.94144 1.48576 -0.0740324 0.491677 -0.00314839 -1.21725e-17 4.50977 0.67399 -0.483304 -5.86916 -4.93483 -1.70689e-17 4.54241 0.39741 1.82293 -4.36211 -2.3373 -1.89342e-17 4.5512 0.720839 2.03938 -1.02545 1.80646 1.16172 -7.16758 7.09827 -4.00718 2.19177 -0.620901 12.2059 3.06167 -3.07978 -80.6624 10.0926 -0.527013 27.5197 0.056351 0.129118 1.71872 -0.115986 -8.31068 22.8331 0.0467536 0.107129 0.487489 -24.9381 -2.37099 -1.16172 -7.16756 7.09818 5.22426 3.12631 -0.512155 -12.2059 3.06167 -3.07978 78.3582 15.6082 4.10371 -27.5197 0.056351 0.129118 -1.95177 -0.151001 9.44527 -22.8331 0.0467534 0.107129 0.0587449 -3.27287 4.57785 8.70282 -3.96247 1.9152 7.03238 0.370288 6.15881 -0.803084 -36.5309 -0.617314 -1.83444 6.84 -0.0098941 -2.19176 -38.0664 -5.69911 -0.987997 -7.64328 15.8887 0.734061 -9.31305 11.7736 5.09476e-17 -7.94323e-16 1.16084e-17 -8.70282 -3.96247 1.9152 4.85026 -6.97541 19.7332 0.803084 -36.5309 -0.617314 0.669423 2.50011 0.0290364 2.19176 -38.0664 -5.69911 -2.62233 -0.325979 -14.815 -0.734061 -9.31305 11.7736 -2.77083e-16 -5.80668e-16 -1.27562e-14 
-4.30797 87.4156 -174.23 -4.91685 5.10384 5.64737 0 4.78511 -1.08482 0.42757 -2.6166 -0.203932 0 5.29195 1.00949 0.52633 -1.34567 -0.206329 -9.66735e-18 5.64355 0.108362 0.497405 0.117202 -0.138921 -1.04072e-17 6.12977 -0.417886 0.501149 2.29972 -0.113678 -1.85891e-17 7.16586 -1.41888 0.506899 3.18583 -0.219363 -2.38665e-17 8.94839 -0.861631 0.479371 3.72081 -0.531356 -2.73615e-17 9.94144 1.48576 -0.0755213 0.485532 -0.012791 -1.21725e-17 4.50977 0.67399 -0.454471 -5.76425 -4.84672 -1.70689e-17 4.54241 0.39741 1.78056 -4.23101 -2.3016 -1.89342e-17 4.5512 0.720839 2.02276 -0.912445 1.83726 1.16172 -7.16758 7.09827 -4.19853 2.19517 -0.70916 12.2059 3.06167 -3.07978 -80.3671 9.95943 -0.804284 27.5197 0.056351 0.129118 1.71757 -0.115823 -8.30507 22.8331 0.0467536 0.107129 0.783136 -21.6356 -2.10223 -1.16172 -7.16756 7.09818 4.93986 2.9682 -0.544464 -12.2059 3.06167 -3.07978 78.4193 15.759 4.17396 -27.5197 0.056351 0.129118 -2.11501 -0.17846 10.2428 -22.8331 0.0467534 0.107129 0.175233 -3.51879 4.95562 8.70282 -3.96247 1.9152 7.00273 0.229212 5.94582 -0.803084 -36.5309 -0.617314 -1.79026 6.67615 -0.0122337 -2.19176 -38.0664 -5.69911 -1.10922 -7.24326 15.887 0.734061 -9.31305 11.7736 3.70227e-16 -7.84346e-16 1.63095e-18 -8.70282 -3.96247 1.9152 4.82498 -7.05467 19.7429 0.803084 -36.5309 -0.617314 0.592046 2.21105 0.0271718 2.19176 -38.0664 -5.69911 -2.50454 0.137627 -14.7858 -0.734061 -9.31305 11.7736 -1.31321e-15 -5.37496e-16 -1.27131e-14 
-4.25581 87.4776 -174.172 -4.93593 5.36308 5.74422 0 4.78511 -1.08482 0.453314 -2.62177 -0.243591 0 5.29195 1.00949 0.550379 -1.35355 -0.242139 -9.66735e-18 5.64355 0.108362 0.514024 0.111044 -0.175418 -1.04072e-17 6.12977 -0.417886 0.513289 2.30445 -0.151617 -1.85891e-17 7.16586 -1.41888 0.502358 3.20272 -0.259131 -2.38665e-17 8.94839 -0.861631 0.451672 3.73126 -0.565785 -2.73615e-17 9.94144 1.48576 -0.0786907 0.480591 -0.0219567 -1.21725e-17 4.50977 0.67399 -0.43783 -5.67444 -4.75444 -1.70689e-17 4.54241 0.39741 1.73915 -4.08683 -2.26515 -1.89342e-17 4.5512 0.720839 2.01234 -0.769891 1.84013 1.16172 -7.16758 7.09827 -4.36956 2.20944 -0.823594 12.2059 3.06167 -3.07978 -80.0588 9.69352 -1.13922 27.5197 0.056351 0.129118 1.72093 -0.116297 -8.32145 22.8331 0.0467536 0.107129 1.22721 -17.3135 -1.76353 -1.16172 -7.16756 7.09818 4.61624 2.8134 -0.556142 -12.2059 3.06167 -3.07978 78.4756 16.1299 4.22168 -27.5197 0.056351 0.129118 -2.32085 -0.216429 11.2511 -22.8331 0.0467534 0.107129 0.446929 -4.03034 5.33934 8.70282 -3.96247 1.9152 6.92082 0.0840089 5.72591 -0.803084 -36.5309 -0.617314 -1.7266 6.43995 -0.015381 -2.19176 -38.0664 -5.69911 -1.1955 -6.97941 15.8897 0.734061 -9.31305 11.7736 -3.46626e-16 -8.06747e-16 2.40326e-17 -8.70282 -3.96247 1.9152 4.78398 -7.26827 19.5088 0.803084 -36.5309 -0.617314 0.561929 2.09854 0.0263406 2.19176 -38.0664 -5.69911 -2.4408 0.391559 -14.7701 -0.734061 -9.31305 11.7736 -2.50975e-16 -5.81484e-16 -1.2757e-14 
-4.2035 87.5277 -174.13 -4.92536 5.69147 5.8831 0 4.78511 -1.08482 0.488555 -2.63652 -0.274082 0 5.29195 1.00949 0.580036 -1.36781 -0.266077 -9.66735e-18 5.64355 0.108362 0.533743 0.107001 -0.199597 -1.04072e-17 6.12977 -0.417886 0.525539 2.32609 -0.176353 -1.85891e-17 7.16586 -1.41888 0.497395 3.24585 -0.285464 -2.38665e-17 8.94839 -0.861631 0.424965 3.7752 -0.58633 -2.73615e-17 9.94144 1.48576 -0.0825468 0.472353 -0.0297513 -1.21725e-17 4.50977 0.67399 -0.440418 -5.67665 -4.68366 -1.70689e-17 4.54241 0.39741 1.70697 -3.96276 -2.23909 -1.89342e-17 4.5512 0.720839 1.96196 -0.613744 1.77047 1.16172 -7.16758 7.09827 -4.53917 2.22318 -0.981095 12.2059 3.06167 -3.07978 -79.6819 9.3845 -1.67369 27.5197 0.056351 0.129118 1.7235 -0.116658 -8.33392 22.8331 0.0467536 0.107129 1.71118 -12.5498 -1.4139 -1.16172 -7.16756 7.09818 4.34321 2.67095 -0.508845 -12.2059 3.06167 -3.07978 78.3877 16.7585 4.45029 -27.5197 0.056351 0.129118 -2.55665 -0.264553 12.4103 -22.8331 0.0467534 0.107129 0.761881 -4.4643 5.59795 8.70282 -3.96247 1.9152 6.7987 -0.146065 5.42347 -0.803084 -36.5309 -0.617314 -1.66312 6.20422 -0.0182575 -2.19176 -38.0664 -5.69911 -1.26922 -6.75777 15.8921 0.734061 -9.31305 11.7736 2.48481e-17 -7.95139e-16 1.2424e-17 -8.70282 -3.96247 1.9152 4.70449 -7.62798 19.1874 0.803084 -36.5309 -0.617314 0.568826 2.12431 0.0265361 2.19176 -38.0664 -5.69911 -2.39443 0.525715 -14.7656 -0.734061 -9.31305 11.7736 -9.93923e-16 -5.46658e-16 -1.27222e-14 
-4.1703 87.5642 -174.166 -4.94572 6.18535 6.00862 0 4.78511 -1.08482 0.536719 -2.63362 -0.289181 0 5.29195 1.00949 0.618854 -1.3666 -0.272288 -9.66735e-18 5.64355 0.108362 0.561007 0.121757 -0.205277 -1.04072e-17 6.12977 -0.417886 0.543883 2.3725 -0.181583 -1.85891e-17 7.16586 -1.41888 0.501259 3.315 -0.291745 -2.38665e-17 8.94839 -0.861631 0.412703 3.84999 -0.587806 -2.73615e-17 9.94144 1.48576 -0.0845303 0.459839 -0.0363447 -1.21725e-17 4.50977 0.67399 -0.457468 -5.80021 -4.66278 -1.70689e-17 4.54241 0.39741 1.71866 -3.91632 -2.23482 -1.89342e-17 4.5512 0.720839 1.85382 -0.515228 1.68713 1.16172 -7.16758 7.09827 -4.68821 2.23526 -1.16085 12.2059 3.06167 -3.07978 -79.2452 9.06721 -2.48031 27.5197 0.056351 0.129118 1.72528 -0.116909 -8.34261 22.8331 0.0467536 0.107129 2.17229 -8.18097 -1.14834 -1.16172 -7.16756 7.09818 4.13322 2.53483 -0.409703 -12.2059 3.06167 -3.07978 78.1716 17.2326 5.02214 -27.5197 0.056351 0.129118 -2.82466 -0.325326 13.7337 -22.8331 0.0467534 0.107129 0.87584 -4.25628 5.70662 8.70282 -3.96247 1.9152 6.73296 -0.681659 5.1412 -0.803084 -36.5309 -0.617314 -1.64724 6.14526 -0.0189357 -2.19176 -38.0664 -5.69911 -1.30849 -6.66857 15.8914 0.734061 -9.31305 11.7736 2.48481e-17 -7.95139e-16 1.2424e-17 -8.70282 -3.96247 1.9152 4.63977 -8.18274 18.9461 0.803084 -36.5309 -0.617314 0.561926 2.09853 0.0263405 2.19176 -38.0664 -5.69911 -2.30544 0.603229 -14.7752 -0.734061 -9.31305 11.7736 -9.67828e-16 -5.47473e-16 -1.27238e-14 
-4.15146 87.6155 -174.311 -4.99674 6.66578 6.10466 0 4.78511 -1.08482 0.610443 -2.56092 -0.288688 0 5.29195 1.00949 0.676663 -1.30648 -0.259871 -9.66735e-18 5.64355 0.108362 0.601725 0.189148 -0.192706 -1.04072e-17 6.12977 -0.417886 0.570259 2.46142 -0.168289 -1.85891e-17 7.16586 -1.41888 0.512416 3.4129 -0.279725 -2.38665e-17 8.94839 -0.861631 0.409627 3.95116 -0.569526 -2.73615e-17 9.94144 1.48576 -0.0853853 0.442776 -0.042069 -1.21725e-17 4.50977 0.67399 -0.477913 -5.94301 -4.65539 -1.70689e-17 4.54241 0.39741 1.73632 -3.97986 -2.23695 -1.89342e-17 4.5512 0.720839 1.72284 -0.522745 1.56861 1.16172 -7.16758 7.09827 -4.8301 2.23974 -1.37853 12.2059 3.06167 -3.07978 -78.7354 8.62289 -3.60967 27.5197 0.056351 0.129118 1.72033 -0.116209 -8.3185 22.8331 0.0467536 0.107129 2.67477 -4.29494 -0.950776 -1.16172 -7.16756 7.09818 3.92023 2.39021 -0.284405 -12.2059 3.06167 -3.07978 77.8397 17.3887 5.98756 -27.5197 0.056351 0.129118 -3.09688 -0.39377 15.0851 -22.8331 0.0467534 0.107129 0.812301 -3.54678 5.71986 8.70282 -3.96247 1.9152 6.73157 -1.35939 5.01992 -0.803084 -36.5309 -0.617314 -1.67148 6.23526 -0.0178938 -2.19176 -38.0664 -5.69911 -1.3379 -6.58723 15.8921 0.734061 -9.31305 11.7736 5.09432e-17 -7.94323e-16 1.16086e-17 -8.70282 -3.96247 1.9152 4.62002 -8.91725 18.8522 0.803084 -36.5309 -0.617314 0.599517 2.23896 0.0273689 2.19176 -38.0664 -5.69911 -2.24233 0.798794 -14.7664 -0.734061 -9.31305 11.7736 -5.96354e-16 -5.59082e-16 -1.27471e-14 
-4.14878 87.6659 -174.554 -5.12569 7.18937 6.13732 0 4.78511 -1.08482 0.733404 -2.45166 -0.276217 0 5.29195 1.00949 0.772638 -1.21171 -0.228589 -9.66735e-18 5.64355 0.108362 0.670469 0.298121 -0.161401 -1.04072e-17 6.12977 -0.417886 0.615464 2.60417 -0.135987 -1.85891e-17 7.16586 -1.41888 0.537533 3.5638 -0.251162 -2.38665e-17 8.94839 -0.861631 0.417643 4.11025 -0.534176 -2.73615e-17 9.94144 1.48576 -0.0848373 0.418125 -0.0466387 -1.21725e-17 4.50977 0.67399 -0.478709 -5.94306 -4.62902 -1.70689e-17 4.54241 0.39741 1.76468 -4.18482 -2.22997 -1.89342e-17 4.5512 0.720839 1.51862 -0.813 1.45468 1.16172 -7.16758 7.09827 -4.87463 2.1761 -1.57412 12.2059 3.06167 -3.07978 -78.2051 8.18076 -4.98785 27.5197 0.056351 0.129118 1.7249 -0.116853 -8.34074 22.8331 0.0467536 0.107129 3.06285 -1.49971 -0.930378 -1.16172 -7.16756 7.09818 3.68594 2.20369 -0.161927 -12.2059 3.06167 -3.07978 77.3335 17.3848 7.34594 -27.5197 0.056351 0.129118 -3.36128 -0.466843 16.4055 -22.8331 0.0467534 0.107129 0.642295 -2.54623 5.6912 8.70282 -3.96247 1.9152 6.85059 -2.23584 5.02054 -0.803084 -36.5309 -0.617314 -1.74863 6.52171 -0.0143216 -2.19176 -38.0664 -5.69911 -1.33582 -6.61087 15.8926 0.734061 -9.31305 11.7736 3.96322e-16 -7.8353e-16 8.15473e-19 -8.70282 -3.96247 1.9152 4.70788 -9.90124 18.9045 0.803084 -36.5309 -0.617314 0.693387 2.58962 0.0295346 2.19176 -38.0664 -5.69911 -2.21007 1.06365 -14.7484 -0.734061 -9.31305 11.7736 -5.96354e-16 -5.59082e-16 -1.27471e-14 
-4.1471 87.7027 -174.815 -5.27881 7.7267 6.11798 0 4.78511 -1.08482 0.866727 -2.30632 -0.253031 0 5.29195 1.00949 0.874858 -1.08842 -0.183807 -9.66735e-18 5.64355 0.108362 0.74319 0.432848 -0.116446 -1.04072e-17 6.12977 -0.417886 0.662822 2.76756 -0.090007 -1.85891e-17 7.16586 -1.41888 0.566579 3.72927 -0.209349 -2.38665e-17 8.94839 -0.861631 0.433127 4.28452 -0.485424 -2.73615e-17 9.94144 1.48576 -0.0821416 0.392373 -0.0495799 -1.21725e-17 4.50977 0.67399 -0.462648 -5.81272 -4.60298 -1.70689e-17 4.54241 0.39741 1.77227 -4.47577 -2.22213 -1.89342e-17 4.5512 0.720839 1.3363 -1.29478 1.35016 1.16172 -7.16758 7.09827 -4.86609 2.08131 -1.76012 12.2059 3.06167 -3.07978 -77.5617 8.00267 -6.46145 27.5197 0.056351 0.129118 1.75457 -0.121084 -8.48516 22.8331 0.0467536 0.107129 3.24722 -0.228032 -1.07926 -1.16172 -7.16756 7.09818 3.43645 2.02026 -0.0200089 -12.2059 3.06167 -3.07978 76.7076 17.3278 8.92372 -27.5197 0.056351 0.129118 -3.62168 -0.545284 17.7143 -22.8331 0.0467534 0.107129 0.394831 -1.38818 5.58692 8.70282 -3.96247 1.9152 7.01134 -3.18663 5.10296 -0.803084 -36.5309 -0.617314 -1.85786 6.9268 -0.00860283 -2.19176 -38.0664 -5.69911 -1.27047 -6.70775 15.894 0.734061 -9.31305 11.7736 1.03133e-16 -7.91877e-16 9.16215e-18 -8.70282 -3.96247 1.9152 4.83041 -10.9807 19.0472 0.803084 -36.5309 -0.617314 0.818835 3.05816 0.0315315 2.19176 -38.0664 -5.69911 -2.14767 1.27798 -14.7381 -0.734061 -9.31305 11.7736 -5.70259e-16 -5.60713e-16 -1.27479e-14 
-4.14439 87.7137 -175.049 -5.45793 8.28287 6.11453 0 4.78511 -1.08482 0.99671 -2.12865 -0.229158 0 5.29195 1.00949 0.974659 -0.942095 -0.137623 -9.66735e-18 5.64355 0.108362 0.815561 0.579882 -0.0696821 -1.04072e-17 6.12977 -0.417886 0.712079 2.92673 -0.0421839 -1.85891e-17 7.16586 -1.41888 0.600272 3.88044 -0.166209 -2.38665e-17 8.94839 -0.861631 0.455623 4.43982 -0.436967 -2.73615e-17 9.94144 1.48576 -0.0780739 0.370703 -0.0492883 -1.21725e-17 4.50977 0.67399 -0.438872 -5.62923 -4.60271 -1.70689e-17 4.54241 0.39741 1.76592 -4.80195 -2.22506 -1.89342e-17 4.5512 0.720839 1.18096 -1.83626 1.28976 1.16172 -7.16758 7.09827 -4.80148 1.97302 -1.91739 12.2059 3.06167 -3.07978 -76.8043 8.14258 -7.95821 27.5197 0.056351 0.129118 1.82352 -0.13121 -8.82096 22.8331 0.0467536 0.107129 3.27043 -0.0838084 -1.27182 -1.16172 -7.16756 7.09818 3.21358 1.86568 0.160394 -12.2059 3.06167 -3.07978 75.9847 17.1632 10.5978 -27.5197 0.056351 0.129118 -3.87794 -0.628872 19.0111 -22.8331 0.0467534 0.107129 0.107317 -0.15704 5.39154 8.70282 -3.96247 1.9152 7.23896 -4.24152 5.11662 -0.803084 -36.5309 -0.617314 -2.02309 7.53863 0.00152136 -2.19176 -38.0664 -5.69911 -1.20949 -6.93355 15.9017 0.734061 -9.31305 11.7736 1.11318e-15 -7.4952e-16 -3.31948e-17 -8.70282 -3.96247 1.9152 4.97398 -12.0787 19.1857 0.803084 -36.5309 -0.617314 0.955839 3.56968 0.032539 2.19176 -38.0664 -5.69911 -2.0592 1.37408 -14.7426 -0.734061 -9.31305 11.7736 -2.50975e-16 -5.81484e-16 -1.2757e-14 
-4.15149 87.6958 -175.263 -5.66017 8.91882 6.16112 0 4.78511 -1.08482 1.12263 -1.91629 -0.212878 0 5.29195 1.00949 1.07439 -0.775316 -0.0990271 -9.66735e-18 5.64355 0.108362 0.891029 0.726853 -0.029953 -1.04072e-17 6.12977 -0.417886 0.76759 3.0559 -0.00110567 -1.85891e-17 7.16586 -1.41888 0.6414 3.98474 -0.131371 -2.38665e-17 8.94839 -0.861631 0.484559 4.53634 -0.399642 -2.73615e-17 9.94144 1.48576 -0.0744236 0.356779 -0.0441676 -1.21725e-17 4.50977 0.67399 -0.417126 -5.46452 -4.6335 -1.70689e-17 4.54241 0.39741 1.75912 -5.1011 -2.24096 -1.89342e-17 4.5512 0.720839 1.03886 -2.34046 1.25266 1.16172 -7.16758 7.09827 -4.65862 1.85879 -2.03732 12.2059 3.06167 -3.07978 -75.9755 8.4821 -9.46405 27.5197 0.056351 0.129118 1.93872 -0.149054 -9.38266 22.8331 0.0467536 0.107129 3.25946 -0.471713 -1.49608 -1.16172 -7.16756 7.09818 3.03504 1.76432 0.393808 -12.2059 3.06167 -3.07978 75.1924 16.9172 12.3012 -27.5197 0.056351 0.129118 -4.12805 -0.716712 20.286 -22.8331 0.0467534 0.107129 -0.236105 1.15334 5.15498 8.70282 -3.96247 1.9152 7.5065 -5.41836 5.04696 -0.803084 -36.5309 -0.617314 -2.21726 8.25585 0.0156796 -2.19176 -38.0664 -5.69911 -1.13825 -7.28819 15.9126 0.734061 -9.31305 11.7736 -2.94436e-16 -8.04301e-16 2.15862e-17 -8.70282 -3.96247 1.9152 5.13494 -13.297 19.2699 0.803084 -36.5309 -0.617314 1.12357 4.19555 0.0321043 2.19176 -38.0664 -5.69911 -1.99068 1.32406 -14.7588 -0.734061 -9.31305 11.7736 -9.41733e-16 -5.49104e-16 -1.27247e-14 
-4.16679 87.6641 -175.464 -5.85288 9.65938 6.2232 0 4.78511 -1.08482 1.22021 -1.70139 -0.202741 0 5.29195 1.00949 1.1543 -0.607455 -0.0693055 -9.66735e-18 5.64355 0.108362 0.955552 0.87151 0.00167911 -1.04072e-17 6.12977 -0.417886 0.820707 3.17825 0.0325446 -1.85891e-17 7.16586 -1.41888 0.687462 4.08079 -0.103955 -2.38665e-17 8.94839 -0.861631 0.523834 4.6243 -0.373602 -2.73615e-17 9.94144 1.48576 -0.0700668 0.344928 -0.035115 -1.21725e-17 4.50977 0.67399 -0.387556 -5.35535 -4.6503 -1.70689e-17 4.54241 0.39741 1.77907 -5.36313 -2.24771 -1.89342e-17 4.5512 0.720839 0.908133 -2.77388 1.2242 1.16172 -7.16758 7.09827 -4.43022 1.7166 -2.11958 12.2059 3.06167 -3.07978 -75.0508 8.96435 -11.0646 27.5197 0.056351 0.129118 2.0976 -0.175566 -10.1587 22.8331 0.0467536 0.107129 3.18402 -1.09149 -1.67215 -1.16172 -7.16756 7.09818 2.93143 1.69364 0.692212 -12.2059 3.06167 -3.07978 74.3687 16.4654 14.0993 -27.5197 0.056351 0.129118 -4.3739 -0.809218 21.549 -22.8331 0.0467534 0.107129 -0.688791 2.72158 4.82056 8.70282 -3.96247 1.9152 7.7624 -6.69168 4.99735 -0.803084 -36.5309 -0.617314 -2.41214 8.97364 0.0323404 -2.19176 -38.0664 -5.69911 -1.06966 -7.68067 15.9221 0.734061 -9.31305 11.7736 7.67796e-16 -7.60313e-16 -2.24017e-17 -8.70282 -3.96247 1.9152 5.28346 -14.664 19.4401 0.803084 -36.5309 -0.617314 1.319 4.92405 0.0292818 2.19176 -38.0664 -5.69911 -1.89859 1.17592 -14.7926 -0.734061 -9.31305 11.7736 -1.98785e-16 -5.8393e-16 -1.27595e-14 
-4.19477 87.6395 -175.68 -6.00677 10.4568 6.24558 0 4.78511 -1.08482 1.27473 -1.468 -0.192434 0 5.29195 1.00949 1.19947 -0.419219 -0.044527 -9.66735e-18 5.64355 0.108362 0.996077 1.03966 0.0281178 -1.04072e-17 6.12977 -0.417886 0.859739 3.33057 0.0614228 -1.85891e-17 7.16586 -1.41888 0.729345 4.20784 -0.0796856 -2.38665e-17 8.94839 -0.861631 0.567818 4.74746 -0.352251 -2.73615e-17 9.94144 1.48576 -0.0656899 0.327802 -0.0239134 -1.21725e-17 4.50977 0.67399 -0.354119 -5.31905 -4.62982 -1.70689e-17 4.54241 0.39741 1.82541 -5.64047 -2.23512 -1.89342e-17 4.5512 0.720839 0.799294 -3.13864 1.22633 1.16172 -7.16758 7.09827 -4.14875 1.53554 -2.19599 12.2059 3.06167 -3.07978 -73.9976 9.41228 -12.8746 27.5197 0.056351 0.129118 2.28123 -0.208975 -11.0579 22.8331 0.0467536 0.107129 3.10501 -1.68999 -1.78852 -1.16172 -7.16756 7.09818 2.87795 1.6243 1.05747 -12.2059 3.06167 -3.07978 73.5577 15.7994 16.1416 -27.5197 0.056351 0.129118 -4.58383 -0.893158 22.6357 -22.8331 0.0467534 0.107129 -1.19434 4.68034 4.51622 8.70282 -3.96247 1.9152 7.99699 -8.06874 5.01382 -0.803084 -36.5309 -0.617314 -2.62564 9.75735 0.0534017 -2.19176 -38.0664 -5.69911 -0.995838 -8.0011 15.9345 0.734061 -9.31305 11.7736 -1.24705e-18 -7.95954e-16 1.32395e-17 -8.70282 -3.96247 1.9152 5.41679 -16.2147 19.7762 0.803084 -36.5309 -0.617314 1.56793 5.85049 0.0220793 2.19176 -38.0664 -5.69911 -1.78779 1.04308 -14.8258 -0.734061 -9.31305 11.7736 -1.98785e-16 -5.8393e-16 -1.27595e-14 
-4.21426 87.6068 -175.908 -6.09276 11.2676 6.26676 0 4.78511 -1.08482 1.28862 -1.16392 -0.188209 0 5.29195 1.00949 1.21112 -0.170411 -0.0300014 -9.66735e-18 5.64355 0.108362 1.0126 1.25827 0.0439049 -1.04072e-17 6.12977 -0.417886 0.883356 3.51836 0.0798691 -1.85891e-17 7.16586 -1.41888 0.762924 4.35675 -0.0643122 -2.38665e-17 8.94839 -0.861631 0.608795 4.8886 -0.339184 -2.73615e-17 9.94144 1.48576 -0.0620707 0.305461 -0.0112182 -1.21725e-17 4.50977 0.67399 -0.31725 -5.34024 -4.55817 -1.70689e-17 4.54241 0.39741 1.88186 -6.00494 -2.19772 -1.89342e-17 4.5512 0.720839 0.731743 -3.53507 1.23879 1.16172 -7.16758 7.09827 -3.8326 1.32736 -2.29373 12.2059 3.06167 -3.07978 -72.849 9.69283 -14.9063 27.5197 0.056351 0.129118 2.48012 -0.248533 -12.0347 22.8331 0.0467536 0.107129 3.07957 -2.00105 -1.88857 -1.16172 -7.16756 7.09818 2.81601 1.54141 1.48879 -12.2059 3.06167 -3.07978 72.8124 14.9266 18.4076 -27.5197 0.056351 0.129118 -4.76487 -0.969297 23.5795 -22.8331 0.0467534 0.107129 -1.73283 7.03476 4.29005 8.70282 -3.96247 1.9152 8.16861 -9.49458 5.02166 -0.803084 -36.5309 -0.617314 -2.85456 10.5943 0.0792332 -2.19176 -38.0664 -5.69911 -0.9694 -8.31154 15.9565 0.734061 -9.31305 11.7736 -3.20531e-16 -8.05932e-16 2.32171e-17 -8.70282 -3.96247 1.9152 5.48701 -17.9468 20.1326 0.803084 -36.5309 -0.617314 1.89741 7.07338 0.00634111 2.19176 -38.0664 -5.69911 -1.65234 0.830162 -14.8659 -0.734061 -9.31305 11.7736 -1.98785e-16 -5.8393e-16 -1.27595e-14 
-4.22272 87.5503 -176.155 -6.13309 12.14 6.3524 0 4.78511 -1.08482 1.27476 -0.77007 -0.196355 0 5.29195 1.00949 1.20156 0.150951 -0.0307804 -9.66735e-18 5.64355 0.108362 1.01478 1.52961 0.0439875 -1.04072e-17 6.12977 -0.417886 0.898723 3.7291 0.082563 -1.85891e-17 7.16586 -1.41888 0.790707 4.50614 -0.0642631 -2.38665e-17 8.94839 -0.861631 0.643634 5.01823 -0.339917 -2.73615e-17 9.94144 1.48576 -0.0593582 0.27952 0.00250807 -1.21725e-17 4.50977 0.67399 -0.270881 -5.3895 -4.43307 -1.70689e-17 4.54241 0.39741 1.94659 -6.52522 -2.1347 -1.89342e-17 4.5512 0.720839 0.697392 -4.10916 1.24395 1.16172 -7.16758 7.09827 -3.44091 1.08745 -2.39865 12.2059 3.06167 -3.07978 -71.6964 9.76802 -17.1151 27.5197 0.056351 0.129118 2.69723 -0.295763 -13.1048 22.8331 0.0467536 0.107129 3.10555 -1.91182 -1.95932 -1.16172 -7.16756 7.09818 2.65747 1.42639 1.95465 -12.2059 3.06167 -3.07978 72.1891 13.8421 20.8272 -27.5197 0.056351 0.129118 -4.92832 -1.04108 24.4371 -22.8331 0.0467534 0.107129 -2.23407 9.45983 4.15505 8.70282 -3.96247 1.9152 8.3369 -11.1973 4.93685 -0.803084 -36.5309 -0.617314 -3.18201 11.7846 0.121992 -2.19176 -38.0664 -5.69911 -0.976594 -8.67239 15.9901 0.734061 -9.31305 11.7736 3.96323e-16 -7.8353e-16 8.15463e-19 -8.70282 -3.96247 1.9152 5.50229 -19.9493 20.3961 0.803084 -36.5309 -0.617314 2.32789 8.66361 -0.0248367 2.19176 -38.0664 -5.69911 -1.59338 0.518256 -14.9008 -0.734061 -9.31305 11.7736 -2.77069e-16 -5.80668e-16 -1.27562e-14 
-4.24662 87.4657 -176.422 -6.14544 12.9603 6.50428 0 4.78511 -1.08482 1.24125 -0.253806 -0.214727 0 5.29195 1.00949 1.17811 0.567875 -0.04472 -9.66735e-18 5.64355 0.108362 1.00794 1.86298 0.0302492 -1.04072e-17 6.12977 -0.417886 0.90894 3.949 0.0711443 -1.85891e-17 7.16586 -1.41888 0.813613 4.63015 -0.0778187 -2.38665e-17 8.94839 -0.861631 0.671614 5.10442 -0.351787 -2.73615e-17 9.94144 1.48576 -0.0580702 0.253064 0.0170206 -1.21725e-17 4.50977 0.67399 -0.223419 -5.45597 -4.2946 -1.70689e-17 4.54241 0.39741 2.00794 -7.15125 -2.06452 -1.89342e-17 4.5512 0.720839 0.726105 -4.81588 1.28115 1.16172 -7.16758 7.09827 -3.00646 0.847636 -2.53441 12.2059 3.06167 -3.07978 -70.5276 9.57451 -19.4157 27.5197 0.056351 0.129118 2.93291 -0.351869 -14.2713 22.8331 0.0467536 0.107129 3.16739 -1.40998 -1.99501 -1.16172 -7.16756 7.09818 2.41544 1.29562 2.45325 -12.2059 3.06167 -3.07978 71.7144 12.5919 23.2797 -27.5197 0.056351 0.129118 -5.09042 -1.11517 25.2932 -22.8331 0.0467534 0.107129 -2.64727 11.6328 4.10573 8.70282 -3.96247 1.9152 8.61341 -13.2506 4.72416 -0.803084 -36.5309 -0.617314 -3.70262 13.6583 0.203918 -2.19176 -38.0664 -5.69911 -1.09381 -9.05762 16.0465 0.734061 -9.31305 11.7736 2.48481e-17 -7.95139e-16 1.2424e-17 -8.70282 -3.96247 1.9152 5.49725 -22.0741 20.6065 0.803084 -36.5309 -0.617314 2.84156 10.5468 -0.077676 2.19176 -38.0664 -5.69911 -1.58321 0.152283 -14.9286 -0.734061 -9.31305 11.7736 -1.3654e-15 -5.35049e-16 -1.27106e-14 
-4.32611 87.3304 -176.718 -6.24412 13.5719 6.73945 0 4.78511 -1.08482 1.22087 0.393777 -0.24548 0 5.29195 1.00949 1.16932 1.08919 -0.0707489 -9.66735e-18 5.64355 0.108362 1.01461 2.26749 0.00343497 -1.04072e-17 6.12977 -0.417886 0.93098 4.18851 0.0462964 -1.85891e-17 7.16586 -1.41888 0.843014 4.73892 -0.106945 -2.38665e-17 8.94839 -0.861631 0.697762 5.15785 -0.37811 -2.73615e-17 9.94144 1.48576 -0.0585994 0.226618 0.0320224 -1.21725e-17 4.50977 0.67399 -0.165853 -5.45662 -4.14991 -1.70689e-17 4.54241 0.39741 2.09042 -7.81761 -1.99036 -1.89342e-17 4.5512 0.720839 0.792853 -5.5751 1.33408 1.16172 -7.16758 7.09827 -2.54335 0.593993 -2.7087 12.2059 3.06167 -3.07978 -69.3613 9.07102 -21.7577 27.5197 0.056351 0.129118 3.189 -0.418629 -15.5454 22.8331 0.0467536 0.107129 3.22639 -0.604266 -1.91817 -1.16172 -7.16756 7.09818 2.09503 1.12355 2.98959 -12.2059 3.06167 -3.07978 71.4103 11.238 25.7392 -27.5197 0.056351 0.129118 -5.26505 -1.19831 26.2219 -22.8331 0.0467534 0.107129 -2.92401 13.6891 4.03011 8.70282 -3.96247 1.9152 9.10779 -15.4753 4.15347 -0.803084 -36.5309 -0.617314 -4.40037 16.1278 0.340128 -2.19176 -38.0664 -5.69911 -1.32638 -9.55002 16.1373 0.734061 -9.31305 11.7736 -1.24232e-18 -7.95954e-16 1.32394e-17 -8.70282 -3.96247 1.9152 5.62029 -24.1887 20.7696 0.803084 -36.5309 -0.617314 3.4419 12.723 -0.160761 2.19176 -38.0664 -5.69911 -1.55976 -0.237088 -14.9557 -0.734061 -9.31305 11.7736 -1.07219e-15 -5.43397e-16 -1.2719e-14 
-4.4563 87.0852 -177.04 -6.58195 14.3631 7.32157 0 4.78511 -1.08482 1.23864 1.08686 -0.318032 0 5.29195 1.00949 1.20351 1.63313 -0.136281 -9.66735e-18 5.64355 0.108362 1.0596 2.66498 -0.0623224 -1.04072e-17 6.12977 -0.417886 0.987824 4.37814 -0.0177702 -1.85891e-17 7.16586 -1.41888 0.891133 4.77269 -0.180475 -2.38665e-17 8.94839 -0.861631 0.72009 5.11688 -0.447491 -2.73615e-17 9.94144 1.48576 -0.0607198 0.2072 0.0478052 -1.21725e-17 4.50977 0.67399 -0.0952797 -5.41259 -4.00133 -1.70689e-17 4.54241 0.39741 2.19949 -8.41656 -1.91119 -1.89342e-17 4.5512 0.720839 0.925639 -6.40556 1.41765 1.16172 -7.16758 7.09827 -2.00256 0.338103 -2.88547 12.2059 3.06167 -3.07978 -68.2764 8.44919 -23.9691 27.5197 0.056351 0.129118 3.47601 -0.500745 -16.9822 22.8331 0.0467536 0.107129 3.289 0.127014 -1.86541 -1.16172 -7.16756 7.09818 1.63478 0.927902 3.55085 -12.2059 3.06167 -3.07978 71.2403 9.967 27.9979 -27.5197 0.056351 0.129118 -5.47986 -1.30539 27.3741 -22.8331 0.0467534 0.107129 -3.10776 15.5571 3.98479 8.70282 -3.96247 1.9152 9.83712 -18.2797 3.52734 -0.803084 -36.5309 -0.617314 -5.27431 19.142 0.552249 -2.19176 -38.0664 -5.69911 -1.38405 -10.2949 16.2345 0.734061 -9.31305 11.7736 -3.46631e-16 -8.06747e-16 2.40328e-17 -8.70282 -3.96247 1.9152 5.86071 -26.6927 20.5715 0.803084 -36.5309 -0.617314 4.14323 15.2237 -0.286452 2.19176 -38.0664 -5.69911 -1.61609 -0.879909 -14.9892 -0.734061 -9.31305 11.7736 -2.08227e-15 -5.01038e-16 -1.26774e-14 
-4.62502 86.7442 -177.347 -7.18875 15.6045 8.03307 0 4.78511 -1.08482 1.30811 1.83305 -0.399896 0 5.29195 1.00949 1.28961 2.18365 -0.211442 -9.66735e-18 5.64355 0.108362 1.14624 3.006 -0.137585 -1.04072e-17 6.12977 -0.417886 1.07697 4.4179 -0.0924148 -1.85891e-17 7.16586 -1.41888 0.955781 4.60437 -0.267976 -2.38665e-17 8.94839 -0.861631 0.741662 4.83649 -0.529917 -2.73615e-17 9.94144 1.48576 -0.0624973 0.210868 0.0672636 -1.21725e-17 4.50977 0.67399 -0.0222323 -5.68074 -3.78936 -1.70689e-17 4.54241 0.39741 2.35601 -8.78673 -1.79484 -1.89342e-17 4.5512 0.720839 0.971609 -6.85444 1.52088 1.16172 -7.16758 7.09827 -1.48305 0.234795 -3.15683 12.2059 3.06167 -3.07978 -67.211 7.77631 -25.8516 27.5197 0.056351 0.129118 3.79827 -0.602337 -18.608 22.8331 0.0467536 0.107129 3.36947 0.568552 -1.88518 -1.16172 -7.16756 7.09818 1.13825 0.877432 4.18351 -12.2059 3.06167 -3.07978 71.0552 8.84893 29.9353 -27.5197 0.056351 0.129118 -5.74255 -1.4438 28.7989 -22.8331 0.0467534 0.107129 -3.25514 17.1907 4.00723 8.70282 -3.96247 1.9152 10.8916 -21.7604 3.27443 -0.803084 -36.5309 -0.617314 -6.28505 22.5024 0.852824 -2.19176 -38.0664 -5.69911 -1.50514 -11.2547 16.3434 0.734061 -9.31305 11.7736 1.03119e-16 -7.91877e-16 9.16274e-18 -8.70282 -3.96247 1.9152 6.32806 -29.8794 20.304 0.803084 -36.5309 -0.617314 4.9619 18.0753 -0.471215 2.19176 -38.0664 -5.69911 -1.76149 -1.59421 -15.0275 -0.734061 -9.31305 11.7736 -5.70264e-16 -5.60713e-16 -1.27479e-14 
-4.84533 86.3714 -177.627 -7.71158 16.8873 8.62334 0 4.78511 -1.08482 1.32664 2.75315 -0.458773 0 5.29195 1.00949 1.33086 2.84056 -0.274182 -9.66735e-18 5.64355 0.108362 1.19454 3.37968 -0.201518 -1.04072e-17 6.12977 -0.417886 1.1324 4.3734 -0.156879 -1.85891e-17 7.16586 -1.41888 0.992963 4.2815 -0.338715 -2.38665e-17 8.94839 -0.861631 0.747853 4.36468 -0.592117 -2.73615e-17 9.94144 1.48576 -0.0642145 0.232724 0.0896169 -1.21725e-17 4.50977 0.67399 0.00596847 -6.18663 -3.62171 -1.70689e-17 4.54241 0.39741 2.49805 -8.88496 -1.69616 -1.89342e-17 4.5512 0.720839 1.11143 -6.74103 1.62165 1.16172 -7.16758 7.09827 -1.11475 0.331246 -3.61245 12.2059 3.06167 -3.07978 -65.9018 6.90258 -27.5385 27.5197 0.056351 0.129118 4.10949 -0.710117 -20.1921 22.8331 0.0467536 0.107129 3.47761 0.840147 -1.9667 -1.16172 -7.16756 7.09818 0.746877 0.977647 4.96107 -12.2059 3.06167 -3.07978 70.8839 7.73422 31.7234 -27.5197 0.056351 0.129118 -6.00802 -1.59231 30.258 -22.8331 0.0467534 0.107129 -3.39163 18.5468 4.13584 8.70282 -3.96247 1.9152 11.8739 -25.2301 2.92552 -0.803084 -36.5309 -0.617314 -7.31115 25.7609 1.21533 -2.19176 -38.0664 -5.69911 -1.88767 -12.063 16.4902 0.734061 -9.31305 11.7736 1.13928e-15 -7.48704e-16 -3.40108e-17 -8.70282 -3.96247 1.9152 6.7575 -33.2182 20.1681 0.803084 -36.5309 -0.617314 5.86695 21.1297 -0.721488 2.19176 -38.0664 -5.69911 -1.73959 -2.25866 -15.0776 -0.734061 -9.31305 11.7736 -2.50965e-16 -5.81484e-16 -1.2757e-14 
-5.06011 85.9554 -177.755 -8.02573 18.1229 9.02427 0 4.78511 -1.08482 1.27887 3.60513 -0.497641 0 5.29195 1.00949 1.31207 3.45279 -0.326308 -9.66735e-18 5.64355 0.108362 1.194 3.74482 -0.255896 -1.04072e-17 6.12977 -0.417886 1.14818 4.37465 -0.212126 -1.85891e-17 7.16586 -1.41888 1.00486 4.04106 -0.393676 -2.38665e-17 8.94839 -0.861631 0.747452 4.00225 -0.63694 -2.73615e-17 9.94144 1.48576 -0.0658538 0.241627 0.110442 -1.21725e-17 4.50977 0.67399 0.0272402 -6.62136 -3.45897 -1.70689e-17 4.54241 0.39741 2.68629 -8.71891 -1.5992 -1.89342e-17 4.5512 0.720839 1.25364 -6.35475 1.68164 1.16172 -7.16758 7.09827 -0.838783 0.421935 -4.12501 12.2059 3.06167 -3.07978 -64.4758 5.8137 -29.1997 27.5197 0.056351 0.129118 4.39454 -0.817407 -21.6566 22.8331 0.0467536 0.107129 3.53644 1.23098 -1.94341 -1.16172 -7.16756 7.09818 0.515524 1.03224 5.78032 -12.2059 3.06167 -3.07978 70.5665 6.65259 33.5656 -27.5197 0.056351 0.129118 -6.26064 -1.74203 31.6659 -22.8331 0.0467534 0.107129 -3.44702 20.0779 4.12812 8.70282 -3.96247 1.9152 12.6645 -28.3867 2.77188 -0.803084 -36.5309 -0.617314 -8.32723 28.8247 1.62755 -2.19176 -38.0664 -5.69911 -2.20441 -12.6928 16.6316 0.734061 -9.31305 11.7736 7.70289e-17 -7.92693e-16 9.97807e-18 -8.70282 -3.96247 1.9152 7.05804 -36.342 20.1369 0.803084 -36.5309 -0.617314 6.80651 24.1784 -1.03006 2.19176 -38.0664 -5.69911 -1.80305 -3.05827 -15.1319 -0.734061 -9.31305 11.7736 -8.37381e-16 -5.5318e-16 -1.27296e-14 
-5.24099 85.4811 -177.765 -8.16979 19.2353 9.15452 0 4.78511 -1.08482 1.20018 4.30109 -0.504038 0 5.29195 1.00949 1.25797 3.98559 -0.348172 -9.66735e-18 5.64355 0.108362 1.16302 4.11965 -0.28088 -1.04072e-17 6.12977 -0.417886 1.13703 4.5277 -0.237348 -1.85891e-17 7.16586 -1.41888 1.00582 4.03582 -0.415423 -2.38665e-17 8.94839 -0.861631 0.755159 3.93427 -0.649499 -2.73615e-17 9.94144 1.48576 -0.0652585 0.217988 0.126475 -1.21725e-17 4.50977 0.67399 0.0513164 -7.16807 -3.28357 -1.70689e-17 4.54241 0.39741 2.95356 -8.71673 -1.49684 -1.89342e-17 4.5512 0.720839 1.29868 -5.92057 1.69161 1.16172 -7.16758 7.09827 -0.5959 0.35638 -4.63326 12.2059 3.06167 -3.07978 -63.1228 4.46827 -31.1609 27.5197 0.056351 0.129118 4.63345 -0.913821 -22.8948 22.8331 0.0467536 0.107129 3.58277 1.97429 -1.778 -1.16172 -7.16756 7.09818 0.36713 0.911749 6.54269 -12.2059 3.06167 -3.07978 70.2204 5.41909 35.7807 -27.5197 0.056351 0.129118 -6.4521 -1.8612 32.7467 -22.8331 0.0467534 0.107129 -3.48852 22.2894 4.02414 8.70282 -3.96247 1.9152 13.4494 -31.1004 3.18507 -0.803084 -36.5309 -0.617314 -9.33045 31.6849 2.08279 -2.19176 -38.0664 -5.69911 -2.46117 -13.342 16.7487 0.734061 -9.31305 11.7736 7.41716e-16 -7.61128e-16 -2.15868e-17 -8.70282 -3.96247 1.9152 7.37927 -39.0923 20.4629 0.803084 -36.5309 -0.617314 7.73344 27.0543 -1.38044 2.19176 -38.0664 -5.69911 -1.96273 -4.06557 -15.2109 -0.734061 -9.31305 11.7736 1.31322e-15 -6.42789e-16 -1.283e-14 
-5.40057 84.8857 -177.751 -8.23069 19.9854 9.23016 0 4.78511 -1.08482 1.09997 5.16342 -0.493352 0 5.29195 1.00949 1.17889 4.64517 -0.354268 -9.66735e-18 5.64355 0.108362 1.10895 4.58269 -0.29002 -1.04072e-17 6.12977 -0.417886 1.10376 4.70452 -0.246953 -1.85891e-17 7.16586 -1.41888 0.991149 4.00434 -0.418709 -2.38665e-17 8.94839 -0.861631 0.756883 3.81605 -0.642184 -2.73615e-17 9.94144 1.48576 -0.0630552 0.200393 0.138388 -1.21725e-17 4.50977 0.67399 0.0777622 -7.55625 -3.10936 -1.70689e-17 4.54241 0.39741 3.19347 -8.89919 -1.3991 -1.89342e-17 4.5512 0.720839 1.50992 -5.73832 1.63837 1.16172 -7.16758 7.09827 -0.251913 0.284969 -5.19021 12.2059 3.06167 -3.07978 -61.8833 2.92216 -33.2802 27.5197 0.056351 0.129118 4.80179 -0.985397 -23.7738 22.8331 0.0467536 0.107129 3.68915 3.12844 -1.671 -1.16172 -7.16756 7.09818 0.0181018 0.713122 7.23368 -12.2059 3.06167 -3.07978 70.0702 4.08141 38.2204 -27.5197 0.056351 0.129118 -6.55439 -1.92693 33.3292 -22.8331 0.0467534 0.107129 -3.47796 24.2306 4.01375 8.70282 -3.96247 1.9152 14.2228 -33.4361 3.63751 -0.803084 -36.5309 -0.617314 -10.4369 34.6479 2.63598 -2.19176 -38.0664 -5.69911 -2.64777 -14.1767 16.862 0.734061 -9.31305 11.7736 -3.72721e-16 -8.07563e-16 2.48481e-17 -8.70282 -3.96247 1.9152 7.64196 -41.4081 20.772 0.803084 -36.5309 -0.617314 8.71171 29.9404 -1.79656 2.19176 -38.0664 -5.69911 -2.06733 -5.46812 -15.3411 -0.734061 -9.31305 11.7736 1.20513e-16 -5.93093e-16 -1.27687e-14 
-5.54618 84.1377 -177.74 -8.40221 20.4368 9.30523 0 4.78511 -1.08482 1.03399 6.15574 -0.47681 0 5.29195 1.00949 1.12963 5.38793 -0.352652 -9.66735e-18 5.64355 0.108362 1.07621 5.08323 -0.29263 -1.04072e-17 6.12977 -0.417886 1.08313 4.84159 -0.251442 -1.85891e-17 7.16586 -1.41888 0.981679 3.87946 -0.419608 -2.38665e-17 8.94839 -0.861631 0.755976 3.56972 -0.634081 -2.73615e-17 9.94144 1.48576 -0.0603892 0.199645 0.147241 -1.21725e-17 4.50977 0.67399 0.136995 -7.61381 -2.87151 -1.70689e-17 4.54241 0.39741 3.37857 -9.1099 -1.27665 -1.89342e-17 4.5512 0.720839 1.7451 -5.91575 1.54412 1.16172 -7.16758 7.09827 0.219086 0.23987 -5.75819 12.2059 3.06167 -3.07978 -60.802 1.35254 -35.2237 27.5197 0.056351 0.129118 4.9352 -1.0443 -24.4744 22.8331 0.0467536 0.107129 3.78411 4.45054 -1.57194 -1.16172 -7.16756 7.09818 -0.558964 0.48599 7.82035 -12.2059 3.06167 -3.07978 70.008 2.89172 40.5882 -27.5197 0.056351 0.129118 -6.60505 -1.96004 33.6191 -22.8331 0.0467534 0.107129 -3.44162 25.6322 4.03208 8.70282 -3.96247 1.9152 14.9651 -35.3691 3.65211 -0.803084 -36.5309 -0.617314 -11.5691 37.474 3.25254 -2.19176 -38.0664 -5.69911 -2.46049 -15.5823 16.9715 0.734061 -9.31305 11.7736 -3.2054e-16 -8.05932e-16 2.32174e-17 -8.70282 -3.96247 1.9152 8.07108 -43.4943 20.9979 0.803084 -36.5309 -0.617314 9.81383 33.004 -2.31814 2.19176 -38.0664 -5.69911 -2.31738 -7.07191 -15.484 -0.734061 -9.31305 11.7736 -9.93923e-16 -5.46658e-16 -1.27222e-14 
-5.7316 83.2075 -177.803 -8.8046 20.7615 9.37787 0 4.78511 -1.08482 1.0202 7.32889 -0.454922 0 5.29195 1.00949 1.12936 6.23076 -0.346008 -9.66735e-18 5.64355 0.108362 1.08411 5.59555 -0.29212 -1.04072e-17 6.12977 -0.417886 1.09399 4.84318 -0.253869 -1.85891e-17 7.16586 -1.41888 0.993249 3.52443 -0.422547 -2.38665e-17 8.94839 -0.861631 0.763036 3.03411 -0.629035 -2.73615e-17 9.94144 1.48576 -0.0575176 0.241084 0.157373 -1.21725e-17 4.50977 0.67399 0.214795 -7.41001 -2.64153 -1.70689e-17 4.54241 0.39741 3.56762 -9.22983 -1.15787 -1.89342e-17 4.5512 0.720839 1.9186 -6.15433 1.61126 1.16172 -7.16758 7.09827 0.913384 0.303151 -6.2713 12.2059 3.06167 -3.07978 -59.9332 -0.0116591 -36.8356 27.5197 0.056351 0.129118 5.05051 -1.0968 -25.0829 22.8331 0.0467536 0.107129 3.92567 5.35951 -1.53273 -1.16172 -7.16756 7.09818 -1.34613 0.35851 8.34025 -12.2059 3.06167 -3.07978 70.0159 1.99571 42.7294 -27.5197 0.056351 0.129118 -6.64783 -1.98827 33.8646 -22.8331 0.0467534 0.107129 -3.52305 27.0043 4.03379 8.70282 -3.96247 1.9152 16.4049 -37.5771 4.33767 -0.803084 -36.5309 -0.617314 -13.1306 41.0433 4.17765 -2.19176 -38.0664 -5.69911 -2.35951 -17.1012 17.0615 0.734061 -9.31305 11.7736 3.96327e-16 -7.8353e-16 8.15325e-19 -8.70282 -3.96247 1.9152 8.7864 -45.7029 21.0627 0.803084 -36.5309 -0.617314 11.1186 36.3741 -3.00142 2.19176 -38.0664 -5.69911 -2.73062 -8.71381 -15.5927 -0.734061 -9.31305 11.7736 -9.67833e-16 -5.47473e-16 -1.27238e-14 
-5.89775 82.1374 -177.923 -9.31499 20.8362 9.32252 0 4.78511 -1.08482 1.0165 8.61065 -0.422881 0 5.29195 1.00949 1.13888 7.13162 -0.329755 -9.66735e-18 5.64355 0.108362 1.09938 6.12801 -0.282999 -1.04072e-17 6.12977 -0.417886 1.10926 4.79643 -0.248127 -1.85891e-17 7.16586 -1.41888 1.00872 3.07535 -0.418246 -2.38665e-17 8.94839 -0.861631 0.772874 2.37694 -0.620539 -2.73615e-17 9.94144 1.48576 -0.054277 0.301872 0.16526 -1.21725e-17 4.50977 0.67399 0.310125 -6.98553 -2.36548 -1.70689e-17 4.54241 0.39741 3.72627 -9.34637 -1.02184 -1.89342e-17 4.5512 0.720839 2.15574 -6.51052 1.75705 1.16172 -7.16758 7.09827 1.7543 0.399849 -6.73153 12.2059 3.06167 -3.07978 -59.2425 -1.34457 -38.2504 27.5197 0.056351 0.129118 5.15819 -1.14716 -25.6538 22.8331 0.0467536 0.107129 4.02848 5.79584 -1.45123 -1.16172 -7.16756 7.09818 -2.28718 0.240603 8.7487 -12.2059 3.06167 -3.07978 70.2327 1.33165 44.7625 -27.5197 0.056351 0.129118 -6.67938 -2.00928 34.0462 -22.8331 0.0467534 0.107129 -3.75099 28.2993 4.18143 8.70282 -3.96247 1.9152 18.1736 -39.7078 5.17102 -0.803084 -36.5309 -0.617314 -15.0539 44.9515 5.42008 -2.19176 -38.0664 -5.69911 -2.27021 -18.6703 17.1808 0.734061 -9.31305 11.7736 2.48481e-17 -7.95139e-16 1.2424e-17 -8.70282 -3.96247 1.9152 9.66403 -47.8878 21.0291 0.803084 -36.5309 -0.617314 12.6602 40.0071 -3.8905 2.19176 -38.0664 -5.69911 -2.88578 -10.303 -15.7264 -0.734061 -9.31305 11.7736 -6.22444e-16 -5.58267e-16 -1.27454e-14 
-6.03425 80.9407 -178.058 -9.88743 20.8866 9.30149 0 4.78511 -1.08482 1.02169 9.64499 -0.393718 0 5.29195 1.00949 1.15524 7.87404 -0.314313 -9.66735e-18 5.64355 0.108362 1.11869 6.59369 -0.274668 -1.04072e-17 6.12977 -0.417886 1.12518 4.82807 -0.24281 -1.85891e-17 7.16586 -1.41888 1.02317 2.80203 -0.414944 -2.38665e-17 8.94839 -0.861631 0.7798 1.94943 -0.615801 -2.73615e-17 9.94144 1.48576 -0.0489792 0.343407 0.166648 -1.21725e-17 4.50977 0.67399 0.407088 -6.21123 -2.06376 -1.70689e-17 4.54241 0.39741 3.84913 -9.39121 -0.880628 -1.89342e-17 4.5512 0.720839 2.45137 -7.12507 1.90132 1.16172 -7.16758 7.09827 2.62244 0.310733 -7.00972 12.2059 3.06167 -3.07978 -58.8202 -2.66714 -39.6101 27.5197 0.056351 0.129118 5.26067 -1.19632 -26.1995 22.8331 0.0467536 0.107129 4.08809 6.25926 -1.36794 -1.16172 -7.16756 7.09818 -3.21319 -0.0547232 8.93335 -12.2059 3.06167 -3.07978 70.4836 0.814917 46.6278 -27.5197 0.056351 0.129118 -6.73506 -2.04668 34.3674 -22.8331 0.0467534 0.107129 -3.88197 29.164 4.34439 8.70282 -3.96247 1.9152 19.9547 -41.7389 5.8233 -0.803084 -36.5309 -0.617314 -17.1874 48.7219 6.90901 -2.19176 -38.0664 -5.69911 -2.19896 -20.5368 17.2911 0.734061 -9.31305 11.7736 7.70283e-17 -7.92693e-16 9.9781e-18 -8.70282 -3.96247 1.9152 10.5566 -50.1456 20.9623 0.803084 -36.5309 -0.617314 14.4358 43.7513 -5.00953 2.19176 -38.0664 -5.69911 -2.96354 -11.9468 -15.8781 -0.734061 -9.31305 11.7736 -1.02001e-15 -5.45843e-16 -1.27214e-14 
-6.15973 79.7194 -178.113 -10.4497 21.2727 9.05442 0 4.78511 -1.08482 0.999629 10.4186 -0.340526 0 5.29195 1.00949 1.14411 8.43578 -0.278975 -9.66735e-18 5.64355 0.108362 1.11179 6.95604 -0.246233 -1.04072e-17 6.12977 -0.417886 1.1163 4.87594 -0.217757 -1.85891e-17 7.16586 -1.41888 1.01917 2.6298 -0.388204 -2.38665e-17 8.94839 -0.861631 0.78019 1.66764 -0.587143 -2.73615e-17 9.94144 1.48576 -0.0439443 0.36907 0.163192 -1.21725e-17 4.50977 0.67399 0.481121 -5.48796 -1.76293 -1.70689e-17 4.54241 0.39741 3.97625 -9.29606 -0.740757 -1.89342e-17 4.5512 0.720839 2.59435 -7.5623 2.08562 1.16172 -7.16758 7.09827 3.42854 0.167175 -7.23257 12.2059 3.06167 -3.07978 -58.6343 -4.05703 -40.9079 27.5197 0.056351 0.129118 5.32239 -1.2265 -26.5294 22.8331 0.0467536 0.107129 4.23595 7.04073 -1.36894 -1.16172 -7.16756 7.09818 -4.01394 -0.375891 9.01463 -12.2059 3.06167 -3.07978 70.6457 0.490256 48.3544 -27.5197 0.056351 0.129118 -6.78736 -2.08223 34.6703 -22.8331 0.0467534 0.107129 -3.93039 29.8638 4.49466 8.70282 -3.96247 1.9152 21.8684 -43.9489 6.60898 -0.803084 -36.5309 -0.617314 -19.6229 52.4002 8.72369 -2.19176 -38.0664 -5.69911 -2.07312 -22.1497 17.411 0.734061 -9.31305 11.7736 7.15644e-16 -7.62758e-16 -1.9957e-17 -8.70282 -3.96247 1.9152 11.8555 -52.4846 21.6197 0.803084 -36.5309 -0.617314 16.2867 47.1976 -6.26763 2.19176 -38.0664 -5.69911 -3.09458 -13.5808 -16.0352 -0.734061 -9.31305 11.7736 -1.28715e-15 -5.3831e-16 -1.27139e-14 
-6.24479 78.5105 -178.004 -11.0184 21.9234 8.69555 0 4.78511 -1.08482 0.960473 10.7262 -0.273368 0 5.29195 1.00949 1.10985 8.69047 -0.229392 -9.66735e-18 5.64355 0.108362 1.07999 7.16028 -0.204546 -1.04072e-17 6.12977 -0.417886 1.08214 5.01055 -0.179946 -1.85891e-17 7.16586 -1.41888 0.993258 2.71089 -0.345411 -2.38665e-17 8.94839 -0.861631 0.767888 1.73025 -0.540332 -2.73615e-17 9.94144 1.48576 -0.0408714 0.35446 0.152538 -1.21725e-17 4.50977 0.67399 0.507688 -4.82978 -1.48532 -1.70689e-17 4.54241 0.39741 3.99761 -9.09143 -0.616899 -1.89342e-17 4.5512 0.720839 2.72999 -7.78895 2.29062 1.16172 -7.16758 7.09827 4.07888 -0.161714 -7.35331 12.2059 3.06167 -3.07978 -58.7188 -5.53858 -42.2373 27.5197 0.056351 0.129118 5.33127 -1.23088 -26.5769 22.8331 0.0467536 0.107129 4.25964 8.25894 -1.39451 -1.16172 -7.16756 7.09818 -4.53184 -0.812554 8.97998 -12.2059 3.06167 -3.07978 70.69 0.339021 49.9082 -27.5197 0.056351 0.129118 -6.81258 -2.09952 34.8167 -22.8331 0.0467534 0.107129 -3.95723 30.6441 4.52443 8.70282 -3.96247 1.9152 23.9492 -46.1152 7.69378 -0.803084 -36.5309 -0.617314 -22.3277 55.834 10.8525 -2.19176 -38.0664 -5.69911 -1.94806 -23.5058 17.5083 0.734061 -9.31305 11.7736 -8.22462e-16 -8.34856e-16 5.21417e-17 -8.70282 -3.96247 1.9152 13.4161 -54.7807 22.6671 0.803084 -36.5309 -0.617314 18.2236 50.3621 -7.66758 2.19176 -38.0664 -5.69911 -3.21566 -15.1811 -16.1863 -0.734061 -9.31305 11.7736 1.20528e-16 -5.93093e-16 -1.27687e-14 
-6.32607 77.3417 -177.879 -11.7062 22.932 8.36906 0 4.78511 -1.08482 0.92234 10.604 -0.189461 0 5.29195 1.00949 1.07539 8.70021 -0.163161 -9.66735e-18 5.64355 0.108362 1.04951 7.28023 -0.147281 -1.04072e-17 6.12977 -0.417886 1.05102 5.33185 -0.126795 -1.85891e-17 7.16586 -1.41888 0.977614 3.15773 -0.289003 -2.38665e-17 8.94839 -0.861631 0.77282 2.26056 -0.482565 -2.73615e-17 9.94144 1.48576 -0.0348306 0.282995 0.134443 -1.21725e-17 4.50977 0.67399 0.576195 -4.45669 -1.0867 -1.70689e-17 4.54241 0.39741 4.1215 -9.15764 -0.433215 -1.89342e-17 4.5512 0.720839 2.71628 -8.04817 2.40453 1.16172 -7.16758 7.09827 4.56494 -0.788369 -7.41636 12.2059 3.06167 -3.07978 -58.8976 -7.33724 -44.1355 27.5197 0.056351 0.129118 5.31275 -1.22176 -26.4778 22.8331 0.0467536 0.107129 4.20465 9.68083 -1.27336 -1.16172 -7.16756 7.09818 -4.91747 -1.52231 8.82867 -12.2059 3.06167 -3.07978 70.7409 -0.133315 51.9582 -27.5197 0.056351 0.129118 -6.80282 -2.09281 34.7599 -22.8331 0.0467534 0.107129 -3.72521 31.617 4.32796 8.70282 -3.96247 1.9152 26.3318 -48.4248 9.07593 -0.803084 -36.5309 -0.617314 -25.2343 58.9044 13.2433 -2.19176 -38.0664 -5.69911 -1.88819 -24.7872 17.5944 0.734061 -9.31305 11.7736 -1.46109e-15 -8.64792e-16 8.20772e-17 -8.70282 -3.96247 1.9152 15.4521 -57.2587 24.2085 0.803084 -36.5309 -0.617314 20.2169 53.2085 -9.18199 2.19176 -38.0664 -5.69911 -3.43925 -16.5553 -16.3222 -0.734061 -9.31305 11.7736 -9.67838e-16 -5.47473e-16 -1.27238e-14 
-6.42606 76.2437 -177.744 -12.3205 23.7539 8.41923 0 4.78511 -1.08482 0.844541 10.4198 -0.142266 0 5.29195 1.00949 1.00634 8.71061 -0.134277 -9.66735e-18 5.64355 0.108362 0.992306 7.46201 -0.126734 -1.04072e-17 6.12977 -0.417886 0.999691 5.81666 -0.109447 -1.85891e-17 7.16586 -1.41888 0.943396 3.83493 -0.265445 -2.38665e-17 8.94839 -0.861631 0.760637 3.05568 -0.452258 -2.73615e-17 9.94144 1.48576 -0.0267258 0.173338 0.10752 -1.21725e-17 4.50977 0.67399 0.595737 -3.96989 -0.882168 -1.70689e-17 4.54241 0.39741 4.21259 -9.4413 -0.344453 -1.89342e-17 4.5512 0.720839 3.16811 -8.57923 2.62394 1.16172 -7.16758 7.09827 5.01449 -1.62707 -7.51925 12.2059 3.06167 -3.07978 -59.0597 -9.49641 -46.6973 27.5197 0.056351 0.129118 5.22179 -1.17752 -25.9922 22.8331 0.0467536 0.107129 4.0619 11.9243 -1.07873 -1.16172 -7.16756 7.09818 -5.41814 -2.50827 8.5672 -12.2059 3.06167 -3.07978 71.0059 -0.752512 54.3657 -27.5197 0.056351 0.129118 -6.74823 -2.05559 34.4435 -22.8331 0.0467534 0.107129 -3.39731 32.1699 4.13406 8.70282 -3.96247 1.9152 28.1664 -50.5808 9.77445 -0.803084 -36.5309 -0.617314 -28.2773 61.5707 15.8341 -2.19176 -38.0664 -5.69911 -1.87646 -25.8257 17.6667 0.734061 -9.31305 11.7736 5.09337e-17 -7.94323e-16 1.16089e-17 -8.70282 -3.96247 1.9152 17.0379 -59.3986 25.3522 0.803084 -36.5309 -0.617314 22.2584 55.7535 -10.7968 2.19176 -38.0664 -5.69911 -3.63202 -17.9014 -16.4389 -0.734061 -9.31305 11.7736 -5.70268e-16 -5.60712e-16 -1.27479e-14 
-6.53486 75.3183 -177.542 -12.797 24.5261 8.92094 0 4.78511 -1.08482 0.744289 10.2867 -0.144337 0 5.29195 1.00949 0.921753 8.79886 -0.15424 -9.66735e-18 5.64355 0.108362 0.926889 7.74264 -0.155503 -1.04072e-17 6.12977 -0.417886 0.945735 6.43745 -0.140909 -1.85891e-17 7.16586 -1.41888 0.90282 4.68235 -0.290304 -2.38665e-17 8.94839 -0.861631 0.734553 4.02488 -0.463506 -2.73615e-17 9.94144 1.48576 -0.0170044 0.0281157 0.0771748 -1.21725e-17 4.50977 0.67399 0.600228 -3.46726 -0.827446 -1.70689e-17 4.54241 0.39741 4.34736 -9.92906 -0.326935 -1.89342e-17 4.5512 0.720839 3.67228 -9.42843 2.81328 1.16172 -7.16758 7.09827 5.4061 -2.58993 -7.7529 12.2059 3.06167 -3.07978 -59.2052 -12.0246 -49.8855 27.5197 0.056351 0.129118 5.07166 -1.10658 -25.1948 22.8331 0.0467536 0.107129 3.97126 15.0818 -0.858705 -1.16172 -7.16756 7.09818 -6.00064 -3.72531 8.29682 -12.2059 3.06167 -3.07978 71.4179 -1.70707 57.0841 -27.5197 0.056351 0.129118 -6.69693 -2.02101 34.1472 -22.8331 0.0467534 0.107129 -2.96423 32.5281 3.89271 8.70282 -3.96247 1.9152 28.956 -52.7196 9.33817 -0.803084 -36.5309 -0.617314 -31.1757 63.6951 18.3664 -2.19176 -38.0664 -5.69911 -1.77543 -26.4265 17.7583 0.734061 -9.31305 11.7736 2.13732e-16 -7.91682e-16 8.96695e-18 -8.70282 -3.96247 1.9152 17.5896 -61.2951 25.3963 0.803084 -36.5309 -0.617314 24.2185 57.8957 -12.3973 2.19176 -38.0664 -5.69911 -4.02394 -19.0538 -16.5213 -0.734061 -9.31305 11.7736 -2.2487e-16 -5.823e-16 -1.27587e-14 
-6.73309 74.2991 -177.459 -13.2053 25.4273 9.75235 0 4.78511 -1.08482 0.644452 10.8793 -0.20513 0 5.29195 1.00949 0.856645 9.27619 -0.238264 -9.66735e-18 5.64355 0.108362 0.883051 8.08807 -0.24349 -1.04072e-17 6.12977 -0.417886 0.916231 6.57159 -0.231999 -1.85891e-17 7.16586 -1.41888 0.86935 4.67474 -0.374303 -2.38665e-17 8.94839 -0.861631 0.695383 3.93643 -0.535291 -2.73615e-17 9.94144 1.48576 -0.00598969 0.0216001 0.0603076 -1.21725e-17 4.50977 0.67399 0.626899 -2.83488 -0.700273 -1.70689e-17 4.54241 0.39741 4.45121 -9.98062 -0.271165 -1.89342e-17 4.5512 0.720839 3.98503 -9.63703 2.90245 1.16172 -7.16758 7.09827 6.22258 -2.88382 -8.12194 12.2059 3.06167 -3.07978 -58.7759 -14.1282 -52.0022 27.5197 0.056351 0.129118 4.96305 -1.05684 -24.6211 22.8331 0.0467536 0.107129 4.17782 16.5839 -0.923297 -1.16172 -7.16756 7.09818 -6.92399 -4.31743 8.21302 -12.2059 3.06167 -3.07978 71.6916 -2.27517 58.8436 -27.5197 0.056351 0.129118 -6.70048 -2.02339 34.1677 -22.8331 0.0467534 0.107129 -3.11471 32.1722 3.98387 8.70282 -3.96247 1.9152 29.6372 -55.3377 8.84442 -0.803084 -36.5309 -0.617314 -34.7641 65.8813 21.5687 -2.19176 -38.0664 -5.69911 -1.61784 -26.8465 17.8091 0.734061 -9.31305 11.7736 -2.57554e-15 -9.11227e-16 1.28513e-16 -8.70282 -3.96247 1.9152 17.4298 -63.8585 24.5115 0.803084 -36.5309 -0.617314 26.9294 60.4508 -14.6768 2.19176 -38.0664 -5.69911 -4.24388 -19.8521 -16.5604 -0.734061 -9.31305 11.7736 -6.2244e-16 -5.58267e-16 -1.27454e-14 
-7.04706 73.306 -177.432 -13.6208 26.5263 10.6109 0 4.78511 -1.08482 0.577862 11.4728 -0.272481 0 5.29195 1.00949 0.831723 9.73051 -0.33093 -9.66735e-18 5.64355 0.108362 0.877423 8.38482 -0.339162 -1.04072e-17 6.12977 -0.417886 0.921423 6.60847 -0.329927 -1.85891e-17 7.16586 -1.41888 0.865651 4.53901 -0.468719 -2.38665e-17 8.94839 -0.861631 0.676792 3.70125 -0.62582 -2.73615e-17 9.94144 1.48576 0.00798697 0.0431691 0.045465 -1.21725e-17 4.50977 0.67399 0.685936 -1.85283 -0.514943 -1.70689e-17 4.54241 0.39741 4.59126 -9.79094 -0.188296 -1.89342e-17 4.5512 0.720839 4.06215 -10.0248 3.03099 1.16172 -7.16758 7.09827 7.26507 -3.17151 -8.24913 12.2059 3.06167 -3.07978 -58.4304 -15.9283 -53.7348 27.5197 0.056351 0.129118 4.89656 -1.02704 -24.2711 22.8331 0.0467536 0.107129 4.37136 17.6256 -0.910293 -1.16172 -7.16756 7.09818 -7.9432 -4.81657 7.97296 -12.2059 3.06167 -3.07978 71.9316 -2.61386 60.1247 -27.5197 0.056351 0.129118 -6.79207 -2.08545 34.6975 -22.8331 0.0467534 0.107129 -3.25301 31.4996 4.0441 8.70282 -3.96247 1.9152 30.9642 -58.0199 9.28715 -0.803084 -36.5309 -0.617314 -38.6981 67.8357 25.1449 -2.19176 -38.0664 -5.69911 -1.58059 -27.2655 17.8608 0.734061 -9.31305 11.7736 -7.94946e-17 -8.0003e-16 1.73151e-17 -8.70282 -3.96247 1.9152 17.4397 -66.6896 23.8277 0.803084 -36.5309 -0.617314 30.0196 62.8906 -17.3497 2.19176 -38.0664 -5.69911 -4.39788 -20.4121 -16.58 -0.734061 -9.31305 11.7736 -9.93923e-16 -5.46658e-16 -1.27222e-14 
-7.38442 72.3608 -177.368 -14.1224 27.6793 11.5579 0 4.78511 -1.08482 0.519991 11.7195 -0.33085 0 5.29195 1.00949 0.808586 9.97139 -0.408865 -9.66735e-18 5.64355 0.108362 0.871896 8.5919 -0.418367 -1.04072e-17 6.12977 -0.417886 0.923805 6.75808 -0.408234 -1.85891e-17 7.16586 -1.41888 0.861613 4.66251 -0.542778 -2.38665e-17 8.94839 -0.861631 0.661867 3.80067 -0.69974 -2.73615e-17 9.94144 1.48576 0.0233408 0.0309804 0.0275382 -1.21725e-17 4.50977 0.67399 0.693975 -0.614291 -0.508281 -1.70689e-17 4.54241 0.39741 4.71003 -9.58649 -0.197789 -1.89342e-17 4.5512 0.720839 4.45345 -10.4655 3.32726 1.16172 -7.16758 7.09827 8.31776 -3.78159 -8.0221 12.2059 3.06167 -3.07978 -58.516 -17.3788 -55.5895 27.5197 0.056351 0.129118 4.83519 -0.999953 -23.9489 22.8331 0.0467536 0.107129 4.64586 20.5248 -0.870696 -1.16172 -7.16756 7.09818 -8.8318 -5.4912 7.50387 -12.2059 3.06167 -3.07978 72.2164 -2.81318 61.1126 -27.5197 0.056351 0.129118 -6.95528 -2.19914 35.6498 -22.8331 0.0467534 0.107129 -3.32507 31.2704 4.05716 8.70282 -3.96247 1.9152 32.7407 -60.811 10.2056 -0.803084 -36.5309 -0.617314 -43.3777 69.6989 29.4653 -2.19176 -38.0664 -5.69911 -1.79486 -27.2826 17.9005 0.734061 -9.31305 11.7736 -1.53934e-15 -8.68053e-16 8.53379e-17 -8.70282 -3.96247 1.9152 16.9974 -69.5652 22.5466 0.803084 -36.5309 -0.617314 33.5181 65.1711 -20.4494 2.19176 -38.0664 -5.69911 -4.37886 -20.8343 -16.5531 -0.734061 -9.31305 11.7736 -9.41752e-16 -5.49103e-16 -1.27247e-14 
-7.63268 71.5454 -177.164 -14.799 29.2439 12.4921 0 4.78511 -1.08482 0.452162 11.6643 -0.353594 0 5.29195 1.00949 0.77579 10.0121 -0.452092 -9.66735e-18 5.64355 0.108362 0.858886 8.69101 -0.462811 -1.04072e-17 6.12977 -0.417886 0.920993 6.94999 -0.45179 -1.85891e-17 7.16586 -1.41888 0.862446 4.93774 -0.581264 -2.38665e-17 8.94839 -0.861631 0.664511 4.10561 -0.744833 -2.73615e-17 9.94144 1.48576 0.0413717 -0.00209326 0.00816336 -1.21725e-17 4.50977 0.67399 0.728901 0.650235 -0.427453 -1.70689e-17 4.54241 0.39741 4.95333 -9.27573 -0.168621 -1.89342e-17 4.5512 0.720839 4.6312 -10.8211 3.63267 1.16172 -7.16758 7.09827 9.3089 -4.5431 -7.64505 12.2059 3.06167 -3.07978 -58.937 -18.735 -57.6121 27.5197 0.056351 0.129118 4.77817 -0.975162 -23.6502 22.8331 0.0467536 0.107129 4.97973 24.8616 -0.713128 -1.16172 -7.16756 7.09818 -9.61673 -6.23947 6.92735 -12.2059 3.06167 -3.07978 72.5107 -3.14496 62.0819 -27.5197 0.056351 0.129118 -7.16167 -2.34877 36.8699 -22.8331 0.0467534 0.107129 -3.16106 31.9767 3.84562 8.70282 -3.96247 1.9152 35.022 -63.7739 11.6462 -0.803084 -36.5309 -0.617314 -48.3204 71.2523 34.0863 -2.19176 -38.0664 -5.69911 -1.98754 -27.0457 17.9631 0.734061 -9.31305 11.7736 -1.03743e-15 -8.39129e-16 5.6414e-17 -8.70282 -3.96247 1.9152 16.2369 -72.5805 20.8074 0.803084 -36.5309 -0.617314 37.0859 67.0836 -23.6723 2.19176 -38.0664 -5.69911 -4.25514 -21.1843 -16.53 -0.734061 -9.31305 11.7736 -1.98785e-16 -5.8393e-16 -1.27595e-14 
-7.74251 70.8131 -176.885 -15.5415 31.2032 13.4731 0 4.78511 -1.08482 0.389532 11.6055 -0.374222 0 5.29195 1.00949 0.749468 10.0194 -0.494215 -9.66735e-18 5.64355 0.108362 0.850274 8.73549 -0.504083 -1.04072e-17 6.12977 -0.417886 0.920139 7.04222 -0.492076 -1.85891e-17 7.16586 -1.41888 0.861468 5.08484 -0.614516 -2.38665e-17 8.94839 -0.861631 0.662059 4.27131 -0.788119 -2.73615e-17 9.94144 1.48576 0.0623366 -0.00497793 -0.010827 -1.21725e-17 4.50977 0.67399 0.773274 1.84485 -0.249391 -1.70689e-17 4.54241 0.39741 5.14116 -8.91852 -0.0935558 -1.89342e-17 4.5512 0.720839 4.70534 -10.8614 3.93787 1.16172 -7.16758 7.09827 10.3631 -5.2338 -7.13962 12.2059 3.06167 -3.07978 -59.3048 -19.9127 -59.4684 27.5197 0.056351 0.129118 4.79104 -0.980725 -23.7175 22.8331 0.0467536 0.107129 5.61191 29.011 -1.03043 -1.16172 -7.16756 7.09818 -10.5403 -6.85499 6.22722 -12.2059 3.06167 -3.07978 72.5592 -3.4297 62.8643 -27.5197 0.056351 0.129118 -7.40134 -2.53115 38.3108 -22.8331 0.0467534 0.107129 -3.08418 32.587 3.7658 8.70282 -3.96247 1.9152 38.2607 -66.8784 14.3574 -0.803084 -36.5309 -0.617314 -53.5243 72.5375 38.9984 -2.19176 -38.0664 -5.69911 -2.3608 -26.6514 17.9614 0.734061 -9.31305 11.7736 7.4173e-16 -7.61127e-16 -2.15874e-17 -8.70282 -3.96247 1.9152 15.8178 -75.8517 19.8342 0.803084 -36.5309 -0.617314 40.9355 68.7813 -27.2028 2.19176 -38.0664 -5.69911 -4.07401 -21.3846 -16.5171 -0.734061 -9.31305 11.7736 -1.98785e-16 -5.8393e-16 -1.27595e-14 
-7.77811 70.1968 -176.55 -16.2238 33.2293 14.4387 0 4.78511 -1.08482 0.350936 11.5611 -0.404766 0 5.29195 1.00949 0.748299 10.041 -0.545729 -9.66735e-18 5.64355 0.108362 0.864394 8.80416 -0.554302 -1.04072e-17 6.12977 -0.417886 0.938036 7.17284 -0.541467 -1.85891e-17 7.16586 -1.41888 0.873498 5.28419 -0.659325 -2.38665e-17 8.94839 -0.861631 0.661438 4.49723 -0.843276 -2.73615e-17 9.94144 1.48576 0.0842641 -0.00858944 -0.0267819 -1.21725e-17 4.50977 0.67399 0.813115 3.11508 -0.0445252 -1.70689e-17 4.54241 0.39741 5.23469 -8.51173 -0.00766926 -1.89342e-17 4.5512 0.720839 4.69087 -11.0026 4.21557 1.16172 -7.16758 7.09827 11.5118 -5.96634 -6.42513 12.2059 3.06167 -3.07978 -59.2176 -20.8088 -61.1213 27.5197 0.056351 0.129118 4.91662 -1.03597 -24.3766 22.8331 0.0467536 0.107129 5.92258 32.8133 -1.2151 -1.16172 -7.16756 7.09818 -11.4976 -7.48258 5.448 -12.2059 3.06167 -3.07978 72.3866 -3.8052 63.6604 -27.5197 0.056351 0.129118 -7.72571 -2.79365 40.3061 -22.8331 0.0467534 0.107129 -2.81637 33.0252 3.64362 8.70282 -3.96247 1.9152 42.0774 -69.6866 17.9379 -0.803084 -36.5309 -0.617314 -58.2801 73.4667 43.5187 -2.19176 -38.0664 -5.69911 -2.82931 -26.2579 17.9579 0.734061 -9.31305 11.7736 -3.46636e-16 -8.06748e-16 2.40329e-17 -8.70282 -3.96247 1.9152 17.7117 -78.938 21.979 0.803084 -36.5309 -0.617314 44.783 70.1789 -30.7739 2.19176 -38.0664 -5.69911 -3.99938 -21.4782 -16.5608 -0.734061 -9.31305 11.7736 -1.98785e-16 -5.8393e-16 -1.27595e-14 
-7.84098 69.602 -176.199 -16.9177 35.1222 15.4305 0 4.78511 -1.08482 0.313831 11.5556 -0.452701 0 5.29195 1.00949 0.75016 10.0795 -0.614126 -9.66735e-18 5.64355 0.108362 0.881688 8.87861 -0.622543 -1.04072e-17 6.12977 -0.417886 0.958567 7.28485 -0.609423 -1.85891e-17 7.16586 -1.41888 0.883614 5.4488 -0.722541 -2.38665e-17 8.94839 -0.861631 0.651509 4.68289 -0.911168 -2.73615e-17 9.94144 1.48576 0.10305 0.0022626 -0.0396146 -1.21725e-17 4.50977 0.67399 0.819222 4.50079 0.164968 -1.70689e-17 4.54241 0.39741 5.19838 -7.8878 0.0820073 -1.89342e-17 4.5512 0.720839 4.72028 -10.8018 4.54098 1.16172 -7.16758 7.09827 12.7235 -6.57662 -5.60044 12.2059 3.06167 -3.07978 -58.5612 -21.3207 -62.0036 27.5197 0.056351 0.129118 5.09074 -1.11545 -25.2959 22.8331 0.0467536 0.107129 5.84742 36.0148 -1.00262 -1.16172 -7.16756 7.09818 -12.3412 -8.03023 4.73684 -12.2059 3.06167 -3.07978 72.1424 -4.02755 64.3088 -27.5197 0.056351 0.129118 -8.05812 -3.08288 42.4118 -22.8331 0.0467534 0.107129 -2.62312 34.127 3.35639 8.70282 -3.96247 1.9152 46.4573 -72.3161 21.9901 -0.803084 -36.5309 -0.617314 -63.3039 74.244 48.3177 -2.19176 -38.0664 -5.69911 -3.16901 -25.6706 17.9486 0.734061 -9.31305 11.7736 2.48481e-17 -7.95139e-16 1.2424e-17 -8.70282 -3.96247 1.9152 22.593 -81.7039 27.4119 0.803084 -36.5309 -0.617314 48.8184 71.3894 -34.5546 2.19176 -38.0664 -5.69911 -4.09579 -21.5755 -16.6044 -0.734061 -9.31305 11.7736 -1.98785e-16 -5.8393e-16 -1.27595e-14 
-7.92887 69.2108 -175.684 -17.8862 37.0989 16.8544 0 4.78511 -1.08482 0.259695 11.405 -0.50264 0 5.29195 1.00949 0.735923 10.0489 -0.683581 -9.66735e-18 5.64355 0.108362 0.88817 8.95261 -0.693758 -1.04072e-17 6.12977 -0.417886 0.972738 7.51663 -0.68029 -1.85891e-17 7.16586 -1.41888 0.893068 5.8192 -0.787838 -2.38665e-17 8.94839 -0.861631 0.644635 5.11641 -0.981066 -2.73615e-17 9.94144 1.48576 0.125045 -0.0172944 -0.0554098 -1.21725e-17 4.50977 0.67399 0.825088 5.99661 0.419 -1.70689e-17 4.54241 0.39741 5.16081 -7.21651 0.196785 -1.89342e-17 4.5512 0.720839 4.66575 -10.6091 4.84493 1.16172 -7.16758 7.09827 13.9736 -7.36362 -4.68632 12.2059 3.06167 -3.07978 -57.9008 -21.9284 -63.1074 27.5197 0.056351 0.129118 5.25957 -1.19577 -26.1937 22.8331 0.0467536 0.107129 5.867 38.6272 -0.859441 -1.16172 -7.16756 7.09818 -13.1548 -8.74711 3.92606 -12.2059 3.06167 -3.07978 72.0182 -4.42483 65.3037 -27.5197 0.056351 0.129118 -8.28471 -3.29277 43.8869 -22.8331 0.0467534 0.107129 -2.45773 35.0446 2.96135 8.70282 -3.96247 1.9152 50.9332 -74.8629 25.9556 -0.803084 -36.5309 -0.617314 -66.7995 74.6809 51.6683 -2.19176 -38.0664 -5.69911 -3.20007 -24.9156 17.9637 0.734061 -9.31305 11.7736 7.70188e-17 -7.92693e-16 9.97854e-18 -8.70282 -3.96247 1.9152 28.5351 -84.0762 33.6329 0.803084 -36.5309 -0.617314 51.7638 72.1374 -37.3322 2.19176 -38.0664 -5.69911 -4.60909 -21.7441 -16.6184 -0.734061 -9.31305 11.7736 -2.50955e-16 -5.81484e-16 -1.2757e-14 
-8.01958 68.7949 -175.118 -19.2608 39.3206 18.7398 0 4.78511 -1.08482 0.291884 11.6022 -0.602378 0 5.29195 1.00949 0.803267 10.1825 -0.795312 -9.66735e-18 5.64355 0.108362 0.960387 9.00626 -0.806872 -1.04072e-17 6.12977 -0.417886 1.03618 7.41514 -0.792722 -1.85891e-17 7.16586 -1.41888 0.921974 5.63126 -0.897064 -2.38665e-17 8.94839 -0.861631 0.622225 4.87847 -1.09512 -2.73615e-17 9.94144 1.48576 0.142217 0.0866557 -0.064671 -1.21725e-17 4.50977 0.67399 0.825455 7.6162 0.673645 -1.70689e-17 4.54241 0.39741 5.04993 -6.08735 0.319098 -1.89342e-17 4.5512 0.720839 4.30164 -9.73893 4.95024 1.16172 -7.16758 7.09827 15.6554 -7.71261 -3.58508 12.2059 3.06167 -3.07978 -56.9748 -22.3031 -63.2919 27.5197 0.056351 0.129118 5.45706 -1.2939 -27.2523 22.8331 0.0467536 0.107129 5.77459 38.497 -0.458302 -1.16172 -7.16756 7.09818 -14.5375 -9.02852 2.96726 -12.2059 3.06167 -3.07978 71.2057 -4.45609 65.9242 -27.5197 0.056351 0.129118 -8.40634 -3.41 44.6934 -22.8331 0.0467534 0.107129 -2.55968 34.3098 2.85808 8.70282 -3.96247 1.9152 57.9251 -77.6201 32.3226 -0.803084 -36.5309 -0.617314 -70.2889 75.0428 55.0201 -2.19176 -38.0664 -5.69911 -2.88023 -24.0932 17.971 0.734061 -9.31305 11.7736 7.41744e-16 -7.61127e-16 -2.1588e-17 -8.70282 -3.96247 1.9152 41.0928 -86.7505 46.0888 0.803084 -36.5309 -0.617314 55.1123 72.8712 -40.5049 2.19176 -38.0664 -5.69911 -5.14203 -21.7989 -16.5989 -0.734061 -9.31305 11.7736 -9.93923e-16 -5.46658e-16 -1.27222e-14 
-8.1044 68.5679 -174.403 -21.0485 41.5834 20.7846 0 4.78511 -1.08482 0.347807 11.5107 -0.627886 0 5.29195 1.00949 0.88411 10.1671 -0.834583 -9.66735e-18 5.64355 0.108362 1.04076 9.05271 -0.852437 -1.04072e-17 6.12977 -0.417886 1.10011 7.54337 -0.840437 -1.85891e-17 7.16586 -1.41888 0.959288 5.84436 -0.945875 -2.38665e-17 8.94839 -0.861631 0.617828 5.13538 -1.15389 -2.73615e-17 9.94144 1.48576 0.159072 0.133187 -0.0817916 -1.21725e-17 4.50977 0.67399 0.817071 9.38538 0.81835 -1.70689e-17 4.54241 0.39741 4.90127 -5.09565 0.377029 -1.89342e-17 4.5512 0.720839 4.27298 -9.18926 5.1661 1.16172 -7.16758 7.09827 17.2537 -8.37627 -2.21823 12.2059 3.06167 -3.07978 -56.1996 -22.7412 -63.4451 27.5197 0.056351 0.129118 5.68187 -1.41121 -28.4691 22.8331 0.0467536 0.107129 6.01039 35.5084 -0.948897 -1.16172 -7.16756 7.09818 -15.853 -9.48189 1.7172 -12.2059 3.06167 -3.07978 69.6406 -4.55254 66.4159 -27.5197 0.056351 0.129118 -8.45474 -3.45758 45.0175 -22.8331 0.0467534 0.107129 -2.55322 32.6312 3.02571 8.70282 -3.96247 1.9152 67.8418 -79.6161 41.6644 -0.803084 -36.5309 -0.617314 -71.687 75.1687 56.3649 -2.19176 -38.0664 -5.69911 -2.27033 -23.6214 18.0271 0.734061 -9.31305 11.7736 -3.98802e-16 -8.09193e-16 2.64781e-17 -8.70282 -3.96247 1.9152 88.8797 -88.4307 93.4752 0.803084 -36.5309 -0.617314 57.0223 73.2408 -42.3207 2.19176 -38.0664 -5.69911 -5.6119 -21.9308 -16.5986 -0.734061 -9.31305 11.7736 -9.67842e-16 -5.47473e-16 -1.27238e-14 
-8.18115 68.4519 -173.526 -23.1924 43.728 22.9154 0 4.78511 -1.08482 0.456695 11.2102 -0.569472 0 5.29195 1.00949 1.00064 10.0423 -0.787251 -9.66735e-18 5.64355 0.108362 1.14559 9.10866 -0.814529 -1.04072e-17 6.12977 -0.417886 1.17293 7.8824 -0.807141 -1.85891e-17 7.16586 -1.41888 1.01138 6.414 -0.922935 -2.38665e-17 8.94839 -0.861631 0.633423 5.8336 -1.1378 -2.73615e-17 9.94144 1.48576 0.173945 0.131912 -0.0941365 -1.21725e-17 4.50977 0.67399 0.754744 11.1419 0.920597 -1.70689e-17 4.54241 0.39741 4.57843 -4.12908 0.408339 -1.89342e-17 4.5512 0.720839 4.25377 -8.79801 5.4831 1.16172 -7.16758 7.09827 18.7408 -9.2728 -0.524242 12.2059 3.06167 -3.07978 -54.9957 -22.8163 -63.6007 27.5197 0.056351 0.129118 5.9947 -1.58478 -30.1852 22.8331 0.0467536 0.107129 5.78165 33.1474 -1.06837 -1.16172 -7.16756 7.09818 -16.7784 -10.0628 0.48662 -12.2059 3.06167 -3.07978 68.3586 -4.99614 66.4329 -27.5197 0.056351 0.129118 -8.74025 -3.74953 46.9663 -22.8331 0.0467534 0.107129 -2.54124 30.4831 3.2277 8.70282 -3.96247 1.9152 80.8753 -80.477 54.236 -0.803084 -36.5309 -0.617314 -71.9613 75.1921 56.6287 -2.19176 -38.0664 -5.69911 -2.41106 -23.4613 18.036 0.734061 -9.31305 11.7736 -8.22452e-16 -8.34856e-16 5.21413e-17 -8.70282 -3.96247 1.9152 149.616 -87.5927 153.62 0.803084 -36.5309 -0.617314 58.0361 73.4239 -43.2861 2.19176 -38.0664 -5.69911 -5.86019 -21.9801 -16.6233 -0.734061 -9.31305 11.7736 -5.44192e-16 -5.61527e-16 -1.27487e-14 
-8.18236 68.3848 -172.55 -25.5082 45.9146 25.3009 0 4.78511 -1.08482 0.560979 10.8049 -0.513144 0 5.29195 1.00949 1.09761 9.85289 -0.733898 -9.66735e-18 5.64355 0.108362 1.2257 9.17154 -0.762852 -1.04072e-17 6.12977 -0.417886 1.21517 8.34075 -0.756181 -1.85891e-17 7.16586 -1.41888 1.03293 7.1867 -0.88033 -2.38665e-17 8.94839 -0.861631 0.616783 6.78472 -1.08619 -2.73615e-17 9.94144 1.48576 0.188546 0.0956054 -0.0984705 -1.21725e-17 4.50977 0.67399 0.613471 12.7996 0.862759 -1.70689e-17 4.54241 0.39741 4.02323 -3.30669 0.351004 -1.89342e-17 4.5512 0.720839 4.48787 -8.18171 5.90189 1.16172 -7.16758 7.09827 20.1906 -10.2719 1.5895 12.2059 3.06167 -3.07978 -54.3848 -22.5045 -63.7009 27.5197 0.056351 0.129118 6.64811 -1.9886 -33.8672 22.8331 0.0467536 0.107129 5.21359 30.9281 -0.391118 -1.16172 -7.16756 7.09818 -17.376 -10.7495 -0.758628 -12.2059 3.06167 -3.07978 68.5476 -5.73082 65.7681 -27.5197 0.056351 0.129118 -9.42564 -4.54056 51.9586 -22.8331 0.0467534 0.107129 -2.65031 29.5936 3.05417 8.70282 -3.96247 1.9152 94.3884 -81.0849 67.1683 -0.803084 -36.5309 -0.617314 -71.5207 75.1542 56.2048 -2.19176 -38.0664 -5.69911 -2.88394 -23.3392 18.0186 0.734061 -9.31305 11.7736 -1.38286e-15 -8.61533e-16 7.8818e-17 -8.70282 -3.96247 1.9152 163.93 -85.354 168.147 0.803084 -36.5309 -0.617314 59.4687 73.668 -44.652 2.19176 -38.0664 -5.69911 -5.7988 -21.4088 -16.7081 -0.734061 -9.31305 11.7736 2.24866e-16 -5.97984e-16 -1.27735e-14 
-8.04393 68.3692 -171.473 -27.8709 48.3791 27.9481 0 4.78511 -1.08482 0.623733 10.2787 -0.452208 0 5.29195 1.00949 1.13894 9.56727 -0.666131 -9.66735e-18 5.64355 0.108362 1.25405 9.17682 -0.685816 -1.04072e-17 6.12977 -0.417886 1.21533 8.82299 -0.675819 -1.85891e-17 7.16586 -1.41888 1.0255 8.02287 -0.803618 -2.38665e-17 8.94839 -0.861631 0.588203 7.81688 -0.996271 -2.73615e-17 9.94144 1.48576 0.2047 0.0450784 -0.091369 -1.21725e-17 4.50977 0.67399 0.493778 14.3219 0.476545 -1.70689e-17 4.54241 0.39741 3.62646 -2.62948 0.125021 -1.89342e-17 4.5512 0.720839 5.15083 -7.46866 6.36915 1.16172 -7.16758 7.09827 21.599 -11.256 3.89833 12.2059 3.06167 -3.07978 -54.8473 -21.6397 -63.9068 27.5197 0.056351 0.129118 7.61649 -2.70332 -39.6292 22.8331 0.0467536 0.107129 4.60207 29.4337 1.34178 -1.16172 -7.16756 7.09818 -18.0129 -11.4457 -2.05673 -12.2059 3.06167 -3.07978 69.7959 -6.93962 64.7561 -27.5197 0.056351 0.129118 -10.1858 -5.61387 58.227 -22.8331 0.0467534 0.107129 -2.14093 28.9521 2.2078 8.70282 -3.96247 1.9152 107.633 -81.603 80.0555 -0.803084 -36.5309 -0.617314 -69.4702 74.9641 54.2332 -2.19176 -38.0664 -5.69911 -2.96617 -23.6001 17.9966 0.734061 -9.31305 11.7736 1.16539e-15 -7.47888e-16 -3.4827e-17 -8.70282 -3.96247 1.9152 -162.629 -83.2298 -161.666 0.803084 -36.5309 -0.617314 61.3234 73.96 -46.4232 2.19176 -38.0664 -5.69911 -5.17656 -20.5755 -16.1686 -0.734061 -9.31305 11.7736 4.9203e-16 -6.16312e-16 -1.27919e-14 
-7.883 68.4726 -170.356 -30.3872 50.9887 30.7971 0 4.78511 -1.08482 0.651961 9.97804 -0.36022 0 5.29195 1.00949 1.14176 9.41394 -0.573231 -9.66735e-18 5.64355 0.108362 1.24876 9.21611 -0.580598 -1.04072e-17 6.12977 -0.417886 1.18784 9.20688 -0.569029 -1.85891e-17 7.16586 -1.41888 1.00022 8.65595 -0.69556 -2.38665e-17 8.94839 -0.861631 0.56299 8.58845 -0.874677 -2.73615e-17 9.94144 1.48576 0.221562 0.000999703 -0.0824387 -1.21725e-17 4.50977 0.67399 0.444655 15.3045 -0.079899 -1.70689e-17 4.54241 0.39741 3.38885 -2.37233 -0.193328 -1.89342e-17 4.5512 0.720839 5.83371 -6.44218 7.33543 1.16172 -7.16758 7.09827 22.8694 -12.053 5.75183 12.2059 3.06167 -3.07978 -56.2355 -21.3977 -64.4567 27.5197 0.056351 0.129118 8.45939 -3.46233 -45.0498 22.8331 0.0467536 0.107129 3.97166 28.1675 2.5314 -1.16172 -7.16756 7.09818 -18.673 -11.9396 -3.28 -12.2059 3.06167 -3.07978 71.08 -8.50701 63.9884 -27.5197 0.056351 0.129118 -10.7384 -6.58907 63.5665 -22.8331 0.0467534 0.107129 -2.17619 28.4156 1.96255 8.70282 -3.96247 1.9152 118.207 -81.1777 91.1672 -0.803084 -36.5309 -0.617314 -65.3321 74.5071 50.2608 -2.19176 -38.0664 -5.69911 -2.69984 -24.3714 17.8703 0.734061 -9.31305 11.7736 3.44175e-16 -7.85975e-16 3.26011e-18 -8.70282 -3.96247 1.9152 -160 -80.9202 -159.547 0.803084 -36.5309 -0.617314 61.275 73.9528 -46.377 2.19176 -38.0664 -5.69911 -5.10184 -20.6379 -16.1715 -0.734061 -9.31305 11.7736 -8.896e-16 -5.51548e-16 -1.27271e-14 
-7.79654 68.6275 -169.093 -32.9886 53.4362 33.5601 0 4.78511 -1.08482 0.661468 9.78158 -0.188408 0 5.29195 1.00949 1.12118 9.31547 -0.412122 -9.66735e-18 5.64355 0.108362 1.21858 9.26874 -0.409844 -1.04072e-17 6.12977 -0.417886 1.1303 9.56194 -0.402068 -1.85891e-17 7.16586 -1.41888 0.954561 9.22282 -0.526291 -2.38665e-17 8.94839 -0.861631 0.539707 9.27351 -0.692996 -2.73615e-17 9.94144 1.48576 0.23688 -0.0507974 -0.0788143 -1.21725e-17 4.50977 0.67399 0.399276 16.0146 -0.506168 -1.70689e-17 4.54241 0.39741 3.03567 -2.18484 -0.455435 -1.89342e-17 4.5512 0.720839 5.96546 -5.28693 8.4017 1.16172 -7.16758 7.09827 23.9147 -12.85 7.19473 12.2059 3.06167 -3.07978 -58.1361 -21.3529 -65.6314 27.5197 0.056351 0.129118 8.97876 -4.00949 -48.6497 22.8331 0.0467536 0.107129 3.6167 27.2845 2.77561 -1.16172 -7.16756 7.09818 -19.1415 -12.3239 -4.34372 -12.2059 3.06167 -3.07978 72.2838 -10.106 63.3713 -27.5197 0.056351 0.129118 -11.0848 -7.33407 67.4808 -22.8331 0.0467534 0.107129 -2.53236 28.2041 2.29918 8.70282 -3.96247 1.9152 122.802 -79.4845 97.4566 -0.803084 -36.5309 -0.617314 -61.1597 73.9353 46.2668 -2.19176 -38.0664 -5.69911 -2.67675 -24.922 17.5851 0.734061 -9.31305 11.7736 -7.96372e-16 -8.33226e-16 5.05112e-17 -8.70282 -3.96247 1.9152 -158.042 -78.9251 -158.409 0.803084 -36.5309 -0.617314 60.7827 73.8776 -45.9066 2.19176 -38.0664 -5.69911 -4.76601 -20.5092 -16.1384 -0.734061 -9.31305 11.7736 6.48516e-16 -6.22832e-16 -1.27992e-14 
-7.70205 68.7494 -167.672 -36.128 55.9424 36.8149 0 4.78511 -1.08482 0.671678 9.42234 0.0110937 0 5.29195 1.00949 1.08203 9.05819 -0.219656 -9.66735e-18 5.64355 0.108362 1.16076 9.21432 -0.20231 -1.04072e-17 6.12977 -0.417886 1.03455 9.9187 -0.197596 -1.85891e-17 7.16586 -1.41888 0.867366 9.8639 -0.314548 -2.38665e-17 8.94839 -0.861631 0.479656 10.0775 -0.459596 -2.73615e-17 9.94144 1.48576 0.247866 -0.115903 -0.0750286 -1.21725e-17 4.50977 0.67399 0.33002 16.4736 -0.946494 -1.70689e-17 4.54241 0.39741 2.50568 -2.10404 -0.735271 -1.89342e-17 4.5512 0.720839 6.05667 -3.79013 9.23786 1.16172 -7.16758 7.09827 24.8299 -13.7995 8.68384 12.2059 3.06167 -3.07978 -60.2886 -20.9183 -67.6803 27.5197 0.056351 0.129118 9.35551 -4.45318 -51.425 22.8331 0.0467536 0.107129 3.56701 27.8886 2.67916 -1.16172 -7.16756 7.09818 -19.3613 -12.653 -5.37026 -12.2059 3.06167 -3.07978 73.4559 -11.6367 62.6442 -27.5197 0.056351 0.129118 -11.3246 -7.94525 70.6108 -22.8331 0.0467534 0.107129 -3.00841 28.0641 2.72403 8.70282 -3.96247 1.9152 126.217 -77.0564 103.318 -0.803084 -36.5309 -0.617314 -58.2136 73.455 43.4553 -2.19176 -38.0664 -5.69911 -3.24808 -24.6029 17.2292 0.734061 -9.31305 11.7736 -1.01137e-15 -8.38315e-16 5.56e-17 -8.70282 -3.96247 1.9152 -156.921 -76.9657 -158.126 0.803084 -36.5309 -0.617314 60.111 73.7721 -45.2652 2.19176 -38.0664 -5.69911 -4.43702 -20.4975 -16.1077 -0.734061 -9.31305 11.7736 1.26109e-15 -6.40345e-16 -1.28283e-14 
-7.47863 68.8551 -166.085 -39.7786 58.4839 40.7336 0 4.78511 -1.08482 0.67891 9.03149 0.167859 0 5.29195 1.00949 1.02446 8.74686 -0.0599977 -9.66735e-18 5.64355 0.108362 1.08071 9.11033 -0.0183226 -1.04072e-17 6.12977 -0.417886 0.915223 10.2577 -0.0109478 -1.85891e-17 7.16586 -1.41888 0.7482 10.5099 -0.114807 -2.38665e-17 8.94839 -0.861631 0.382591 10.9006 -0.231927 -2.73615e-17 9.94144 1.48576 0.25704 -0.196014 -0.0634461 -1.21725e-17 4.50977 0.67399 0.272366 16.5551 -1.51591 -1.70689e-17 4.54241 0.39741 1.97701 -2.48683 -1.08632 -1.89342e-17 4.5512 0.720839 6.43223 -1.50456 9.82768 1.16172 -7.16758 7.09827 25.4534 -14.7222 10.1207 12.2059 3.06167 -3.07978 -62.539 -19.9441 -69.7156 27.5197 0.056351 0.129118 9.83108 -5.08228 -55.1832 22.8331 0.0467536 0.107129 3.75056 28.9198 2.57646 -1.16172 -7.16756 7.09818 -19.4001 -12.9125 -6.31746 -12.2059 3.06167 -3.07978 74.7168 -13.3322 61.8837 -27.5197 0.056351 0.129118 -11.5111 -8.50414 73.4219 -22.8331 0.0467534 0.107129 -3.69381 27.18 3.43076 8.70282 -3.96247 1.9152 130.142 -75.0787 109.428 -0.803084 -36.5309 -0.617314 -55.8215 73.0123 41.1786 -2.19176 -38.0664 -5.69911 -4.29032 -23.6012 17.0852 0.734061 -9.31305 11.7736 1.16539e-15 -7.47888e-16 -3.4827e-17 -8.70282 -3.96247 1.9152 -155.976 -75.0959 -157.652 0.803084 -36.5309 -0.617314 59.2494 73.6317 -44.4428 2.19176 -38.0664 -5.69911 -3.92182 -20.8182 -16.1588 -0.734061 -9.31305 11.7736 -6.48516e-16 -5.57452e-16 -1.27446e-14 
-7.19252 68.9964 -164.438 -44.2639 61.0128 45.5108 0 4.78511 -1.08482 0.660804 8.80764 0.284902 0 5.29195 1.00949 0.9444 8.52559 0.063215 -9.66735e-18 5.64355 0.108362 0.98489 8.99912 0.130766 -1.04072e-17 6.12977 -0.417886 0.791367 10.4451 0.14251 -1.85891e-17 7.16586 -1.41888 0.624103 10.9101 0.0541722 -2.38665e-17 8.94839 -0.861631 0.283462 11.4323 -0.0369491 -2.73615e-17 9.94144 1.48576 0.267958 -0.247178 -0.0500682 -1.21725e-17 4.50977 0.67399 0.243991 16.2695 -2.05924 -1.70689e-17 4.54241 0.39741 1.62427 -3.29909 -1.41041 -1.89342e-17 4.5512 0.720839 6.56579 1.15363 10.7716 1.16172 -7.16758 7.09827 25.8406 -15.3549 11.2105 12.2059 3.06167 -3.07978 -64.6488 -19.0263 -71.0349 27.5197 0.056351 0.129118 10.3369 -5.86059 -59.605 22.8331 0.0467536 0.107129 3.68708 29.3677 2.36611 -1.16172 -7.16756 7.09818 -19.4338 -12.9904 -7.11409 -12.2059 3.06167 -3.07978 75.6795 -15.1466 61.2117 -27.5197 0.056351 0.129118 -11.6489 -8.98947 75.8312 -22.8331 0.0467534 0.107129 -4.40865 25.9225 4.30006 8.70282 -3.96247 1.9152 133.982 -73.6962 114.886 -0.803084 -36.5309 -0.617314 -52.5599 72.3224 38.0851 -2.19176 -38.0664 -5.69911 -5.07777 -22.8467 17.0999 0.734061 -9.31305 11.7736 4.48498e-16 -7.81085e-16 -1.63006e-18 -8.70282 -3.96247 1.9152 -154.928 -73.2404 -157.09 0.803084 -36.5309 -0.617314 57.6812 73.3608 -42.948 2.19176 -38.0664 -5.69911 -3.35997 -21.3089 -16.2213 -0.734061 -9.31305 11.7736 -1.5219e-15 -5.28529e-16 -1.27041e-14 
-7.00338 68.9801 -163.01 -49.4189 63.2971 50.8852 0 4.78511 -1.08482 0.662628 8.68308 0.389769 0 5.29195 1.00949 0.885792 8.34522 0.175609 -9.66735e-18 5.64355 0.108362 0.908346 8.86266 0.266618 -1.04072e-17 6.12977 -0.417886 0.684892 10.4991 0.281096 -1.85891e-17 7.16586 -1.41888 0.511427 11.0967 0.204602 -2.38665e-17 8.94839 -0.861631 0.1892 11.7113 0.137871 -2.73615e-17 9.94144 1.48576 0.276254 -0.264978 -0.0366992 -1.21725e-17 4.50977 0.67399 0.219512 15.8396 -2.59758 -1.70689e-17 4.54241 0.39741 1.31611 -4.28314 -1.72656 -1.89342e-17 4.5512 0.720839 6.48893 3.75673 11.9516 1.16172 -7.16758 7.09827 26.0977 -15.7775 12.0706 12.2059 3.06167 -3.07978 -66.64 -18.1703 -71.8039 27.5197 0.056351 0.129118 10.7738 -6.65971 -63.943 22.8331 0.0467536 0.107129 3.04848 30.037 2.23907 -1.16172 -7.16756 7.09818 -19.4581 -12.9124 -7.76763 -12.2059 3.06167 -3.07978 76.5478 -16.7491 60.2251 -27.5197 0.056351 0.129118 -11.7801 -9.5462 78.5659 -22.8331 0.0467534 0.107129 -5.16645 24.1271 5.40481 8.70282 -3.96247 1.9152 137.775 -72.1954 120.043 -0.803084 -36.5309 -0.617314 -50.2101 71.7558 35.8653 -2.19176 -38.0664 -5.69911 -5.61713 -22.3602 17.1087 0.734061 -9.31305 11.7736 8.46068e-16 -7.57052e-16 -2.56631e-17 -8.70282 -3.96247 1.9152 -154.297 -71.182 -157.122 0.803084 -36.5309 -0.617314 56.8268 73.2045 -42.1347 2.19176 -38.0664 -5.69911 -3.08182 -21.8324 -16.2197 -0.734061 -9.31305 11.7736 -3.11853e-15 -4.58676e-16 -1.26342e-14 
-6.91293 68.8359 -161.705 -55.2288 65.3317 56.9822 0 4.78511 -1.08482 0.656427 8.59908 0.456341 0 5.29195 1.00949 0.815865 8.16544 0.256782 -9.66735e-18 5.64355 0.108362 0.818071 8.68345 0.371865 -1.04072e-17 6.12977 -0.417886 0.566524 10.4303 0.390154 -1.85891e-17 7.16586 -1.41888 0.380069 11.1089 0.328086 -2.38665e-17 8.94839 -0.861631 0.0695305 11.7952 0.290185 -2.73615e-17 9.94144 1.48576 0.278839 -0.260741 -0.0233776 -1.21725e-17 4.50977 0.67399 0.154172 15.0972 -3.17879 -1.70689e-17 4.54241 0.39741 0.871532 -5.68498 -2.07074 -1.89342e-17 4.5512 0.720839 6.86297 7.49007 12.6767 1.16172 -7.16758 7.09827 26.2993 -15.9863 12.7732 12.2059 3.06167 -3.07978 -68.1772 -17.3347 -72.2733 27.5197 0.056351 0.129118 11.1727 -7.54722 -68.5797 22.8331 0.0467536 0.107129 2.1284 30.7174 2.31728 -1.16172 -7.16756 7.09818 -19.4041 -12.7088 -8.22532 -12.2059 3.06167 -3.07978 77.1681 -18.3496 58.9965 -27.5197 0.056351 0.129118 -11.8832 -10.101 81.2678 -22.8331 0.0467534 0.107129 -5.68773 21.6312 6.40929 8.70282 -3.96247 1.9152 141.405 -70.6209 124.955 -0.803084 -36.5309 -0.617314 -48.4891 71.2991 34.2449 -2.19176 -38.0664 -5.69911 -6.13379 -21.9634 17.1819 0.734061 -9.31305 11.7736 1.13931e-15 -7.48703e-16 -3.4012e-17 -8.70282 -3.96247 1.9152 -153.825 -69.0706 -157.321 0.803084 -36.5309 -0.617314 56.4007 73.1241 -41.7293 2.19176 -38.0664 -5.69911 -2.99123 -22.6212 -16.219 -0.734061 -9.31305 11.7736 7.52838e-16 -6.27722e-16 -1.28033e-14 
-6.83633 68.7544 -160.305 -61.8839 67.1478 64.0422 0 4.78511 -1.08482 0.549708 8.65681 0.476513 0 5.29195 1.00949 0.65952 8.07982 0.291105 -9.66735e-18 5.64355 0.108362 0.657714 8.52764 0.43574 -1.04072e-17 6.12977 -0.417886 0.399967 10.2688 0.461263 -1.85891e-17 7.16586 -1.41888 0.210759 10.9571 0.424657 -2.38665e-17 8.94839 -0.861631 -0.0711944 11.6872 0.414055 -2.73615e-17 9.94144 1.48576 0.290672 -0.24181 -0.0152147 -1.21725e-17 4.50977 0.67399 0.0458672 13.9502 -3.71934 -1.70689e-17 4.54241 0.39741 0.304874 -7.68825 -2.40169 -1.89342e-17 4.5512 0.720839 7.66562 12.7854 13.0362 1.16172 -7.16758 7.09827 26.4005 -15.9968 13.2643 12.2059 3.06167 -3.07978 -69.3152 -16.5976 -72.4217 27.5197 0.056351 0.129118 11.5089 -8.4971 -73.3866 22.8331 0.0467536 0.107129 1.448 30.9853 1.95036 -1.16172 -7.16756 7.09818 -19.3701 -12.4378 -8.68753 -12.2059 3.06167 -3.07978 77.8707 -19.9373 57.8856 -27.5197 0.056351 0.129118 -11.9447 -10.5325 83.3572 -22.8331 0.0467534 0.107129 -6.12443 19.4655 7.28133 8.70282 -3.96247 1.9152 143.34 -69.3015 128.599 -0.803084 -36.5309 -0.617314 -45.6982 70.4743 31.6285 -2.19176 -38.0664 -5.69911 -6.65357 -22.0367 17.2357 0.734061 -9.31305 11.7736 1.03077e-16 -7.91879e-16 9.16452e-18 -8.70282 -3.96247 1.9152 -153.253 -67.2068 -157.32 0.803084 -36.5309 -0.617314 55.0965 72.868 -40.4899 2.19176 -38.0664 -5.69911 -2.99549 -23.5902 -16.2463 -0.734061 -9.31305 11.7736 2.77316e-15 -7.11631e-16 -1.28872e-14 
-6.71469 68.687 -158.663 -69.6418 68.509 72.2391 0 4.78511 -1.08482 0.456339 8.65208 0.471658 0 5.29195 1.00949 0.512408 7.93396 0.304651 -9.66735e-18 5.64355 0.108362 0.503788 8.32782 0.478481 -1.04072e-17 6.12977 -0.417886 0.237792 10.101 0.5114 -1.85891e-17 7.16586 -1.41888 0.0429753 10.81 0.498169 -2.38665e-17 8.94839 -0.861631 -0.214689 11.596 0.509487 -2.73615e-17 9.94144 1.48576 0.300906 -0.224371 -0.006144 -1.21725e-17 4.50977 0.67399 -0.086723 12.6706 -4.30451 -1.70689e-17 4.54241 0.39741 -0.283644 -9.86638 -2.7672 -1.89342e-17 4.5512 0.720839 8.39736 18.4806 13.5567 1.16172 -7.16758 7.09827 26.2916 -15.9817 13.6019 12.2059 3.06167 -3.07978 -70.495 -15.3914 -72.0928 27.5197 0.056351 0.129118 11.7376 -9.35258 -77.6176 22.8331 0.0467536 0.107129 0.447066 32.2069 1.77937 -1.16172 -7.16756 7.09818 -19.2668 -12.1077 -9.15123 -12.2059 3.06167 -3.07978 78.7744 -20.9156 56.2268 -27.5197 0.056351 0.129118 -11.9894 -10.9557 85.4001 -22.8331 0.0467534 0.107129 -6.84168 17.802 8.7501 8.70282 -3.96247 1.9152 143.094 -68.1706 130.749 -0.803084 -36.5309 -0.617314 -42.1656 69.2574 28.3404 -2.19176 -38.0664 -5.69911 -7.18708 -22.5592 17.081 0.734061 -9.31305 11.7736 1.1654e-15 -7.47887e-16 -3.48275e-17 -8.70282 -3.96247 1.9152 -152.035 -65.6892 -156.939 0.803084 -36.5309 -0.617314 53.1398 72.4529 -38.6342 2.19176 -38.0664 -5.69911 -3.0289 -24.7057 -16.2149 -0.734061 -9.31305 11.7736 -1.46632e-16 -5.86375e-16 -1.27619e-14 
-6.5769 68.5932 -156.755 -78.0959 69.1798 81.1327 0 4.78511 -1.08482 0.398429 8.58471 0.454102 0 5.29195 1.00949 0.387994 7.74169 0.313681 -9.66735e-18 5.64355 0.108362 0.364848 8.10312 0.513807 -1.04072e-17 6.12977 -0.417886 0.0831408 9.94072 0.554436 -1.85891e-17 7.16586 -1.41888 -0.12221 10.7006 0.56332 -2.38665e-17 8.94839 -0.861631 -0.360542 11.5512 0.599242 -2.73615e-17 9.94144 1.48576 0.30771 -0.223898 0.00786485 -1.21725e-17 4.50977 0.67399 -0.292745 10.9076 -4.88548 -1.70689e-17 4.54241 0.39741 -0.985153 -12.7125 -3.14723 -1.89342e-17 4.5512 0.720839 9.23644 25.3413 13.8691 1.16172 -7.16758 7.09827 25.8516 -15.9497 13.691 12.2059 3.06167 -3.07978 -71.4973 -13.7944 -71.3629 27.5197 0.056351 0.129118 11.8976 -10.1926 -81.7119 22.8331 0.0467536 0.107129 -0.715849 34.0368 1.4653 -1.16172 -7.16756 7.09818 -18.7519 -11.7675 -9.28323 -12.2059 3.06167 -3.07978 79.4879 -21.8446 53.9132 -27.5197 0.056351 0.129118 -12.0175 -11.3575 87.3366 -22.8331 0.0467534 0.107129 -7.55003 16.0982 10.8577 8.70282 -3.96247 1.9152 142.267 -67.4141 132.179 -0.803084 -36.5309 -0.617314 -38.5744 67.7802 25.0316 -2.19176 -38.0664 -5.69911 -7.81827 -23.0914 16.896 0.734061 -9.31305 11.7736 3.18113e-16 -7.86789e-16 4.0744e-18 -8.70282 -3.96247 1.9152 -150.086 -64.5597 -156.32 0.803084 -36.5309 -0.617314 50.8808 71.924 -36.4981 2.19176 -38.0664 -5.69911 -3.23291 -25.7369 -16.0622 -0.734061 -9.31305 11.7736 4.65973e-16 -6.15498e-16 -1.27911e-14 
-6.40534 68.5035 -154.589 -86.4748 69.1764 89.9512 0 4.78511 -1.08482 0.343907 8.55441 0.426017 0 5.29195 1.00949 0.266255 7.59061 0.319399 -9.66735e-18 5.64355 0.108362 0.229157 7.90333 0.544286 -1.04072e-17 6.12977 -0.417886 -0.0662547 9.76678 0.59457 -1.85891e-17 7.16586 -1.41888 -0.27643 10.5544 0.623784 -2.38665e-17 8.94839 -0.861631 -0.48893 11.4573 0.676458 -2.73615e-17 9.94144 1.48576 0.317242 -0.227772 0.0239506 -1.21725e-17 4.50977 0.67399 -0.56876 8.6718 -5.44272 -1.70689e-17 4.54241 0.39741 -1.69071 -16.0108 -3.5309 -1.89342e-17 4.5512 0.720839 10.1613 33.2453 13.9687 1.16172 -7.16758 7.09827 25.3015 -15.8834 13.6291 12.2059 3.06167 -3.07978 -72.1914 -12.0478 -70.6001 27.5197 0.056351 0.129118 11.9909 -10.9735 -85.4859 22.8331 0.0467536 0.107129 -1.6557 35.9818 0.865103 -1.16172 -7.16756 7.09818 -18.1023 -11.4072 -9.22089 -12.2059 3.06167 -3.07978 80.459 -22.5438 51.4418 -27.5197 0.056351 0.129118 -12.0318 -11.763 89.2896 -22.8331 0.0467534 0.107129 -7.98604 14.9924 12.8326 8.70282 -3.96247 1.9152 141.06 -67.2463 132.828 -0.803084 -36.5309 -0.617314 -34.7598 65.879 21.5648 -2.19176 -38.0664 -5.69911 -8.51156 -23.7373 16.6898 0.734061 -9.31305 11.7736 -9.5925e-16 -8.35871e-16 5.31565e-17 -8.70282 -3.96247 1.9152 -147.617 -63.8683 -155.514 0.803084 -36.5309 -0.617314 48.2626 71.2362 -34.032 2.19176 -38.0664 -5.69911 -3.37141 -26.5978 -15.8399 -0.734061 -9.31305 11.7736 -1.15681e-15 -5.44012e-16 -1.27196e-14 
-6.20881 68.436 -152.257 -94.1488 68.6135 97.9928 0 4.78511 -1.08482 0.299631 8.61616 0.40777 0 5.29195 1.00949 0.159572 7.49838 0.33479 -9.66735e-18 5.64355 0.108362 0.108024 7.70943 0.578552 -1.04072e-17 6.12977 -0.417886 -0.198608 9.48341 0.63654 -1.85891e-17 7.16586 -1.41888 -0.407468 10.2099 0.680519 -2.38665e-17 8.94839 -0.861631 -0.587226 11.1288 0.742093 -2.73615e-17 9.94144 1.48576 0.329401 -0.209936 0.0386528 -1.21725e-17 4.50977 0.67399 -0.918779 5.92119 -5.98951 -1.70689e-17 4.54241 0.39741 -2.37226 -19.6495 -3.92538 -1.89342e-17 4.5512 0.720839 11.1264 42.528 13.8478 1.16172 -7.16758 7.09827 24.7005 -15.6336 13.3556 12.2059 3.06167 -3.07978 -72.9489 -10.3481 -69.5439 27.5197 0.056351 0.129118 12.0322 -11.7902 -89.4206 22.8331 0.0467536 0.107129 -2.96305 37.9146 0.600837 -1.16172 -7.16756 7.09818 -17.5311 -10.9181 -9.03547 -12.2059 3.06167 -3.07978 81.7938 -22.8981 48.9966 -27.5197 0.056351 0.129118 -12.0303 -12.2507 91.6415 -22.8331 0.0467534 0.107129 -8.08336 14.442 14.3084 8.70282 -3.96247 1.9152 139.272 -67.5312 132.573 -0.803084 -36.5309 -0.617314 -30.8524 63.4755 18.0813 -2.19176 -38.0664 -5.69911 -9.15019 -24.3481 16.3636 0.734061 -9.31305 11.7736 1.93447e-15 -7.1143e-16 -7.12847e-17 -8.70282 -3.96247 1.9152 -144.647 -63.6307 -154.597 0.803084 -36.5309 -0.617314 45.063 70.2707 -31.0352 2.19176 -38.0664 -5.69911 -3.41341 -27.2597 -15.5292 -0.734061 -9.31305 11.7736 1.48257e-15 -6.53172e-16 -1.28287e-14 
-6.07839 68.2571 -150.224 -100.659 67.6861 104.778 0 4.78511 -1.08482 0.254071 8.75355 0.404724 0 5.29195 1.00949 0.0623506 7.45252 0.36539 -9.66735e-18 5.64355 0.108362 -0.000957595 7.50605 0.622711 -1.04072e-17 6.12977 -0.417886 -0.313381 9.06645 0.68688 -1.85891e-17 7.16586 -1.41888 -0.513237 9.63706 0.741177 -2.38665e-17 8.94839 -0.861631 -0.651696 10.5271 0.80339 -2.73615e-17 9.94144 1.48576 0.342124 -0.152916 0.0512988 -1.21725e-17 4.50977 0.67399 -1.36459 2.41387 -6.48656 -1.70689e-17 4.54241 0.39741 -2.97867 -23.6843 -4.31369 -1.89342e-17 4.5512 0.720839 12.3262 53.8204 12.8903 1.16172 -7.16758 7.09827 24.0214 -15.1593 12.8826 12.2059 3.06167 -3.07978 -73.5244 -8.64848 -68.1643 27.5197 0.056351 0.129118 12.0168 -12.597 -93.3144 22.8331 0.0467536 0.107129 -4.46748 39.6259 0.682858 -1.16172 -7.16756 7.09818 -17.0526 -10.2584 -8.77167 -12.2059 3.06167 -3.07978 82.5145 -23.2466 46.5331 -27.5197 0.056351 0.129118 -12.0097 -12.7179 93.9003 -22.8331 0.0467534 0.107129 -7.7752 13.7269 15.1356 8.70282 -3.96247 1.9152 137.82 -67.6348 132.448 -0.803084 -36.5309 -0.617314 -27.8903 61.2585 15.5004 -2.19176 -38.0664 -5.69911 -9.54625 -24.8993 15.9597 0.734061 -9.31305 11.7736 7.41758e-16 -7.61126e-16 -2.15886e-17 -8.70282 -3.96247 1.9152 -142.129 -63.2484 -154.182 0.803084 -36.5309 -0.617314 42.7201 69.4626 -28.8546 2.19176 -38.0664 -5.69911 -3.36325 -27.742 -15.2281 -0.734061 -9.31305 11.7736 -8.02622e-15 -2.45635e-16 -1.2422e-14 
-6.0183 67.8646 -148.523 -106.213 66.5845 110.577 0 4.78511 -1.08482 0.175578 8.87122 0.413635 0 5.29195 1.00949 -0.0559226 7.38913 0.405227 -9.66735e-18 5.64355 0.108362 -0.126874 7.28499 0.672325 -1.04072e-17 6.12977 -0.417886 -0.440543 8.59872 0.742523 -1.85891e-17 7.16586 -1.41888 -0.623707 8.98439 0.808434 -2.38665e-17 8.94839 -0.861631 -0.71526 9.83198 0.870033 -2.73615e-17 9.94144 1.48576 0.350901 -0.0795975 0.05927 -1.21725e-17 4.50977 0.67399 -1.93268 -1.51221 -6.99058 -1.70689e-17 4.54241 0.39741 -3.66539 -27.61 -4.73344 -1.89342e-17 4.5512 0.720839 15.0577 65.6887 10.4105 1.16172 -7.16758 7.09827 23.3581 -14.5438 12.3783 12.2059 3.06167 -3.07978 -73.9187 -6.9432 -66.4169 27.5197 0.056351 0.129118 11.9598 -13.2769 -96.6165 22.8331 0.0467536 0.107129 -5.50011 41.2775 0.18221 -1.16172 -7.16756 7.09818 -16.5748 -9.48779 -8.53361 -12.2059 3.06167 -3.07978 82.6154 -23.3882 43.6121 -27.5197 0.056351 0.129118 -11.9761 -13.1246 95.875 -22.8331 0.0467534 0.107129 -7.53186 12.7935 15.9648 8.70282 -3.96247 1.9152 136.933 -67.3096 132.948 -0.803084 -36.5309 -0.617314 -26.0472 59.6663 13.9275 -2.19176 -38.0664 -5.69911 -9.81588 -25.4482 15.4946 0.734061 -9.31305 11.7736 -1.11959e-16 -7.96969e-16 1.42546e-17 -8.70282 -3.96247 1.9152 -140.302 -62.4566 -154.293 0.803084 -36.5309 -0.617314 41.8565 69.1405 -28.0542 2.19176 -38.0664 -5.69911 -3.27337 -28.1962 -14.9573 -0.734061 -9.31305 11.7736 -4.65973e-16 -5.64786e-16 -1.27528e-14 
-5.95982 67.4602 -146.824 -111.315 65.3801 115.905 0 4.78511 -1.08482 0.0811554 9.00507 0.412807 0 5.29195 1.00949 -0.185133 7.34579 0.433038 -9.66735e-18 5.64355 0.108362 -0.260984 7.09138 0.710033 -1.04072e-17 6.12977 -0.417886 -0.571757 8.16338 0.785856 -1.85891e-17 7.16586 -1.41888 -0.734371 8.36223 0.865829 -2.38665e-17 8.94839 -0.861631 -0.77546 9.16236 0.926285 -2.73615e-17 9.94144 1.48576 0.361488 -0.0233859 0.066581 -1.21725e-17 4.50977 0.67399 -2.60212 -5.5647 -7.56714 -1.70689e-17 4.54241 0.39741 -4.33427 -31.0959 -5.20762 -1.89342e-17 4.5512 0.720839 21.5884 76.5678 4.45328 1.16172 -7.16758 7.09827 22.6514 -13.8814 11.8184 12.2059 3.06167 -3.07978 -74.2509 -5.29489 -64.3589 27.5197 0.056351 0.129118 11.8712 -13.9019 -99.6792 22.8331 0.0467536 0.107129 -6.03216 43.041 -0.696608 -1.16172 -7.16756 7.09818 -16.0594 -8.76346 -8.25527 -12.2059 3.06167 -3.07978 82.7146 -23.6841 40.4206 -27.5197 0.056351 0.129118 -11.9288 -13.5251 97.8294 -22.8331 0.0467534 0.107129 -7.33412 11.7084 17.072 8.70282 -3.96247 1.9152 135.74 -67.1322 133.279 -0.803084 -36.5309 -0.617314 -24.1766 57.8527 12.3626 -2.19176 -38.0664 -5.69911 -10.2613 -26.0625 14.9152 0.734061 -9.31305 11.7736 3.62905e-15 -6.4442e-16 -1.38294e-16 -8.70282 -3.96247 1.9152 -138.731 -61.7073 -154.533 0.803084 -36.5309 -0.617314 40.896 68.7655 -27.1663 2.19176 -38.0664 -5.69911 -3.08447 -28.697 -14.6534 -0.734061 -9.31305 11.7736 1.36542e-15 -6.45235e-16 -1.28324e-14 
-5.81938 67.1313 -144.855 -115.988 64.1055 120.859 0 4.78511 -1.08482 -0.0220377 9.21634 0.401517 0 5.29195 1.00949 -0.32601 7.3762 0.450625 -9.66735e-18 5.64355 0.108362 -0.403874 6.95961 0.735645 -1.04072e-17 6.12977 -0.417886 -0.705438 7.78374 0.8175 -1.85891e-17 7.16586 -1.41888 -0.843197 7.78757 0.914998 -2.38665e-17 8.94839 -0.861631 -0.825982 8.52931 0.970605 -2.73615e-17 9.94144 1.48576 0.379797 -0.000757532 0.0703141 -1.21725e-17 4.50977 0.67399 -3.48517 -10.3692 -8.36344 -1.70689e-17 4.54241 0.39741 -4.97377 -34.642 -5.83757 -1.89342e-17 4.5512 0.720839 74.399 86.7309 -47.6986 1.16172 -7.16758 7.09827 21.715 -13.2326 11.0315 12.2059 3.06167 -3.07978 -74.5708 -3.62142 -62.0525 27.5197 0.056351 0.129118 11.7537 -14.4956 -102.622 22.8331 0.0467536 0.107129 -6.07342 45.072 -2.04672 -1.16172 -7.16756 7.09818 -15.4572 -8.13932 -7.84941 -12.2059 3.06167 -3.07978 82.7547 -23.9432 37.0886 -27.5197 0.056351 0.129118 -11.8612 -13.9595 99.9639 -22.8331 0.0467534 0.107129 -7.38138 10.9068 18.1548 8.70282 -3.96247 1.9152 134.033 -67.6633 132.878 -0.803084 -36.5309 -0.617314 -21.8354 55.2542 10.4575 -2.19176 -38.0664 -5.69911 -10.8507 -26.6169 14.3087 0.734061 -9.31305 11.7736 3.84408e-15 -6.28536e-16 -1.54179e-16 -8.70282 -3.96247 1.9152 -136.885 -61.4075 -154.376 0.803084 -36.5309 -0.617314 38.9329 67.9401 -25.3602 2.19176 -38.0664 -5.69911 -2.88793 -29.2541 -14.2841 -0.734061 -9.31305 11.7736 1.02e-15 -6.34441e-16 -1.28108e-14 
-5.63944 66.7706 -142.432 -120.415 62.7929 125.565 0 4.78511 -1.08482 -0.171163 9.42118 0.428799 0 5.29195 1.00949 -0.52044 7.42155 0.503497 -9.66735e-18 5.64355 0.108362 -0.597728 6.8591 0.791902 -1.04072e-17 6.12977 -0.417886 -0.88532 7.4891 0.878687 -1.85891e-17 7.16586 -1.41888 -0.983797 7.32567 0.997755 -2.38665e-17 8.94839 -0.861631 -0.887593 8.01739 1.04963 -2.73615e-17 9.94144 1.48576 0.401984 -0.0117777 0.0678413 -1.21725e-17 4.50977 0.67399 -4.59558 -15.2978 -9.3661 -1.70689e-17 4.54241 0.39741 -5.57938 -37.491 -6.57117 -1.89342e-17 4.5512 0.720839 170.958 80.2079 -143.462 1.16172 -7.16758 7.09827 20.6046 -12.5503 10.1175 12.2059 3.06167 -3.07978 -74.5398 -1.85821 -59.2245 27.5197 0.056351 0.129118 11.5965 -15.1109 -105.718 22.8331 0.0467536 0.107129 -5.3436 47.1476 -4.21219 -1.16172 -7.16756 7.09818 -14.7176 -7.59368 -7.40455 -12.2059 3.06167 -3.07978 82.7019 -23.7681 33.7376 -27.5197 0.056351 0.129118 -11.7679 -14.4322 102.307 -22.8331 0.0467534 0.107129 -7.92226 10.6249 19.0754 8.70282 -3.96247 1.9152 131.601 -69.0568 131.014 -0.803084 -36.5309 -0.617314 -19.0889 51.6453 8.31665 -2.19176 -38.0664 -5.69911 -11.3277 -27.212 13.7709 0.734061 -9.31305 11.7736 1.45867e-15 -7.39538e-16 -4.31771e-17 -8.70282 -3.96247 1.9152 -134.508 -61.7191 -153.773 0.803084 -36.5309 -0.617314 36.1288 66.606 -22.8025 2.19176 -38.0664 -5.69911 -2.51956 -29.9472 -13.8277 -0.734061 -9.31305 11.7736 1.36542e-15 -6.45235e-16 -1.28324e-14 
-5.42436 66.3181 -139.603 -124.676 61.3658 130.121 0 4.78511 -1.08482 -0.372903 9.5943 0.471216 0 5.29195 1.00949 -0.772089 7.46525 0.573345 -9.66735e-18 5.64355 0.108362 -0.845616 6.79361 0.865842 -1.04072e-17 6.12977 -0.417886 -1.113 7.30584 0.95865 -1.85891e-17 7.16586 -1.41888 -1.15785 7.02201 1.10476 -2.38665e-17 8.94839 -0.861631 -0.964038 7.6759 1.15523 -2.73615e-17 9.94144 1.48576 0.429803 -0.0544714 0.0563941 -1.21725e-17 4.50977 0.67399 -5.80943 -19.4088 -10.4937 -1.70689e-17 4.54241 0.39741 -6.0603 -39.2782 -7.31503 -1.89342e-17 4.5512 0.720839 178.617 72.6926 -149.81 1.16172 -7.16758 7.09827 19.5741 -11.9438 9.25184 12.2059 3.06167 -3.07978 -74.369 -0.824688 -56.4032 27.5197 0.056351 0.129118 11.4106 -15.6998 -108.736 22.8331 0.0467536 0.107129 -4.49881 48.4957 -6.60973 -1.16172 -7.16756 7.09818 -13.9429 -7.14839 -7.01091 -12.2059 3.06167 -3.07978 82.7126 -23.4191 30.6682 -27.5197 0.056351 0.129118 -11.6473 -14.9275 104.791 -22.8331 0.0467534 0.107129 -8.78498 10.504 19.6473 8.70282 -3.96247 1.9152 129.078 -71.2632 127.599 -0.803084 -36.5309 -0.617314 -16.2271 47.0933 6.22581 -2.19176 -38.0664 -5.69911 -11.6999 -27.5564 13.5553 0.734061 -9.31305 11.7736 -6.3991e-16 -8.26707e-16 4.3992e-17 -8.70282 -3.96247 1.9152 -131.403 -62.4549 -152.65 0.803084 -36.5309 -0.617314 32.9116 64.8074 -19.9073 2.19176 -38.0664 -5.69911 -1.80217 -30.7021 -13.1294 -0.734061 -9.31305 11.7736 8.37466e-16 -6.27107e-16 -1.28027e-14 
-5.05673 65.8507 -136.374 -128.669 59.8349 134.388 0 4.78511 -1.08482 -0.568082 9.78526 0.506688 0 5.29195 1.00949 -1.02472 7.5325 0.637185 -9.66735e-18 5.64355 0.108362 -1.09811 6.77572 0.932515 -1.04072e-17 6.12977 -0.417886 -1.34727 7.24532 1.0314 -1.85891e-17 7.16586 -1.41888 -1.34339 6.88998 1.20911 -2.38665e-17 8.94839 -0.861631 -1.05495 7.51908 1.25868 -2.73615e-17 9.94144 1.48576 0.467768 -0.131975 0.0356138 -1.21725e-17 4.50977 0.67399 -7.07542 -22.8507 -11.6939 -1.70689e-17 4.54241 0.39741 -6.5192 -40.4691 -8.06252 -1.89342e-17 4.5512 0.720839 -179.189 67.1437 -150.497 1.16172 -7.16758 7.09827 18.5671 -11.5277 8.43911 12.2059 3.06167 -3.07978 -73.9869 0.00171347 -54.0789 27.5197 0.056351 0.129118 11.1997 -16.2598 -111.665 22.8331 0.0467536 0.107129 -3.74519 49.6254 -8.44936 -1.16172 -7.16756 7.09818 -13.1989 -6.89375 -6.67715 -12.2059 3.06167 -3.07978 83.0224 -23.1023 27.9783 -27.5197 0.056351 0.129118 -11.488 -15.4682 107.543 -22.8331 0.0467534 0.107129 -9.60117 10.485 20.0121 8.70282 -3.96247 1.9152 126.895 -74.0292 122.723 -0.803084 -36.5309 -0.617314 -13.5861 42.0158 4.46228 -2.19176 -38.0664 -5.69911 -12.1464 -26.5914 14.294 0.734061 -9.31305 11.7736 1.29578e-15 -7.42183e-16 -4.05316e-17 -8.70282 -3.96247 1.9152 -127.15 -63.8753 -150.596 0.803084 -36.5309 -0.617314 28.843 62.0143 -16.3238 2.19176 -38.0664 -5.69911 -1.10968 -31.5845 -12.0645 -0.734061 -9.31305 11.7736 -1.75656e-15 -5.17936e-16 -1.26943e-14 
-4.50241 65.2681 -132.779 -132.678 58.1163 138.615 0 4.78511 -1.08482 -0.723658 9.9589 0.573175 0 5.29195 1.00949 -1.24664 7.58693 0.725902 -9.66735e-18 5.64355 0.108362 -1.33002 6.76433 1.0185 -1.04072e-17 6.12977 -0.417886 -1.56916 7.27965 1.12152 -1.85891e-17 7.16586 -1.41888 -1.52507 6.91944 1.32971 -2.38665e-17 8.94839 -0.861631 -1.14821 7.53741 1.37634 -2.73615e-17 9.94144 1.48576 0.515446 -0.224888 0.00714853 -1.21725e-17 4.50977 0.67399 -8.35464 -26.0775 -12.8519 -1.70689e-17 4.54241 0.39741 -6.8644 -41.3169 -8.72387 -1.89342e-17 4.5512 0.720839 -178.664 62.7496 -150.299 1.16172 -7.16758 7.09827 17.4318 -11.2263 7.66823 12.2059 3.06167 -3.07978 -73.0111 1.36091 -52.2533 27.5197 0.056351 0.129118 10.9853 -16.7515 -114.296 22.8331 0.0467536 0.107129 -2.17245 51.0659 -10.3797 -1.16172 -7.16756 7.09818 -12.3686 -6.75573 -6.3764 -12.2059 3.06167 -3.07978 83.0958 -22.6211 25.7299 -27.5197 0.056351 0.129118 -11.2974 -16.0116 110.36 -22.8331 0.0467534 0.107129 -10.884 10.9085 20.2667 8.70282 -3.96247 1.9152 124.464 -76.695 116.869 -0.803084 -36.5309 -0.617314 -11.3813 37.0193 3.14693 -2.19176 -38.0664 -5.69911 -12.7824 -24.0452 15.7868 0.734061 -9.31305 11.7736 1.9409e-15 -7.16118e-16 -6.65965e-17 -8.70282 -3.96247 1.9152 -121.657 -66.0813 -147.34 0.803084 -36.5309 -0.617314 24.0643 57.7369 -12.2698 2.19176 -38.0664 -5.69911 -0.447115 -33.0999 -10.569 -0.734061 -9.31305 11.7736 -6.80101e-15 -2.93087e-16 -1.24803e-14 
-3.84079 64.3646 -128.856 -136.712 56.1667 142.822 0 4.78511 -1.08482 -0.879696 10.0419 0.712142 0 5.29195 1.00949 -1.46473 7.58843 0.875645 -9.66735e-18 5.64355 0.108362 -1.56001 6.74556 1.15929 -1.04072e-17 6.12977 -0.417886 -1.79271 7.41839 1.26457 -1.85891e-17 7.16586 -1.41888 -1.70119 7.1618 1.49719 -2.38665e-17 8.94839 -0.861631 -1.22737 7.7805 1.53996 -2.73615e-17 9.94144 1.48576 0.568933 -0.330318 -0.0238419 -1.21725e-17 4.50977 0.67399 -9.65597 -28.8406 -14.0349 -1.70689e-17 4.54241 0.39741 -7.03719 -41.8389 -9.3362 -1.89342e-17 4.5512 0.720839 -178.683 59.8045 -149.843 1.16172 -7.16758 7.09827 16.3287 -11.0146 7.04775 12.2059 3.06167 -3.07978 -71.6538 2.37684 -50.433 27.5197 0.056351 0.129118 10.802 -17.1271 -116.347 22.8331 0.0467536 0.107129 0.862769 51.8703 -13.6916 -1.16172 -7.16756 7.09818 -11.3367 -6.62679 -6.15145 -12.2059 3.06167 -3.07978 82.9701 -21.9016 23.7349 -27.5197 0.056351 0.129118 -11.1079 -16.4782 112.827 -22.8331 0.0467534 0.107129 -12.9441 11.6042 20.9273 8.70282 -3.96247 1.9152 120.393 -78.6577 109.702 -0.803084 -36.5309 -0.617314 -9.82503 33.0341 2.32371 -2.19176 -38.0664 -5.69911 -13.1402 -21.748 17.0569 0.734061 -9.31305 11.7736 -4.35491e-15 -9.89238e-16 2.06523e-16 -8.70282 -3.96247 1.9152 -115.608 -69.4224 -142.124 0.803084 -36.5309 -0.617314 18.9766 51.483 -8.23164 2.19176 -38.0664 -5.69911 0.168537 -35.7197 -8.90547 -0.734061 -9.31305 11.7736 -3.24566e-15 -5.05929e-16 -1.26831e-14 
-3.05315 63.1151 -124.597 -140.542 54.0442 146.749 0 4.78511 -1.08482 -1.02913 10.0378 0.911116 0 5.29195 1.00949 -1.67095 7.5408 1.06972 -9.66735e-18 5.64355 0.108362 -1.77963 6.73384 1.33287 -1.04072e-17 6.12977 -0.417886 -2.00935 7.70864 1.43559 -1.85891e-17 7.16586 -1.41888 -1.8707 7.70017 1.69234 -2.38665e-17 8.94839 -0.861631 -1.29685 8.32666 1.73246 -2.73615e-17 9.94144 1.48576 0.628637 -0.463842 -0.0621743 -1.21725e-17 4.50977 0.67399 -10.8998 -31.1441 -15.1642 -1.70689e-17 4.54241 0.39741 -7.12927 -42.0082 -9.86685 -1.89342e-17 4.5512 0.720839 -179.308 58.5085 -148.836 1.16172 -7.16758 7.09827 15.1872 -10.8849 6.51534 12.2059 3.06167 -3.07978 -69.9251 3.4707 -48.2334 27.5197 0.056351 0.129118 10.6384 -17.4349 -118.06 22.8331 0.0467536 0.107129 5.94486 52.4064 -18.603 -1.16172 -7.16756 7.09818 -10.099 -6.59509 -6.02149 -12.2059 3.06167 -3.07978 83.2516 -20.8601 21.9618 -27.5197 0.056351 0.129118 -10.9246 -16.88 114.994 -22.8331 0.0467534 0.107129 -15.5623 12.5151 22.5046 8.70282 -3.96247 1.9152 113.683 -79.7474 100.59 -0.803084 -36.5309 -0.617314 -9.00558 30.7768 1.93036 -2.19176 -38.0664 -5.69911 -12.8344 -21.3748 17.5354 0.734061 -9.31305 11.7736 1.11327e-15 -7.49516e-16 -3.31985e-17 -8.70282 -3.96247 1.9152 -111.581 -74.5307 -133.24 0.803084 -36.5309 -0.617314 14.012 42.8984 -4.73403 2.19176 -38.0664 -5.69911 0.795633 -38.5588 -8.97243 -0.734061 -9.31305 11.7736 1.49797e-14 -1.96931e-15 -1.41681e-14 
-2.19249 61.6021 -120.071 -144.297 51.7393 150.442 0 4.78511 -1.08482 -1.15667 10.0356 1.1973 0 5.29195 1.00949 -1.84949 7.52339 1.32494 -9.66735e-18 5.64355 0.108362 -1.97705 6.78281 1.56269 -1.04072e-17 6.12977 -0.417886 -2.21273 8.14275 1.65906 -1.85891e-17 7.16586 -1.41888 -2.02886 8.50009 1.93627 -2.38665e-17 8.94839 -0.861631 -1.34942 9.11871 1.98541 -2.73615e-17 9.94144 1.48576 0.686304 -0.59118 -0.100115 -1.21725e-17 4.50977 0.67399 -11.6495 -32.7743 -15.7832 -1.70689e-17 4.54241 0.39741 -6.99859 -41.8015 -10.0472 -1.89342e-17 4.5512 0.720839 177.707 59.6197 -146.35 1.16172 -7.16758 7.09827 14.2142 -10.9931 6.05475 12.2059 3.06167 -3.07978 -68.1657 4.22544 -46.4986 27.5197 0.056351 0.129118 10.5108 -17.66 -119.332 22.8331 0.0467536 0.107129 11.9416 52.2109 -24.0762 -1.16172 -7.16756 7.09818 -8.88433 -6.71931 -5.97836 -12.2059 3.06167 -3.07978 83.3922 -19.2579 21.4198 -27.5197 0.056351 0.129118 -10.761 -17.2064 116.787 -22.8331 0.0467534 0.107129 -18.9635 14.3631 24.0724 8.70282 -3.96247 1.9152 104.353 -80.1481 90.319 -0.803084 -36.5309 -0.617314 -8.3349 28.8472 1.63086 -2.19176 -38.0664 -5.69911 -12.8088 -19.7846 17.6735 0.734061 -9.31305 11.7736 -1.6415e-16 -7.98601e-16 1.5886e-17 -8.70282 -3.96247 1.9152 -112.172 -79.2877 -123.405 0.803084 -36.5309 -0.617314 10.9494 35.9527 -2.90906 2.19176 -38.0664 -5.69911 3.03767 -37.9514 -12.003 -0.734061 -9.31305 11.7736 6.19821e-15 -9.07163e-16 -1.30844e-14 
-1.36637 59.8786 -115.481 -147.956 49.2018 153.935 0 4.78511 -1.08482 -1.24681 10.0418 1.57255 0 5.29195 1.00949 -1.99178 7.54193 1.65724 -9.66735e-18 5.64355 0.108362 -2.1489 6.88964 1.87695 -1.04072e-17 6.12977 -0.417886 -2.41263 8.64219 1.97093 -1.85891e-17 7.16586 -1.41888 -2.18503 9.42271 2.25952 -2.38665e-17 8.94839 -0.861631 -1.39692 10.017 2.33904 -2.73615e-17 9.94144 1.48576 0.733696 -0.6768 -0.119005 -1.21725e-17 4.50977 0.67399 -11.981 -33.0083 -16.1689 -1.70689e-17 4.54241 0.39741 -6.81552 -41.2737 -10.1652 -1.89342e-17 4.5512 0.720839 172.811 63.0848 -141.776 1.16172 -7.16758 7.09827 13.8776 -11.4414 5.95874 12.2059 3.06167 -3.07978 -66.4264 4.18586 -45.4568 27.5197 0.056351 0.129118 10.4535 -17.7572 -119.887 22.8331 0.0467536 0.107129 17.695 50.334 -28.8063 -1.16172 -7.16756 7.09818 -8.0721 -6.92053 -6.14701 -12.2059 3.06167 -3.07978 83.4045 -17.4683 22.0287 -27.5197 0.056351 0.129118 -10.6411 -17.4301 118.034 -22.8331 0.0467534 0.107129 -22.8393 17.0634 25.4175 8.70282 -3.96247 1.9152 93.5881 -80.0089 79.8694 -0.803084 -36.5309 -0.617314 -7.54904 26.493 1.30723 -2.19176 -38.0664 -5.69911 -13.0666 -16.1197 17.5443 0.734061 -9.31305 11.7736 2.91212e-15 -6.66825e-16 -1.1589e-16 -8.70282 -3.96247 1.9152 -111.717 -81.7084 -115.413 0.803084 -36.5309 -0.617314 9.90048 33.2364 -2.36138 2.19176 -38.0664 -5.69911 6.45311 -34.6101 -14.5106 -0.734061 -9.31305 11.7736 1.66351e-14 -2.03774e-15 -1.42365e-14 
-0.555314 58.078 -111.055 -151.457 46.4117 157.117 0 4.78511 -1.08482 -1.26543 10.0513 2.03267 0 5.29195 1.00949 -2.07034 7.5721 2.05297 -9.66735e-18 5.64355 0.108362 -2.27394 7.01713 2.25243 -1.04072e-17 6.12977 -0.417886 -2.59133 9.16646 2.34375 -1.85891e-17 7.16586 -1.41888 -2.33223 10.4077 2.63849 -2.38665e-17 8.94839 -0.861631 -1.44342 10.973 2.76558 -2.73615e-17 9.94144 1.48576 0.77789 -0.720598 -0.128139 -1.21725e-17 4.50977 0.67399 -12.2507 -32.7672 -16.6345 -1.70689e-17 4.54241 0.39741 -6.72383 -40.6909 -10.3771 -1.89342e-17 4.5512 0.720839 167.625 66.2386 -136.452 1.16172 -7.16758 7.09827 13.9519 -12.1228 6.07285 12.2059 3.06167 -3.07978 -64.3314 4.52126 -44.4027 27.5197 0.056351 0.129118 10.4641 -17.7394 -119.785 22.8331 0.0467536 0.107129 24.4376 47.8012 -33.5972 -1.16172 -7.16756 7.09818 -7.69277 -7.18005 -6.59933 -12.2059 3.06167 -3.07978 83.106 -14.8335 23.2762 -27.5197 0.056351 0.129118 -10.5755 -17.5474 118.694 -22.8331 0.0467534 0.107129 -27.6865 20.583 27.0737 8.70282 -3.96247 1.9152 84.4855 -79.2829 72.203 -0.803084 -36.5309 -0.617314 -6.77668 24.0837 1.01953 -2.19176 -38.0664 -5.69911 -13.4756 -11.2545 17.1948 0.734061 -9.31305 11.7736 4.34597e-15 -6.11222e-16 -1.71492e-16 -8.70282 -3.96247 1.9152 -103.341 -82.4033 -105.105 0.803084 -36.5309 -0.617314 9.81431 33.0053 -2.31837 2.19176 -38.0664 -5.69911 10.0264 -31.0433 -14.8561 -0.734061 -9.31305 11.7736 -3.01434e-15 -4.62745e-16 -1.26383e-14 
0.276422 55.957 -106.966 -154.773 43.402 160.037 0 4.78511 -1.08482 -1.16623 10.0811 2.54678 0 5.29195 1.00949 -2.04651 7.63663 2.49432 -9.66735e-18 5.64355 0.108362 -2.32237 7.18257 2.68116 -1.04072e-17 6.12977 -0.417886 -2.72767 9.65546 2.77132 -1.85891e-17 7.16586 -1.41888 -2.46261 11.3426 3.06193 -2.38665e-17 8.94839 -0.861631 -1.50606 11.8933 3.26334 -2.73615e-17 9.94144 1.48576 0.779213 -0.691916 -0.092497 -1.21725e-17 4.50977 0.67399 -11.8649 -31.7513 -16.3658 -1.70689e-17 4.54241 0.39741 -6.4836 -39.893 -10.1528 -1.89342e-17 4.5512 0.720839 157.703 70.1387 -128.366 1.16172 -7.16758 7.09827 14.604 -13.1402 6.42933 12.2059 3.06167 -3.07978 -62.1009 3.86151 -44.2484 27.5197 0.056351 0.129118 10.5788 -17.5415 -118.66 22.8331 0.0467536 0.107129 29.4857 43.3979 -36.1654 -1.16172 -7.16756 7.09818 -7.70636 -7.33972 -7.17429 -12.2059 3.06167 -3.07978 81.3693 -11.6997 25.5685 -27.5197 0.056351 0.129118 -10.6119 -17.4828 118.331 -22.8331 0.0467534 0.107129 -33.6284 24.5263 28.4306 8.70282 -3.96247 1.9152 79.1938 -78.3026 69.0077 -0.803084 -36.5309 -0.617314 -6.30945 22.5817 0.860788 -2.19176 -38.0664 -5.69911 -13.9387 -6.65237 16.7994 0.734061 -9.31305 11.7736 3.13369e-15 -6.66418e-16 -1.17111e-16 -8.70282 -3.96247 1.9152 -90.6327 -82.2996 -92.2899 0.803084 -36.5309 -0.617314 9.43542 31.9747 -2.13304 2.19176 -38.0664 -5.69911 13.4222 -28.4016 -13.8233 -0.734061 -9.31305 11.7736 2.5777e-15 -7.00432e-16 -1.2876e-14 
1.11536 53.7485 -103.215 -157.867 40.2493 162.688 0 4.78511 -1.08482 -0.95621 10.1002 3.07854 0 5.29195 1.00949 -1.92802 7.71198 2.94865 -9.66735e-18 5.64355 0.108362 -2.29385 7.37332 3.12623 -1.04072e-17 6.12977 -0.417886 -2.81248 10.1164 3.21781 -1.85891e-17 7.16586 -1.41888 -2.56354 12.2189 3.49647 -2.38665e-17 8.94839 -0.861631 -1.58298 12.7921 3.79114 -2.73615e-17 9.94144 1.48576 0.733649 -0.616463 -0.0146389 -1.21725e-17 4.50977 0.67399 -11.1089 -29.4249 -15.7987 -1.70689e-17 4.54241 0.39741 -6.26572 -38.6564 -9.84412 -1.89342e-17 4.5512 0.720839 139.035 74.8989 -112.087 1.16172 -7.16758 7.09827 15.8849 -14.2938 7.21239 12.2059 3.06167 -3.07978 -59.228 3.42505 -44.42 27.5197 0.056351 0.129118 10.7669 -17.1952 -116.724 22.8331 0.0467536 0.107129 34.8239 38.1152 -37.6814 -1.16172 -7.16756 7.09818 -7.98582 -7.42547 -7.82582 -12.2059 3.06167 -3.07978 78.6174 -8.48824 28.3066 -27.5197 0.056351 0.129118 -10.7291 -17.2673 117.125 -22.8331 0.0467534 0.107129 -40.7277 28.881 30.3976 8.70282 -3.96247 1.9152 76.4453 -77.127 68.9873 -0.803084 -36.5309 -0.617314 -6.10392 21.9108 0.794733 -2.19176 -38.0664 -5.69911 -14.4448 -3.11579 16.3423 0.734061 -9.31305 11.7736 -3.24042e-15 -9.42801e-16 1.48477e-16 -8.70282 -3.96247 1.9152 -79.1445 -81.7015 -80.7799 0.803084 -36.5309 -0.617314 8.68686 29.869 -1.78543 2.19176 -38.0664 -5.69911 16.8509 -25.9368 -12.2926 -0.734061 -9.31305 11.7736 7.70696e-15 -9.24674e-16 -1.3101e-14 
1.97688 51.7238 -99.6612 -160.531 36.9671 164.844 0 4.78511 -1.08482 -0.723743 10.1051 3.59978 0 5.29195 1.00949 -1.78204 7.78241 3.36542 -9.66735e-18 5.64355 0.108362 -2.23612 7.59411 3.52507 -1.04072e-17 6.12977 -0.417886 -2.86246 10.6289 3.61746 -1.85891e-17 7.16586 -1.41888 -2.64033 13.1813 3.89589 -2.38665e-17 8.94839 -0.861631 -1.66143 13.801 4.28831 -2.73615e-17 9.94144 1.48576 0.680715 -0.549836 0.0619801 -1.21725e-17 4.50977 0.67399 -10.1345 -26.778 -15.0047 -1.70689e-17 4.54241 0.39741 -6.02126 -37.0721 -9.38831 -1.89342e-17 4.5512 0.720839 106.179 77.4313 -81.479 1.16172 -7.16758 7.09827 17.4946 -15.5337 8.07741 12.2059 3.06167 -3.07978 -55.8518 4.08624 -44.3559 27.5197 0.056351 0.129118 10.9751 -16.7734 -114.414 22.8331 0.0467536 0.107129 41.4498 33.7351 -39.5897 -1.16172 -7.16756 7.09818 -8.25279 -7.525 -8.47778 -12.2059 3.06167 -3.07978 75.2944 -4.70644 31.1136 -27.5197 0.056351 0.129118 -10.885 -16.9617 115.44 -22.8331 0.0467534 0.107129 -49.4556 33.0274 33.7131 8.70282 -3.96247 1.9152 74.7128 -75.7735 69.8843 -0.803084 -36.5309 -0.617314 -6.00245 21.5773 0.762988 -2.19176 -38.0664 -5.69911 -15.2265 -0.960893 15.8959 0.734061 -9.31305 11.7736 1.16541e-15 -7.47887e-16 -3.48279e-17 -8.70282 -3.96247 1.9152 -69.8809 -80.6226 -72.0399 0.803084 -36.5309 -0.617314 7.6904 26.9238 -1.3632 2.19176 -38.0664 -5.69911 20.7659 -22.6596 -10.6388 -0.734061 -9.31305 11.7736 5.63724e-16 -5.58874e-16 -1.27444e-14 
2.87452 49.8929 -96.1741 -162.756 33.651 166.726 0 4.78511 -1.08482 -0.523325 10.043 4.08364 0 5.29195 1.00949 -1.66653 7.77533 3.74033 -9.66735e-18 5.64355 0.108362 -2.20999 7.77874 3.88275 -1.04072e-17 6.12977 -0.417886 -2.93915 11.1089 3.97694 -1.85891e-17 7.16586 -1.41888 -2.75367 14.1182 4.2735 -2.38665e-17 8.94839 -0.861631 -1.80296 14.8307 4.77089 -2.73615e-17 9.94144 1.48576 0.601216 -0.493964 0.140283 -1.21725e-17 4.50977 0.67399 -8.86713 -23.3301 -13.7425 -1.70689e-17 4.54241 0.39741 -5.7828 -35.0613 -8.63165 -1.89342e-17 4.5512 0.720839 71.899 74.0595 -49.0719 1.16172 -7.16758 7.09827 19.4473 -16.6841 9.0297 12.2059 3.06167 -3.07978 -52.412 4.86586 -44.1201 27.5197 0.056351 0.129118 11.1564 -16.3644 -112.22 22.8331 0.0467536 0.107129 47.6067 29.9322 -40.8674 -1.16172 -7.16756 7.09818 -8.34616 -7.43021 -9.13732 -12.2059 3.06167 -3.07978 71.8288 -1.13076 33.8988 -27.5197 0.056351 0.129118 -11.0394 -16.6335 113.66 -22.8331 0.0467534 0.107129 -58.4957 36.2429 37.3237 8.70282 -3.96247 1.9152 73.7577 -74.4769 71.4252 -0.803084 -36.5309 -0.617314 -6.05059 21.7357 0.777976 -2.19176 -38.0664 -5.69911 -16.427 0.205768 15.4978 0.734061 -9.31305 11.7736 1.54023e-15 -6.82503e-16 -1.01027e-16 -8.70282 -3.96247 1.9152 -63.309 -79.3469 -65.418 0.803084 -36.5309 -0.617314 6.57832 23.45 -0.950694 2.19176 -38.0664 -5.69911 24.5701 -18.4689 -9.43484 -0.734061 -9.31305 11.7736 -9.75504e-15 5.16302e-16 -1.16377e-14 
3.81686 48.1327 -92.7021 -164.65 30.2614 168.531 0 4.78511 -1.08482 -0.451455 9.96766 4.48734 0 5.29195 1.00949 -1.64472 7.69486 4.02693 -9.66735e-18 5.64355 0.108362 -2.26163 7.90916 4.15486 -1.04072e-17 6.12977 -0.417886 -3.06519 11.4833 4.25205 -1.85891e-17 7.16586 -1.41888 -2.91209 14.8682 4.59367 -2.38665e-17 8.94839 -0.861631 -1.99937 15.6922 5.19048 -2.73615e-17 9.94144 1.48576 0.507631 -0.438116 0.193969 -1.21725e-17 4.50977 0.67399 -7.50853 -19.4054 -12.0706 -1.70689e-17 4.54241 0.39741 -5.53556 -32.4999 -7.5771 -1.89342e-17 4.5512 0.720839 54.3458 66.9303 -32.7815 1.16172 -7.16758 7.09827 21.488 -17.4149 9.76643 12.2059 3.06167 -3.07978 -48.92 5.79015 -43.1789 27.5197 0.056351 0.129118 11.284 -16.0467 -110.543 22.8331 0.0467536 0.107129 53.3177 26.7257 -41.9739 -1.16172 -7.16756 7.09818 -8.16415 -7.02106 -9.80689 -12.2059 3.06167 -3.07978 68.5633 2.41524 36.4471 -27.5197 0.056351 0.129118 -11.1616 -16.3522 112.156 -22.8331 0.0467534 0.107129 -66.7696 38.3339 40.7554 8.70282 -3.96247 1.9152 73.6147 -73.3519 73.4179 -0.803084 -36.5309 -0.617314 -6.25125 22.3924 0.841849 -2.19176 -38.0664 -5.69911 -18.2861 0.33315 15.0125 0.734061 -9.31305 11.7736 1.5855e-14 6.24047e-16 -1.41837e-15 -8.70282 -3.96247 1.9152 -61.2077 -78.25 -61.6249 0.803084 -36.5309 -0.617314 5.69197 20.5478 -0.66943 2.19176 -38.0664 -5.69911 28.0357 -13.5799 -8.98472 -0.734061 -9.31305 11.7736 1.05282e-14 -1.77969e-15 -1.39785e-14 
4.73777 46.2773 -89.2877 -166.342 26.6559 170.214 0 4.78511 -1.08482 -0.50058 9.87928 4.78713 0 5.29195 1.00949 -1.70726 7.5382 4.21734 -9.66735e-18 5.64355 0.108362 -2.37998 7.98036 4.33662 -1.04072e-17 6.12977 -0.417886 -3.22915 11.7132 4.43577 -1.85891e-17 7.16586 -1.41888 -3.10276 15.3754 4.8367 -2.38665e-17 8.94839 -0.861631 -2.24534 16.3352 5.52202 -2.73615e-17 9.94144 1.48576 0.377559 -0.377998 0.225195 -1.21725e-17 4.50977 0.67399 -6.27049 -15.2084 -10.1184 -1.70689e-17 4.54241 0.39741 -5.35991 -29.5722 -6.29781 -1.89342e-17 4.5512 0.720839 46.7756 58.8232 -25.8755 1.16172 -7.16758 7.09827 23.482 -17.7193 10.3359 12.2059 3.06167 -3.07978 -45.3145 5.4377 -41.6277 27.5197 0.056351 0.129118 11.3816 -15.7825 -109.164 22.8331 0.0467536 0.107129 57.2826 23.3808 -41.6287 -1.16172 -7.16756 7.09818 -7.71863 -6.28008 -10.441 -12.2059 3.06167 -3.07978 65.7135 5.52699 38.8452 -27.5197 0.056351 0.129118 -11.2685 -16.0869 110.755 -22.8331 0.0467534 0.107129 -73.8175 39.2959 43.9959 8.70282 -3.96247 1.9152 74.8528 -72.4308 75.8053 -0.803084 -36.5309 -0.617314 -6.62543 23.6011 0.966849 -2.19176 -38.0664 -5.69911 -20.8265 -0.517798 14.3068 0.734061 -9.31305 11.7736 -7.07926e-15 -1.1033e-15 3.20581e-16 -8.70282 -3.96247 1.9152 -64.411 -77.9003 -60.7008 0.803084 -36.5309 -0.617314 5.33671 19.3535 -0.569117 2.19176 -38.0664 -5.69911 30.9842 -8.62189 -9.21881 -0.734061 -9.31305 11.7736 5.801e-16 -6.68662e-16 -1.28459e-14 
5.57438 44.3041 -85.9561 -167.873 23.0471 171.84 0 4.78511 -1.08482 -0.721503 9.81386 4.90766 0 5.29195 1.00949 -1.87899 7.35161 4.25427 -9.66735e-18 5.64355 0.108362 -2.56735 8.009 4.3689 -1.04072e-17 6.12977 -0.417886 -3.40666 11.7582 4.46761 -1.85891e-17 7.16586 -1.41888 -3.27903 15.4868 4.9349 -2.38665e-17 8.94839 -0.861631 -2.46842 16.5605 5.68569 -2.73615e-17 9.94144 1.48576 0.238698 -0.305355 0.218119 -1.21725e-17 4.50977 0.67399 -5.30424 -11.254 -8.0719 -1.70689e-17 4.54241 0.39741 -5.32802 -26.5613 -4.94973 -1.89342e-17 4.5512 0.720839 43.8291 52.0364 -22.8406 1.16172 -7.16758 7.09827 25.104 -17.2532 10.5071 12.2059 3.06167 -3.07978 -41.4404 4.59698 -38.7155 27.5197 0.056351 0.129118 11.4493 -15.5862 -108.149 22.8331 0.0467536 0.107129 60.7355 20.0215 -40.7886 -1.16172 -7.16756 7.09818 -7.36209 -5.39522 -10.9163 -12.2059 3.06167 -3.07978 64.1368 7.95559 41.1579 -27.5197 0.056351 0.129118 -11.3751 -15.8009 109.261 -22.8331 0.0467534 0.107129 -78.5606 39.1899 46.2719 8.70282 -3.96247 1.9152 76.7519 -71.8044 77.5963 -0.803084 -36.5309 -0.617314 -7.14653 25.249 1.15343 -2.19176 -38.0664 -5.69911 -23.9578 -1.90588 13.2848 0.734061 -9.31305 11.7736 -4.6449e-15 -9.43815e-16 1.60286e-16 -8.70282 -3.96247 1.9152 -71.7545 -78.5164 -61.2498 0.803084 -36.5309 -0.617314 5.57822 20.1672 -0.636522 2.19176 -38.0664 -5.69911 32.8678 -4.58411 -9.91411 -0.734061 -9.31305 11.7736 1.13951e-14 -1.81248e-15 -1.40113e-14 
6.33095 42.2139 -82.7241 -169.337 19.4779 173.502 0 4.78511 -1.08482 -1.12319 9.85691 4.84503 0 5.29195 1.00949 -2.16745 7.24897 4.13755 -9.66735e-18 5.64355 0.108362 -2.81699 8.08165 4.24147 -1.04072e-17 6.12977 -0.417886 -3.58106 11.6681 4.33612 -1.85891e-17 7.16586 -1.41888 -3.41603 15.2433 4.8725 -2.38665e-17 8.94839 -0.861631 -2.62672 16.3595 5.67246 -2.73615e-17 9.94144 1.48576 0.11121 -0.227023 0.171843 -1.21725e-17 4.50977 0.67399 -4.58386 -7.63408 -6.18351 -1.70689e-17 4.54241 0.39741 -5.42591 -23.8949 -3.72361 -1.89342e-17 4.5512 0.720839 42.3188 46.8823 -20.6975 1.16172 -7.16758 7.09827 26.2584 -16.1328 10.1913 12.2059 3.06167 -3.07978 -37.7864 3.42055 -34.4151 27.5197 0.056351 0.129118 11.4944 -15.4482 -107.439 22.8331 0.0467536 0.107129 63.6112 16.7368 -39.8744 -1.16172 -7.16756 7.09818 -7.36496 -4.63084 -11.0827 -12.2059 3.06167 -3.07978 63.8742 10.1905 43.3723 -27.5197 0.056351 0.129118 -11.4782 -15.4988 107.7 -22.8331 0.0467534 0.107129 -81.7015 38.4999 47.6509 8.70282 -3.96247 1.9152 78.93 -71.6707 78.3893 -0.803084 -36.5309 -0.617314 -7.80448 27.2691 1.40909 -2.19176 -38.0664 -5.69911 -27.425 -2.96008 12.0553 0.734061 -9.31305 11.7736 1.74848e-14 6.44242e-16 -1.43694e-15 -8.70282 -3.96247 1.9152 -82.7428 -80.0651 -62.9749 0.803084 -36.5309 -0.617314 6.35578 22.7321 -0.875999 2.19176 -38.0664 -5.69911 33.6006 -2.1201 -10.5892 -0.734061 -9.31305 11.7736 6.9119e-15 -8.8822e-16 -1.30638e-14 
7.02732 40.0155 -79.5582 -170.728 15.795 174.992 0 4.78511 -1.08482 -1.67661 10.0679 4.59343 0 5.29195 1.00949 -2.56413 7.32381 3.8786 -9.66735e-18 5.64355 0.108362 -3.1157 8.24646 3.96079 -1.04072e-17 6.12977 -0.417886 -3.74241 11.4399 4.05411 -1.85891e-17 7.16586 -1.41888 -3.50831 14.6419 4.65986 -2.38665e-17 8.94839 -0.861631 -2.71422 15.6931 5.51216 -2.73615e-17 9.94144 1.48576 0.0129101 -0.132186 0.10132 -1.21725e-17 4.50977 0.67399 -4.11621 -4.22931 -4.86399 -1.70689e-17 4.54241 0.39741 -5.63312 -21.7941 -2.88555 -1.89342e-17 4.5512 0.720839 40.7335 43.4548 -17.8953 1.16172 -7.16758 7.09827 26.9606 -14.4924 9.39485 12.2059 3.06167 -3.07978 -34.9516 1.77668 -29.1986 27.5197 0.056351 0.129118 11.5256 -15.3494 -106.933 22.8331 0.0467536 0.107129 65.4262 13.8654 -38.8245 -1.16172 -7.16756 7.09818 -7.85715 -4.14642 -10.7395 -12.2059 3.06167 -3.07978 64.3645 12.3671 45.267 -27.5197 0.056351 0.129118 -11.565 -15.2199 106.273 -22.8331 0.0467534 0.107129 -83.0589 37.381 48.0983 8.70282 -3.96247 1.9152 80.4141 -72.0635 77.2332 -0.803084 -36.5309 -0.617314 -8.41097 29.0697 1.66377 -2.19176 -38.0664 -5.69911 -30.8677 -3.47272 10.6434 0.734061 -9.31305 11.7736 -1.04342e-14 -1.97889e-15 1.2194e-15 -8.70282 -3.96247 1.9152 -97.6989 -82.71 -66.9362 0.803084 -36.5309 -0.617314 7.4714 26.2551 -1.27692 2.19176 -38.0664 -5.69911 32.8618 -1.28256 -11.2837 -0.734061 -9.31305 11.7736 1.06555e-15 -6.40752e-16 -1.28171e-14 
7.66571 37.7086 -76.4598 -171.969 11.7686 176.15 0 4.78511 -1.08482 -2.3284 10.267 4.21502 0 5.29195 1.00949 -3.02561 7.49577 3.52985 -9.66735e-18 5.64355 0.108362 -3.42687 8.46214 3.57963 -1.04072e-17 6.12977 -0.417886 -3.87605 11.1492 3.68102 -1.85891e-17 7.16586 -1.41888 -3.55735 13.9423 4.35106 -2.38665e-17 8.94839 -0.861631 -2.7524 14.893 5.27664 -2.73615e-17 9.94144 1.48576 -0.0458699 -0.0256256 0.0331619 -1.21725e-17 4.50977 0.67399 -3.76167 -0.886186 -4.16713 -1.70689e-17 4.54241 0.39741 -5.77467 -20.0935 -2.4557 -1.89342e-17 4.5512 0.720839 38.2284 40.7842 -13.7907 1.16172 -7.16758 7.09827 27.2513 -12.5553 8.48497 12.2059 3.06167 -3.07978 -33.3822 -0.61582 -24.3637 27.5197 0.056351 0.129118 11.5678 -15.2099 -106.222 22.8331 0.0467536 0.107129 65.6538 11.4446 -37.852 -1.16172 -7.16756 7.09818 -8.67477 -4.03877 -9.92163 -12.2059 3.06167 -3.07978 64.9871 14.211 46.4965 -27.5197 0.056351 0.129118 -11.6461 -14.9326 104.817 -22.8331 0.0467534 0.107129 -82.681 35.0617 47.6518 8.70282 -3.96247 1.9152 81.2512 -73.0155 74.2371 -0.803084 -36.5309 -0.617314 -8.95036 30.6207 1.90491 -2.19176 -38.0664 -5.69911 -33.8117 -3.98312 9.17216 0.734061 -9.31305 11.7736 -7.19667e-15 -1.11124e-15 3.28528e-16 -8.70282 -3.96247 1.9152 -133.648 -85.9886 -91.3471 0.803084 -36.5309 -0.617314 8.98643 30.7227 -1.92151 2.19176 -38.0664 -5.69911 30.2077 -1.53194 -12.5115 -0.734061 -9.31305 11.7736 6.68387e-15 -8.73762e-16 -1.30609e-14 
8.26706 35.2794 -73.4079 -173.054 7.43753 176.99 0 4.78511 -1.08482 -3.01542 10.2155 3.80725 0 5.29195 1.00949 -3.4944 7.60065 3.16166 -9.66735e-18 5.64355 0.108362 -3.71325 8.62467 3.17008 -1.04072e-17 6.12977 -0.417886 -3.97407 10.8973 3.28612 -1.85891e-17 7.16586 -1.41888 -3.57327 13.3999 4.00361 -2.38665e-17 8.94839 -0.861631 -2.76842 14.3159 5.02589 -2.73615e-17 9.94144 1.48576 -0.0704066 0.0684296 -0.0192664 -1.21725e-17 4.50977 0.67399 -3.46094 2.16555 -3.86608 -1.70689e-17 4.54241 0.39741 -5.7835 -18.2415 -2.27276 -1.89342e-17 4.5512 0.720839 35.0881 37.9373 -8.96455 1.16172 -7.16758 7.09827 27.2123 -10.5917 7.73729 12.2059 3.06167 -3.07978 -32.9035 -4.12597 -20.774 27.5197 0.056351 0.129118 11.6094 -15.066 -105.491 22.8331 0.0467536 0.107129 63.642 9.82369 -36.7719 -1.16172 -7.16756 7.09818 -9.51797 -4.16312 -8.92764 -12.2059 3.06167 -3.07978 65.2749 15.2368 46.9435 -27.5197 0.056351 0.129118 -11.7365 -14.5713 103.002 -22.8331 0.0467534 0.107129 -80.855 31.0461 45.9426 8.70282 -3.96247 1.9152 82.2835 -74.6346 70.5946 -0.803084 -36.5309 -0.617314 -9.60078 32.4274 2.21317 -2.19176 -38.0664 -5.69911 -35.6529 -5.06722 7.98688 0.734061 -9.31305 11.7736 2.84047e-15 -6.73951e-16 -1.08763e-16 -8.70282 -3.96247 1.9152 160.559 -85.2361 -149.757 0.803084 -36.5309 -0.617314 10.8715 35.757 -2.86688 2.19176 -38.0664 -5.69911 26.6139 -0.948845 -14.224 -0.734061 -9.31305 11.7736 -8.57381e-15 -2.22004e-16 -1.23984e-14 
8.89993 32.7327 -70.4082 -173.992 2.85782 177.731 0 4.78511 -1.08482 -3.58885 9.84586 3.41852 0 5.29195 1.00949 -3.85166 7.58765 2.79607 -9.66735e-18 5.64355 0.108362 -3.88907 8.71028 2.75725 -1.04072e-17 6.12977 -0.417886 -3.98049 10.8156 2.88303 -1.85891e-17 7.16586 -1.41888 -3.53492 13.214 3.61788 -2.38665e-17 8.94839 -0.861631 -2.77909 14.2546 4.75065 -2.73615e-17 9.94144 1.48576 -0.0635074 0.11809 -0.0675994 -1.21725e-17 4.50977 0.67399 -3.23918 4.4588 -3.76428 -1.70689e-17 4.54241 0.39741 -5.84894 -15.6749 -2.18527 -1.89342e-17 4.5512 0.720839 32.0076 33.8992 -4.18397 1.16172 -7.16758 7.09827 26.959 -8.9136 7.13428 12.2059 3.06167 -3.07978 -32.9284 -7.88724 -18.9341 27.5197 0.056351 0.129118 11.6557 -14.8964 -104.633 22.8331 0.0467536 0.107129 60.1976 9.26301 -35.6344 -1.16172 -7.16756 7.09818 -10.1743 -4.5081 -7.93615 -12.2059 3.06167 -3.07978 64.3985 14.3984 47.0158 -27.5197 0.056351 0.129118 -11.8275 -14.1435 100.874 -22.8331 0.0467534 0.107129 -78.1483 25.8261 42.4404 8.70282 -3.96247 1.9152 85.2939 -77.0885 68.8524 -0.803084 -36.5309 -0.617314 -10.5438 34.9234 2.69206 -2.19176 -38.0664 -5.69911 -35.9817 -6.90943 7.39484 0.734061 -9.31305 11.7736 -1.60463e-15 -8.61948e-16 7.9233e-17 -8.70282 -3.96247 1.9152 151.381 -82.4881 -158.819 0.803084 -36.5309 -0.617314 12.3625 39.334 -3.71241 2.19176 -38.0664 -5.69911 24.5136 -0.809216 -14.5457 -0.734061 -9.31305 11.7736 -7.90264e-15 -2.44401e-16 -1.24316e-14 
9.58208 30.1222 -67.5004 -174.669 -1.9699 178.353 0 4.78511 -1.08482 -3.79568 9.30089 3.00909 0 5.29195 1.00949 -3.91894 7.53135 2.41342 -9.66735e-18 5.64355 0.108362 -3.82427 8.76859 2.33094 -1.04072e-17 6.12977 -0.417886 -3.80915 10.9595 2.45379 -1.85891e-17 7.16586 -1.41888 -3.39965 13.4059 3.15775 -2.38665e-17 8.94839 -0.861631 -2.80265 14.7591 4.37799 -2.73615e-17 9.94144 1.48576 -0.0432201 0.117483 -0.127252 -1.21725e-17 4.50977 0.67399 -3.15564 5.86726 -4.09346 -1.70689e-17 4.54241 0.39741 -6.1151 -12.3022 -2.27524 -1.89342e-17 4.5512 0.720839 28.9208 28.6321 0.577214 1.16172 -7.16758 7.09827 26.718 -7.86831 6.63385 12.2059 3.06167 -3.07978 -32.6681 -11.362 -19.3919 27.5197 0.056351 0.129118 11.7207 -14.6383 -103.336 22.8331 0.0467536 0.107129 55.6424 9.7767 -33.1352 -1.16172 -7.16756 7.09818 -10.6422 -5.1916 -6.95785 -12.2059 3.06167 -3.07978 60.6834 10.6302 47.1824 -27.5197 0.056351 0.129118 -11.8962 -13.7494 98.93 -22.8331 0.0467534 0.107129 -74.7401 20.4318 36.2848 8.70282 -3.96247 1.9152 92.7547 -80.0674 72.0418 -0.803084 -36.5309 -0.617314 -11.7323 37.8647 3.34535 -2.19176 -38.0664 -5.69911 -34.9062 -9.75961 7.23069 0.734061 -9.31305 11.7736 8.23054e-15 -4.38299e-16 -3.44416e-16 -8.70282 -3.96247 1.9152 159.413 -80.5384 -155.324 0.803084 -36.5309 -0.617314 13.2125 41.2205 -4.22838 2.19176 -38.0664 -5.69911 24.6181 -2.81382 -12.7033 -0.734061 -9.31305 11.7736 5.84311e-15 -7.94337e-16 -1.29683e-14 
10.2875 27.4653 -64.7043 -175.068 -7.01682 178.937 0 4.78511 -1.08482 -3.60127 8.85555 2.54503 0 5.29195 1.00949 -3.67364 7.59466 1.99956 -9.66735e-18 5.64355 0.108362 -3.50841 8.92079 1.88814 -1.04072e-17 6.12977 -0.417886 -3.45496 11.3519 2.00272 -1.85891e-17 7.16586 -1.41888 -3.15226 13.9277 2.63548 -2.38665e-17 8.94839 -0.861631 -2.79693 15.6719 3.87124 -2.73615e-17 9.94144 1.48576 -0.00113205 0.0538855 -0.203518 -1.21725e-17 4.50977 0.67399 -3.16039 6.64196 -4.54906 -1.70689e-17 4.54241 0.39741 -6.49815 -8.74612 -2.40704 -1.89342e-17 4.5512 0.720839 26.0833 22.1201 4.49344 1.16172 -7.16758 7.09827 26.6544 -7.5958 6.2707 12.2059 3.06167 -3.07978 -31.9918 -14.0595 -21.9899 27.5197 0.056351 0.129118 11.8054 -14.2552 -101.426 22.8331 0.0467536 0.107129 51.0383 10.8921 -28.7842 -1.16172 -7.16756 7.09818 -10.8333 -6.47161 -5.85702 -12.2059 3.06167 -3.07978 54.6634 3.4406 47.0589 -27.5197 0.056351 0.129118 -11.9055 -13.6892 98.6347 -22.8331 0.0467534 0.107129 -68.9135 15.9498 27.6225 8.70282 -3.96247 1.9152 110.459 -82.9028 86.1154 -0.803084 -36.5309 -0.617314 -13.154 41.0941 4.19215 -2.19176 -38.0664 -5.69911 -32.7359 -13.4917 7.32422 0.734061 -9.31305 11.7736 -4.30942e-15 -9.8293e-16 2.00215e-16 -8.70282 -3.96247 1.9152 172.745 -79.0175 -149.956 0.803084 -36.5309 -0.617314 13.5998 42.0446 -4.47093 2.19176 -38.0664 -5.69911 26.6992 -6.08551 -9.02865 -0.734061 -9.31305 11.7736 -9.21101e-15 5.46466e-16 -1.16067e-14 
10.7644 24.3838 -62.3915 -175.242 -12.1917 179.804 0 4.78511 -1.08482 -3.20489 8.62127 2.03984 0 5.29195 1.00949 -3.2499 7.83333 1.56825 -9.66735e-18 5.64355 0.108362 -3.05236 9.21777 1.45113 -1.04072e-17 6.12977 -0.417886 -2.99326 11.9196 1.56119 -1.85891e-17 7.16586 -1.41888 -2.81878 14.6163 2.11327 -2.38665e-17 8.94839 -0.861631 -2.70305 16.6753 3.27169 -2.73615e-17 9.94144 1.48576 0.0795862 -0.0774783 -0.291785 -1.21725e-17 4.50977 0.67399 -3.10652 7.35229 -4.52768 -1.70689e-17 4.54241 0.39741 -6.883 -5.73219 -2.32729 -1.89342e-17 4.5512 0.720839 24.1442 14.4966 6.53723 1.16172 -7.16758 7.09827 26.7145 -7.99434 6.06169 12.2059 3.06167 -3.07978 -31.4281 -16.894 -26.0081 27.5197 0.056351 0.129118 11.9087 -13.6675 -98.5266 22.8331 0.0467536 0.107129 45.6993 10.4432 -23.5121 -1.16172 -7.16756 7.09818 -10.5262 -8.30607 -4.54017 -12.2059 3.06167 -3.07978 49.2055 -5.28743 45.7009 -27.5197 0.056351 0.129118 -11.8118 -14.2237 101.271 -22.8331 0.0467534 0.107129 -59.9509 14.3174 18.2658 8.70282 -3.96247 1.9152 142.009 -84.354 115.289 -0.803084 -36.5309 -0.617314 -14.8505 44.562 5.28382 -2.19176 -38.0664 -5.69911 -29.9226 -18.3867 7.17102 0.734061 -9.31305 11.7736 7.0834e-15 -4.93293e-16 -2.89422e-16 -8.70282 -3.96247 1.9152 -168.307 -78.1589 -143.053 0.803084 -36.5309 -0.617314 13.5117 41.859 -4.41536 2.19176 -38.0664 -5.69911 30.2275 -10.4374 -3.79226 -0.734061 -9.31305 11.7736 2.3496e-15 -6.85971e-16 -1.28731e-14 
11.2142 21.3989 -60.1996 -175.302 -17.6715 -179.013 0 4.78511 -1.08482 -2.77069 8.55886 1.54463 0 5.29195 1.00949 -2.7865 8.1605 1.17622 -9.66735e-18 5.64355 0.108362 -2.57928 9.61711 1.0671 -1.04072e-17 6.12977 -0.417886 -2.5304 12.6557 1.17914 -1.85891e-17 7.16586 -1.41888 -2.48372 15.4937 1.6704 -2.38665e-17 8.94839 -0.861631 -2.5705 17.7046 2.72138 -2.73615e-17 9.94144 1.48576 0.19085 -0.287752 -0.356884 -1.21725e-17 4.50977 0.67399 -2.99992 8.13113 -3.97161 -1.70689e-17 4.54241 0.39741 -7.31617 -3.39962 -2.02897 -1.89342e-17 4.5512 0.720839 23.3294 5.87613 6.72201 1.16172 -7.16758 7.09827 26.3905 -8.74696 6.10596 12.2059 3.06167 -3.07978 -33.0003 -18.5504 -30.2781 27.5197 0.056351 0.129118 11.9815 -13.0707 -95.6126 22.8331 0.0467536 0.107129 39.5042 8.53022 -20.1695 -1.16172 -7.16756 7.09818 -9.67293 -10.3553 -3.29201 -12.2059 3.06167 -3.07978 47.1544 -12.7539 42.0452 -27.5197 0.056351 0.129118 -11.6081 -15.0708 105.516 -22.8331 0.0467534 0.107129 -49.756 13.4633 11.6775 8.70282 -3.96247 1.9152 149.152 -83.3426 126.955 -0.803084 -36.5309 -0.617314 -16.3334 47.279 6.30046 -2.19176 -38.0664 -5.69911 -27.9623 -24.0797 5.02799 0.734061 -9.31305 11.7736 1.14246e-15 -6.95759e-16 -8.85844e-17 -8.70282 -3.96247 1.9152 -151.549 -80.7221 -135.139 0.803084 -36.5309 -0.617314 11.6776 37.7342 -3.31413 2.19176 -38.0664 -5.69911 32.3976 -20.5799 1.38443 -0.734061 -9.31305 11.7736 -1.95187e-15 -4.53795e-16 -1.26269e-14 
11.853 18.8795 -57.8113 -175.351 -23.9027 -177.948 0 4.78511 -1.08482 -2.44878 8.36086 1.05901 0 5.29195 1.00949 -2.36493 8.26849 0.858445 -9.66735e-18 5.64355 0.108362 -2.11975 9.85957 0.757741 -1.04072e-17 6.12977 -0.417886 -2.06017 13.3268 0.874102 -1.85891e-17 7.16586 -1.41888 -2.07897 16.3846 1.31277 -2.38665e-17 8.94839 -0.861631 -2.25855 18.6259 2.21412 -2.73615e-17 9.94144 1.48576 0.315481 -0.554629 -0.331653 -1.21725e-17 4.50977 0.67399 -2.80082 8.82758 -3.47756 -1.70689e-17 4.54241 0.39741 -6.70407 -1.98373 -1.76229 -1.89342e-17 4.5512 0.720839 21.7392 -2.30895 6.07268 1.16172 -7.16758 7.09827 25.4708 -9.73688 6.45259 12.2059 3.06167 -3.07978 -38.8583 -20.0651 -36.6197 27.5197 0.056351 0.129118 12.0231 -12.4674 -92.6877 22.8331 0.0467536 0.107129 30.6131 6.87013 -18.0611 -1.16172 -7.16756 7.09818 -8.6788 -12.0478 -2.47151 -12.2059 3.06167 -3.07978 48.2314 -17.5176 36.4619 -27.5197 0.056351 0.129118 -11.4721 -15.5178 107.798 -22.8331 0.0467534 0.107129 -42.5782 9.6713 11.7282 8.70282 -3.96247 1.9152 129.604 -76.5642 125.164 -0.803084 -36.5309 -0.617314 -20.5617 53.663 9.45052 -2.19176 -38.0664 -5.69911 -27.9208 -22.844 2.14038 0.734061 -9.31305 11.7736 1.54056e-14 5.97592e-16 -1.40353e-15 -8.70282 -3.96247 1.9152 144.697 -82.5199 179.516 0.803084 -36.5309 -0.617314 10.9394 35.9276 -2.90363 2.19176 -38.0664 -5.69911 22.4586 -34.3671 -6.72868 -0.734061 -9.31305 11.7736 -1.44642e-14 7.68674e-16 -1.13721e-14 
12.5321 16.5893 -55.5013 -175.834 -32.0483 -177.918 0 4.78511 -1.08482 -2.25598 7.56326 0.578847 0 5.29195 1.00949 -1.95446 7.70667 0.594085 -9.66735e-18 5.64355 0.108362 -1.61289 9.52259 0.516568 -1.04072e-17 6.12977 -0.417886 -1.50294 13.3762 0.631745 -1.85891e-17 7.16586 -1.41888 -1.48531 16.5922 1.00747 -2.38665e-17 8.94839 -0.861631 -1.58708 18.8468 1.66382 -2.73615e-17 9.94144 1.48576 0.47705 -0.727637 -0.196409 -1.21725e-17 4.50977 0.67399 -2.37731 9.27353 -2.62598 -1.70689e-17 4.54241 0.39741 -4.3792 -2.04445 -1.24068 -1.89342e-17 4.5512 0.720839 17.4624 -8.15172 2.77372 1.16172 -7.16758 7.09827 24.1253 -10.1776 6.993 12.2059 3.06167 -3.07978 -46.5028 -19.7026 -43.4877 27.5197 0.056351 0.129118 12.0332 -12.0694 -90.7662 22.8331 0.0467536 0.107129 22.5363 8.08448 -14.2577 -1.16172 -7.16756 7.09818 -8.39441 -12.5198 -2.55379 -12.2059 3.06167 -3.07978 52.6733 -19.5876 29.5383 -27.5197 0.056351 0.129118 -11.3986 -15.7347 108.917 -22.8331 0.0467534 0.107129 -36.1305 4.7143 18.0933 8.70282 -3.96247 1.9152 134.426 -68.8846 138.094 -0.803084 -36.5309 -0.617314 -29.3549 62.403 16.769 -2.19176 -38.0664 -5.69911 -24.2733 -15.5052 5.63406 0.734061 -9.31305 11.7736 -7.15436e-15 -1.05361e-15 2.69269e-16 -8.70282 -3.96247 1.9152 115.7 -60.1497 -177.731 0.803084 -36.5309 -0.617314 25.3734 59.0376 -13.3599 2.19176 -38.0664 -5.69911 14.2811 -18.4436 -20.6462 -0.734061 -9.31305 11.7736 1.34593e-15 -6.51348e-16 -1.28277e-14 
13.2581 14.3182 -53.5283 -175.872 -36.6679 -177.448 0 4.78511 -1.08482 -2.25726 6.18353 0.209951 0 5.29195 1.00949 -1.69776 6.61955 0.382085 -9.66735e-18 5.64355 0.108362 -1.21671 8.88591 0.321882 -1.04072e-17 6.12977 -0.417886 -1.0171 13.2556 0.421875 -1.85891e-17 7.16586 -1.41888 -0.902886 16.9213 0.762429 -2.38665e-17 8.94839 -0.861631 -0.848829 19.329 1.22868 -2.73615e-17 9.94144 1.48576 0.638674 -0.772408 -0.106291 -1.21725e-17 4.50977 0.67399 -1.98949 8.82866 -0.927294 -1.70689e-17 4.54241 0.39741 -1.38022 -2.67558 -0.220934 -1.89342e-17 4.5512 0.720839 13.6141 -6.23436 -2.02553 1.16172 -7.16758 7.09827 23.2452 -10.4256 7.99986 12.2059 3.06167 -3.07978 -52.5708 -19.577 -48.582 27.5197 0.056351 0.129118 12.0238 -12.4478 -92.593 22.8331 0.0467536 0.107129 11.1176 12.49 -3.55551 -1.16172 -7.16756 7.09818 -9.59054 -12.4701 -3.77701 -12.2059 3.06167 -3.07978 57.4949 -19.5676 26.4632 -27.5197 0.056351 0.129118 -11.1557 -16.3665 112.232 -22.8331 0.0467534 0.107129 -24.7932 2.52056 17.3208 8.70282 -3.96247 1.9152 141.845 -67.6588 143.179 -0.803084 -36.5309 -0.617314 -38.6341 67.807 25.0863 -2.19176 -38.0664 -5.69911 -18.1339 -11.8082 9.72902 0.734061 -9.31305 11.7736 8.55561e-15 3.04707e-16 -1.11064e-15 -8.70282 -3.96247 1.9152 139.374 -54.9125 -177.416 0.803084 -36.5309 -0.617314 38.3135 67.662 -24.7928 2.19176 -38.0664 -5.69911 16.5801 -3.35205 -19.1705 -0.734061 -9.31305 11.7736 -4.76108e-15 -3.81682e-16 -1.25697e-14 
13.9523 12.3183 -51.8763 -175.913 -41.3184 -176.787 0 4.78511 -1.08482 -2.33464 5.09687 -0.066786 0 5.29195 1.00949 -1.56452 5.74149 0.187967 -9.66735e-18 5.64355 0.108362 -0.946604 8.39456 0.140601 -1.04072e-17 6.12977 -0.417886 -0.655218 13.0217 0.225996 -1.85891e-17 7.16586 -1.41888 -0.426162 17.1605 0.537958 -2.38665e-17 8.94839 -0.861631 -0.205809 19.717 0.889199 -2.73615e-17 9.94144 1.48576 0.76441 -0.756547 -0.0614552 -1.21725e-17 4.50977 0.67399 -1.61704 7.73161 0.723668 -1.70689e-17 4.54241 0.39741 1.12904 -3.18845 0.826291 -1.89342e-17 4.5512 0.720839 10.9577 -2.13285 -5.58378 1.16172 -7.16758 7.09827 22.5873 -10.3862 8.86615 12.2059 3.06167 -3.07978 -58.2021 -18.7347 -50.9493 27.5197 0.056351 0.129118 11.9878 -13.0011 -95.2739 22.8331 0.0467536 0.107129 0.19371 17.8438 6.23758 -1.16172 -7.16756 7.09818 -11.3307 -12.0384 -4.67548 -12.2059 3.06167 -3.07978 60.1494 -19.4975 26.7878 -27.5197 0.056351 0.129118 -10.9354 -16.8577 114.873 -22.8331 0.0467534 0.107129 -15.4923 0.0245404 12.2948 8.70282 -3.96247 1.9152 134.364 -67.117 138.94 -0.803084 -36.5309 -0.617314 -47.208 70.9341 33.0421 -2.19176 -38.0664 -5.69911 -13.5945 -10.7256 10.66 0.734061 -9.31305 11.7736 -5.52803e-15 -1.0872e-15 3.0611e-16 -8.70282 -3.96247 1.9152 163.914 -55.208 -176.159 0.803084 -36.5309 -0.617314 48.2815 71.2415 -34.0498 2.19176 -38.0664 -5.69911 16.9896 1.29673 -17.3345 -0.734061 -9.31305 11.7736 -1.6066e-15 -5.17531e-16 -1.27047e-14 
14.6566 10.759 -50.3222 -175.694 -46.5757 -175.954 0 4.78511 -1.08482 -2.4596 4.50223 -0.295776 0 5.29195 1.00949 -1.52948 5.23397 -0.00956905 -9.66735e-18 5.64355 0.108362 -0.796974 8.07108 -0.0573419 -1.04072e-17 6.12977 -0.417886 -0.412029 12.6667 0.0160912 -1.85891e-17 7.16586 -1.41888 -0.0658705 16.9631 0.298311 -2.38665e-17 8.94839 -0.861631 0.3085 19.5123 0.566061 -2.73615e-17 9.94144 1.48576 0.849632 -0.703947 -0.0682633 -1.21725e-17 4.50977 0.67399 -1.21654 5.41233 1.83023 -1.70689e-17 4.54241 0.39741 2.89509 -4.10696 1.57979 -1.89342e-17 4.5512 0.720839 8.71517 2.14169 -7.47172 1.16172 -7.16758 7.09827 21.1411 -9.86579 8.94637 12.2059 3.06167 -3.07978 -62.0487 -17.9439 -48.0564 27.5197 0.056351 0.129118 11.93 -13.5154 -97.7815 22.8331 0.0467536 0.107129 -8.20147 21.7671 11.5821 -1.16172 -7.16756 7.09818 -12.8846 -11.1524 -4.98261 -12.2059 3.06167 -3.07978 60.9137 -18.3552 27.5781 -27.5197 0.056351 0.129118 -10.8449 -17.0426 115.883 -22.8331 0.0467534 0.107129 -11.2231 -0.520474 7.418 8.70282 -3.96247 1.9152 124.992 -65.6507 132.852 -0.803084 -36.5309 -0.617314 -58.8628 73.5668 44.0741 -2.19176 -38.0664 -5.69911 -9.89788 -7.37226 11.5448 0.734061 -9.31305 11.7736 -1.01542e-14 -1.97362e-15 1.21412e-15 -8.70282 -3.96247 1.9152 -174.061 -55.5926 -173.42 0.803084 -36.5309 -0.617314 59.2885 73.6382 -44.4802 2.19176 -38.0664 -5.69911 16.6001 4.4249 -15.8112 -0.734061 -9.31305 11.7736 7.59366e-16 -6.23853e-16 -1.27994e-14 
15.3882 9.66475 -48.9846 -175.406 -51.3304 -174.972 0 4.78511 -1.08482 -2.61722 3.93473 -0.543202 0 5.29195 1.00949 -1.57538 4.7819 -0.220151 -9.66735e-18 5.64355 0.108362 -0.756683 7.77763 -0.280563 -1.04072e-17 6.12977 -0.417886 -0.271979 12.4087 -0.202318 -1.85891e-17 7.16586 -1.41888 0.17329 16.7444 0.0491854 -2.38665e-17 8.94839 -0.861631 0.687581 19.2468 0.246232 -2.73615e-17 9.94144 1.48576 0.919399 -0.706862 -0.119868 -1.21725e-17 4.50977 0.67399 -0.818849 2.67921 2.0719 -1.70689e-17 4.54241 0.39741 4.10494 -4.81965 1.77634 -1.89342e-17 4.5512 0.720839 7.20956 6.6909 -7.22902 1.16172 -7.16758 7.09827 19.0452 -9.34536 8.54184 12.2059 3.06167 -3.07978 -63.4145 -17.6194 -43.1879 27.5197 0.056351 0.129118 11.9127 -13.6385 -98.3843 22.8331 0.0467536 0.107129 -14.5977 24.7588 14.7314 -1.16172 -7.16756 7.09818 -14.0182 -10.0405 -5.02502 -12.2059 3.06167 -3.07978 60.5718 -15.7434 27.9031 -27.5197 0.056351 0.129118 -10.8193 -17.0933 116.162 -22.8331 0.0467534 0.107129 -9.13424 0.28923 3.07285 8.70282 -3.96247 1.9152 122.725 -65.981 129.325 -0.803084 -36.5309 -0.617314 -75.5933 75.4668 60.1262 -2.19176 -38.0664 -5.69911 -6.20849 0.174074 13.6705 0.734061 -9.31305 11.7736 1.93451e-15 -7.11428e-16 -7.12865e-17 -8.70282 -3.96247 1.9152 -159.406 -56.3341 -171.164 0.803084 -36.5309 -0.617314 73.9083 75.3476 -58.503 2.19176 -38.0664 -5.69911 16.102 6.92221 -15.06 -0.734061 -9.31305 11.7736 -2.45389e-15 -4.89424e-16 -1.26658e-14 
16.1248 9.02647 -47.875 -175.097 -55.147 -174.063 0 4.78511 -1.08482 -2.66002 3.50325 -0.72259 0 5.29195 1.00949 -1.60574 4.62717 -0.398194 -9.66735e-18 5.64355 0.108362 -0.780062 7.72339 -0.468648 -1.04072e-17 6.12977 -0.417886 -0.230188 12.3223 -0.366676 -1.85891e-17 7.16586 -1.41888 0.261759 16.4778 -0.160616 -2.38665e-17 8.94839 -0.861631 0.867358 18.8328 -0.0285398 -2.73615e-17 9.94144 1.48576 0.950788 -0.755289 -0.193476 -1.21725e-17 4.50977 0.67399 -0.497789 0.541485 1.82535 -1.70689e-17 4.54241 0.39741 4.92328 -5.11094 1.6672 -1.89342e-17 4.5512 0.720839 6.33503 10.827 -6.11131 1.16172 -7.16758 7.09827 16.4712 -8.79997 7.76284 12.2059 3.06167 -3.07978 -62.3887 -17.2058 -38.4879 27.5197 0.056351 0.129118 11.9884 -12.9935 -95.2372 22.8331 0.0467536 0.107129 -17.6111 27.6843 15.2256 -1.16172 -7.16756 7.09818 -14.61 -8.89107 -4.84275 -12.2059 3.06167 -3.07978 59.001 -12.5768 28.4351 -27.5197 0.056351 0.129118 -10.9078 -16.9148 115.184 -22.8331 0.0467534 0.107129 -7.9565 0.323102 -0.726007 8.70282 -3.96247 1.9152 120.665 -69.4974 123.873 -0.803084 -36.5309 -0.617314 -92.8663 75.9588 76.8008 -2.19176 -38.0664 -5.69911 -4.23845 6.99256 15.2164 0.734061 -9.31305 11.7736 1.78102e-15 -6.65021e-16 -1.19323e-16 -8.70282 -3.96247 1.9152 -150.795 -59.0403 -169.064 0.803084 -36.5309 -0.617314 90.0367 75.964 -74.0672 2.19176 -38.0664 -5.69911 15.7242 8.4398 -14.7507 -0.734061 -9.31305 11.7736 -8.83036e-16 -5.46865e-16 -1.27349e-14 
16.8383 8.80994 -46.9638 -174.853 -58.0905 -173.255 0 4.78511 -1.08482 -2.46286 3.11846 -0.813093 0 5.29195 1.00949 -1.48366 4.74822 -0.534715 -9.66735e-18 5.64355 0.108362 -0.730125 7.91868 -0.603825 -1.04072e-17 6.12977 -0.417886 -0.181541 12.4267 -0.478057 -1.85891e-17 7.16586 -1.41888 0.286142 16.1513 -0.348148 -2.38665e-17 8.94839 -0.861631 0.875983 18.2885 -0.28755 -2.73615e-17 9.94144 1.48576 0.918722 -0.76378 -0.277973 -1.21725e-17 4.50977 0.67399 -0.208944 0.184463 1.51118 -1.70689e-17 4.54241 0.39741 5.26855 -4.66194 1.51589 -1.89342e-17 4.5512 0.720839 5.64432 12.9134 -4.94338 1.16172 -7.16758 7.09827 13.6369 -8.37014 6.93623 12.2059 3.06167 -3.07978 -58.8522 -15.9138 -33.9812 27.5197 0.056351 0.129118 12.0203 -11.4168 -87.6219 22.8331 0.0467536 0.107129 -15.5528 30.013 11.7848 -1.16172 -7.16756 7.09818 -15.0506 -7.91625 -4.84145 -12.2059 3.06167 -3.07978 57.0278 -7.99095 28.6919 -27.5197 0.056351 0.129118 -11.1398 -16.4039 112.431 -22.8331 0.0467534 0.107129 -7.72064 0.0342462 -2.73214 8.70282 -3.96247 1.9152 119.843 -75.9643 118.391 -0.803084 -36.5309 -0.617314 -107.74 75.3736 91.1539 -2.19176 -38.0664 -5.69911 -4.58432 15.8754 16.7355 0.734061 -9.31305 11.7736 1.36397e-14 4.7604e-16 -1.28035e-15 -8.70282 -3.96247 1.9152 -145.923 -63.9362 -166.718 0.803084 -36.5309 -0.617314 104.016 75.6125 -87.5652 2.19176 -38.0664 -5.69911 15.3321 8.99214 -14.6099 -0.734061 -9.31305 11.7736 -4.63081e-15 -3.87381e-16 -1.25746e-14 
17.4856 8.95877 -46.1732 -174.631 -60.3021 -172.546 0 4.78511 -1.08482 -2.15797 2.88436 -0.828569 0 5.29195 1.00949 -1.26107 5.09055 -0.626806 -9.66735e-18 5.64355 0.108362 -0.597378 8.31073 -0.697925 -1.04072e-17 6.12977 -0.417886 -0.0863709 12.6938 -0.558823 -1.85891e-17 7.16586 -1.41888 0.317914 15.9199 -0.516298 -2.38665e-17 8.94839 -0.861631 0.81173 17.8107 -0.519563 -2.73615e-17 9.94144 1.48576 0.852933 -0.757171 -0.360324 -1.21725e-17 4.50977 0.67399 0.0859685 0.750796 1.16637 -1.70689e-17 4.54241 0.39741 5.11765 -4.16326 1.35368 -1.89342e-17 4.5512 0.720839 5.06875 13.6304 -3.748 1.16172 -7.16758 7.09827 11.0342 -8.34991 6.19387 12.2059 3.06167 -3.07978 -54.4353 -14.3208 -30.6754 27.5197 0.056351 0.129118 11.7272 -9.30806 -77.3992 22.8331 0.0467536 0.107129 -11.2617 31.1985 6.36411 -1.16172 -7.16756 7.09818 -15.3054 -7.21879 -4.81526 -12.2059 3.06167 -3.07978 54.6477 -3.00589 29.3994 -27.5197 0.056351 0.129118 -11.4499 -15.5845 108.141 -22.8331 0.0467534 0.107129 -8.07681 -0.421727 -3.80108 8.70282 -3.96247 1.9152 107.012 -79.3179 103.755 -0.803084 -36.5309 -0.617314 -114.667 74.7409 97.815 -2.19176 -38.0664 -5.69911 -10.2215 36.0534 19.7385 0.734061 -9.31305 11.7736 -8.80922e-15 -1.80688e-15 1.04413e-15 -8.70282 -3.96247 1.9152 -143.041 -70.5363 -164.281 0.803084 -36.5309 -0.617314 114.254 74.786 -97.4191 2.19176 -38.0664 -5.69911 15.2741 9.92005 -14.6147 -0.734061 -9.31305 11.7736 9.45368e-17 -5.92282e-16 -1.27678e-14 
18.0719 9.39949 -45.4389 -174.396 -62.0696 -171.955 0 4.78511 -1.08482 -1.72058 2.77559 -0.819028 0 5.29195 1.00949 -0.917191 5.44087 -0.693079 -9.66735e-18 5.64355 0.108362 -0.346774 8.70554 -0.773665 -1.04072e-17 6.12977 -0.417886 0.0937852 12.9802 -0.636727 -1.85891e-17 7.16586 -1.41888 0.40274 15.7021 -0.681515 -2.38665e-17 8.94839 -0.861631 0.73599 17.3571 -0.747547 -2.73615e-17 9.94144 1.48576 0.775579 -0.731257 -0.425853 -1.21725e-17 4.50977 0.67399 0.355707 2.34393 0.87192 -1.70689e-17 4.54241 0.39741 4.58636 -3.71475 1.19489 -1.89342e-17 4.5512 0.720839 4.47984 13.3304 -2.85377 1.16172 -7.16758 7.09827 8.97313 -8.54805 5.59384 12.2059 3.06167 -3.07978 -50.2449 -12.1699 -27.2919 27.5197 0.056351 0.129118 11.181 -7.56806 -68.6867 22.8331 0.0467536 0.107129 -7.24796 30.6546 1.70348 -1.16172 -7.16756 7.09818 -15.6393 -6.84171 -4.76258 -12.2059 3.06167 -3.07978 53.3217 1.10465 30.064 -27.5197 0.056351 0.129118 -11.7232 -14.6275 103.283 -22.8331 0.0467534 0.107129 -7.688 -0.113044 -4.29988 8.70282 -3.96247 1.9152 68.4313 -59.0116 74.3148 -0.803084 -36.5309 -0.617314 -129.115 72.3959 111.603 -2.19176 -38.0664 -5.69911 -5.30831 30.385 17.0596 0.734061 -9.31305 11.7736 4.23156e-14 2.49364e-15 -3.32279e-15 -8.70282 -3.96247 1.9152 -140.076 -77.8669 -161.176 0.803084 -36.5309 -0.617314 121.957 73.7613 -104.795 2.19176 -38.0664 -5.69911 15.5583 12.2023 -14.7562 -0.734061 -9.31305 11.7736 -1.62605e-15 -5.23646e-16 -1.27e-14 
18.6242 10.0836 -44.666 -174.001 -63.7342 -171.404 0 4.78511 -1.08482 -1.16624 2.85844 -0.90532 0 5.29195 1.00949 -0.488802 5.81336 -0.808101 -9.66735e-18 5.64355 0.108362 -0.00947275 9.09877 -0.902273 -1.04072e-17 6.12977 -0.417886 0.343579 13.2731 -0.778947 -1.85891e-17 7.16586 -1.41888 0.530297 15.5764 -0.90485 -2.38665e-17 8.94839 -0.861631 0.65205 17.0233 -1.02389 -2.73615e-17 9.94144 1.48576 0.684678 -0.731885 -0.468939 -1.21725e-17 4.50977 0.67399 0.530141 3.86078 0.507911 -1.70689e-17 4.54241 0.39741 3.8145 -3.58713 0.981723 -1.89342e-17 4.5512 0.720839 3.61761 13.1559 -2.08876 1.16172 -7.16758 7.09827 7.49146 -8.73535 5.01574 12.2059 3.06167 -3.07978 -47.6889 -10.1756 -23.6406 27.5197 0.056351 0.129118 10.721 -6.55513 -63.3851 22.8331 0.0467536 0.107129 -5.03221 29.9746 -0.136912 -1.16172 -7.16756 7.09818 -15.6784 -6.73894 -4.40109 -12.2059 3.06167 -3.07978 53.1324 3.46455 30.1572 -27.5197 0.056351 0.129118 -11.8957 -13.7521 98.943 -22.8331 0.0467534 0.107129 -5.69615 -0.14034 -4.1705 8.70282 -3.96247 1.9152 55.6055 -57.0626 56.7258 -0.803084 -36.5309 -0.617314 -138.858 69.615 120.75 -2.19176 -38.0664 -5.69911 -0.854766 25.3661 14.1674 0.734061 -9.31305 11.7736 1.08725e-15 -7.51144e-16 -3.15711e-17 -8.70282 -3.96247 1.9152 -135.195 -85.1883 -156.189 0.803084 -36.5309 -0.617314 128.694 72.4897 -111.204 2.19176 -38.0664 -5.69911 15.9282 15.632 -15.0264 -0.734061 -9.31305 11.7736 -4.73506e-15 -3.83309e-16 -1.25705e-14 
19.152 10.9411 -43.808 -173.601 -65.1228 -170.893 0 4.78511 -1.08482 -0.584562 3.02597 -1.05152 0 5.29195 1.00949 -0.0544742 6.17407 -0.946116 -9.66735e-18 5.64355 0.108362 0.339005 9.4539 -1.05467 -1.04072e-17 6.12977 -0.417886 0.602799 13.5409 -0.94731 -1.85891e-17 7.16586 -1.41888 0.666504 15.4823 -1.1438 -2.38665e-17 8.94839 -0.861631 0.575221 16.7268 -1.30475 -2.73615e-17 9.94144 1.48576 0.59725 -0.749069 -0.487337 -1.21725e-17 4.50977 0.67399 0.682886 4.98107 0.429894 -1.70689e-17 4.54241 0.39741 3.07612 -3.15887 0.908251 -1.89342e-17 4.5512 0.720839 2.66378 13.097 -2.09273 1.16172 -7.16758 7.09827 6.39048 -8.84751 4.46592 12.2059 3.06167 -3.07978 -46.6207 -8.34538 -20.0291 27.5197 0.056351 0.129118 10.3566 -5.89367 -59.7884 22.8331 0.0467536 0.107129 -4.0373 29.5333 -0.501473 -1.16172 -7.16756 7.09818 -15.63 -6.79602 -3.88689 -12.2059 3.06167 -3.07978 53.1671 4.95145 29.521 -27.5197 0.056351 0.129118 -11.9947 -12.9217 94.8891 -22.8331 0.0467534 0.107129 -2.88525 -1.99151 -4.25121 8.70282 -3.96247 1.9152 35.2073 -61.3527 29.4551 -0.803084 -36.5309 -0.617314 -143.686 67.6623 125.202 -2.19176 -38.0664 -5.69911 2.7971 25.8117 13.521 0.734061 -9.31305 11.7736 -8.48476e-16 -8.35669e-16 5.29539e-17 -8.70282 -3.96247 1.9152 83.0269 -86.385 63.6364 0.803084 -36.5309 -0.617314 134.717 70.956 -116.884 2.19176 -38.0664 -5.69911 16.1819 19.1747 -15.4849 -0.734061 -9.31305 11.7736 -1.95834e-15 -4.57677e-16 -1.26316e-14 
19.705 11.8343 -42.8515 -173.422 -66.1341 -170.433 0 4.78511 -1.08482 -0.0958803 3.36728 -1.2342 0 5.29195 1.00949 0.302611 6.64731 -1.09657 -9.66735e-18 5.64355 0.108362 0.631573 9.8396 -1.22544 -1.04072e-17 6.12977 -0.417886 0.826291 13.7508 -1.12808 -1.85891e-17 7.16586 -1.41888 0.789989 15.331 -1.38333 -2.38665e-17 8.94839 -0.861631 0.514023 16.3556 -1.57453 -2.73615e-17 9.94144 1.48576 0.51801 -0.752091 -0.486565 -1.21725e-17 4.50977 0.67399 0.803441 5.23435 0.336298 -1.70689e-17 4.54241 0.39741 2.2275 -2.65873 0.825872 -1.89342e-17 4.5512 0.720839 2.14569 13.7503 -2.10332 1.16172 -7.16758 7.09827 5.56378 -8.90494 4.01191 12.2059 3.06167 -3.07978 -46.526 -6.30933 -17.1237 27.5197 0.056351 0.129118 9.94235 -5.24265 -56.1131 22.8331 0.0467536 0.107129 -3.21622 28.6547 -0.627885 -1.16172 -7.16756 7.09818 -15.5099 -6.89833 -3.3127 -12.2059 3.06167 -3.07978 53.2009 6.10712 29.0704 -27.5197 0.056351 0.129118 -12.0337 -11.9634 90.2557 -22.8331 0.0467534 0.107129 -0.576039 -3.77374 -4.88952 8.70282 -3.96247 1.9152 16.9911 -59.3384 7.41778 -0.803084 -36.5309 -0.617314 -145.775 66.6549 127.106 -2.19176 -38.0664 -5.69911 5.10033 27.4887 13.5024 0.734061 -9.31305 11.7736 -1.91087e-15 -8.79664e-16 9.6949e-17 -8.70282 -3.96247 1.9152 54.037 -79.8608 34.598 0.803084 -36.5309 -0.617314 139.192 69.4946 -121.06 2.19176 -38.0664 -5.69911 16.7055 22.271 -15.7361 -0.734061 -9.31305 11.7736 -9.5239e-15 5.59512e-16 -1.15928e-14 
20.2706 12.6942 -41.7584 -173.257 -67.0726 -169.924 0 4.78511 -1.08482 0.292067 3.8776 -1.37192 0 5.29195 1.00949 0.562043 7.18348 -1.2096 -9.66735e-18 5.64355 0.108362 0.831581 10.1755 -1.36245 -1.04072e-17 6.12977 -0.417886 0.970524 13.7927 -1.27539 -1.85891e-17 7.16586 -1.41888 0.856652 14.9688 -1.57175 -2.38665e-17 8.94839 -0.861631 0.434533 15.7517 -1.78048 -2.73615e-17 9.94144 1.48576 0.435686 -0.711823 -0.474028 -1.21725e-17 4.50977 0.67399 0.873029 5.13787 0.0121137 -1.70689e-17 4.54241 0.39741 1.2465 -2.06634 0.612456 -1.89342e-17 4.5512 0.720839 2.10038 15.1205 -1.8349 1.16172 -7.16758 7.09827 4.82421 -8.794 3.60776 12.2059 3.06167 -3.07978 -46.8806 -3.92269 -15.0569 27.5197 0.056351 0.129118 9.40529 -4.51517 -51.804 22.8331 0.0467536 0.107129 -2.01175 28.4916 -0.869004 -1.16172 -7.16756 7.09818 -15.2799 -6.91012 -2.74798 -12.2059 3.06167 -3.07978 52.6957 7.46969 27.9748 -27.5197 0.056351 0.129118 -11.9984 -11.0657 85.9307 -22.8331 0.0467534 0.107129 1.36332 -5.6731 -5.0964 8.70282 -3.96247 1.9152 6.94358 -54.6885 -4.52349 -0.803084 -36.5309 -0.617314 -146.02 66.5293 127.328 -2.19176 -38.0664 -5.69911 6.22728 27.2696 13.5927 0.734061 -9.31305 11.7736 -1.08967e-15 -8.41577e-16 5.88625e-17 -8.70282 -3.96247 1.9152 50.2354 -73.2823 30.807 0.803084 -36.5309 -0.617314 142.155 68.3339 -123.798 2.19176 -38.0664 -5.69911 16.8056 24.318 -15.8839 -0.734061 -9.31305 11.7736 -1.87389e-15 -5.09993e-16 -1.26864e-14 
20.7663 13.446 -40.4946 -172.778 -68.3335 -169.18 0 4.78511 -1.08482 0.601366 4.34796 -1.44891 0 5.29195 1.00949 0.760251 7.5951 -1.26471 -9.66735e-18 5.64355 0.108362 0.976478 10.3727 -1.43705 -1.04072e-17 6.12977 -0.417886 1.06989 13.7013 -1.35769 -1.85891e-17 7.16586 -1.41888 0.899553 14.5044 -1.67404 -2.38665e-17 8.94839 -0.861631 0.381531 15.0474 -1.89856 -2.73615e-17 9.94144 1.48576 0.36538 -0.648284 -0.462819 -1.21725e-17 4.50977 0.67399 0.89213 5.2083 -0.379533 -1.70689e-17 4.54241 0.39741 0.432525 -1.27073 0.376344 -1.89342e-17 4.5512 0.720839 2.15305 16.5978 -1.45652 1.16172 -7.16758 7.09827 4.42405 -8.58937 3.42854 12.2059 3.06167 -3.07978 -47.8118 -1.24327 -13.4384 27.5197 0.056351 0.129118 8.81425 -3.82869 -47.4839 22.8331 0.0467536 0.107129 -0.377983 28.9577 -1.2601 -1.16172 -7.16756 7.09818 -15.2164 -6.74357 -2.28861 -12.2059 3.06167 -3.07978 51.4587 9.52673 26.3922 -27.5197 0.056351 0.129118 -11.9193 -10.3405 82.4286 -22.8331 0.0467534 0.107129 3.05401 -9.5696 -5.25784 8.70282 -3.96247 1.9152 -0.0595112 -50.5019 -12.144 -0.803084 -36.5309 -0.617314 -145.208 66.9394 126.591 -2.19176 -38.0664 -5.69911 6.80959 25.7762 13.6732 0.734061 -9.31305 11.7736 7.6972e-17 -7.92695e-16 9.98073e-18 -8.70282 -3.96247 1.9152 48.4467 -67.9849 28.7149 0.803084 -36.5309 -0.617314 143.778 67.6203 -125.286 2.19176 -38.0664 -5.69911 16.7571 25.432 -15.9144 -0.734061 -9.31305 11.7736 2.21933e-15 -6.80272e-16 -1.28674e-14 
21.219 14.0934 -39.081 -171.904 -70.0866 -167.969 0 4.78511 -1.08482 0.816327 4.82049 -1.45591 0 5.29195 1.00949 0.893048 7.87764 -1.26895 -9.66735e-18 5.64355 0.108362 1.06454 10.4084 -1.45106 -1.04072e-17 6.12977 -0.417886 1.12334 13.3886 -1.37789 -1.85891e-17 7.16586 -1.41888 0.92174 13.8412 -1.69499 -2.38665e-17 8.94839 -0.861631 0.364199 14.2175 -1.92828 -2.73615e-17 9.94144 1.48576 0.307799 -0.550392 -0.44505 -1.21725e-17 4.50977 0.67399 0.892187 5.38501 -0.721648 -1.70689e-17 4.54241 0.39741 -0.229768 -0.358562 0.165012 -1.89342e-17 4.5512 0.720839 2.39558 18.1152 -1.10293 1.16172 -7.16758 7.09827 4.25438 -8.16399 3.32035 12.2059 3.06167 -3.07978 -48.8957 1.3454 -11.8875 27.5197 0.056351 0.129118 8.24891 -3.25904 -43.6528 22.8331 0.0467536 0.107129 1.69027 28.8033 -2.26439 -1.16172 -7.16756 7.09818 -15.0276 -6.3639 -1.88346 -12.2059 3.06167 -3.07978 50.9937 11.7207 24.5572 -27.5197 0.056351 0.129118 -11.8072 -9.67867 79.213 -22.8331 0.0467534 0.107129 4.56524 -11.2776 -5.44998 8.70282 -3.96247 1.9152 -3.67275 -47.4537 -15.4096 -0.803084 -36.5309 -0.617314 -143.841 67.5914 125.344 -2.19176 -38.0664 -5.69911 6.99768 24.2557 13.7605 0.734061 -9.31305 11.7736 7.67863e-16 -7.6031e-16 -2.24048e-17 -8.70282 -3.96247 1.9152 48.6406 -64.174 28.4934 0.803084 -36.5309 -0.617314 144.485 67.2899 -125.933 2.19176 -38.0664 -5.69911 16.3642 25.7689 -15.8616 -0.734061 -9.31305 11.7736 -3.00783e-15 -4.58875e-16 -1.26344e-14 
21.6506 14.5523 -37.5943 -170.818 -72.0122 -166.443 0 4.78511 -1.08482 0.874492 5.44333 -1.40415 0 5.29195 1.00949 0.910784 8.16664 -1.25552 -9.66735e-18 5.64355 0.108362 1.0535 10.366 -1.43846 -1.04072e-17 6.12977 -0.417886 1.09962 12.8661 -1.37248 -1.85891e-17 7.16586 -1.41888 0.888674 12.9258 -1.67519 -2.38665e-17 8.94839 -0.861631 0.343403 13.2106 -1.90429 -2.73615e-17 9.94144 1.48576 0.262012 -0.417295 -0.420719 -1.21725e-17 4.50977 0.67399 0.877686 5.67686 -0.817916 -1.70689e-17 4.54241 0.39741 -0.668975 0.735245 0.0572319 -1.89342e-17 4.5512 0.720839 2.8048 19.5385 -0.676029 1.16172 -7.16758 7.09827 4.12967 -7.448 3.17576 12.2059 3.06167 -3.07978 -49.7891 3.54665 -10.3686 27.5197 0.056351 0.129118 7.78697 -2.84552 -40.6905 22.8331 0.0467536 0.107129 3.53196 28.4393 -3.18099 -1.16172 -7.16756 7.09818 -14.5868 -5.7553 -1.53889 -12.2059 3.06167 -3.07978 51.6752 13.9162 22.3692 -27.5197 0.056351 0.129118 -11.6626 -9.04256 76.0934 -22.8331 0.0467534 0.107129 6.01176 -9.28219 -4.83702 8.70282 -3.96247 1.9152 -4.08681 -45.4156 -15.2921 -0.803084 -36.5309 -0.617314 -141.739 68.5075 123.415 -2.19176 -38.0664 -5.69911 6.46108 23.3224 13.8781 0.734061 -9.31305 11.7736 2.48481e-17 -7.95139e-16 1.2424e-17 -8.70282 -3.96247 1.9152 49.9659 -61.4769 29.3993 0.803084 -36.5309 -0.617314 144.431 67.3155 -125.883 2.19176 -38.0664 -5.69911 15.7123 25.5157 -15.7409 -0.734061 -9.31305 11.7736 -3.14482e-15 -4.57037e-16 -1.26326e-14 
22.0208 14.7563 -36.1352 -169.437 -73.9216 -164.535 0 4.78511 -1.08482 0.805191 6.38483 -1.31126 0 5.29195 1.00949 0.835727 8.62271 -1.22994 -9.66735e-18 5.64355 0.108362 0.964276 10.3638 -1.41194 -1.04072e-17 6.12977 -0.417886 1.01593 12.1916 -1.35623 -1.85891e-17 7.16586 -1.41888 0.806126 11.7531 -1.63498 -2.38665e-17 8.94839 -0.861631 0.313735 11.9466 -1.85282 -2.73615e-17 9.94144 1.48576 0.226514 -0.26441 -0.393607 -1.21725e-17 4.50977 0.67399 0.843181 5.79593 -0.632561 -1.70689e-17 4.54241 0.39741 -0.892868 1.91481 0.0756184 -1.89342e-17 4.5512 0.720839 3.46659 20.7625 -0.306316 1.16172 -7.16758 7.09827 3.93781 -6.47819 2.90728 12.2059 3.06167 -3.07978 -50.2529 5.22614 -8.62892 27.5197 0.056351 0.129118 7.44984 -2.56937 -38.6069 22.8331 0.0467536 0.107129 5.42997 27.8565 -4.19476 -1.16172 -7.16756 7.09818 -13.8836 -4.94809 -1.08713 -12.2059 3.06167 -3.07978 52.8192 16.1145 19.7115 -27.5197 0.056351 0.129118 -11.4988 -8.46447 73.2239 -22.8331 0.0467534 0.107129 6.8805 -6.97882 -3.27073 8.70282 -3.96247 1.9152 -3.16032 -44.0492 -14.2475 -0.803084 -36.5309 -0.617314 -138.897 69.601 120.786 -2.19176 -38.0664 -5.69911 5.49419 23.0503 13.9981 0.734061 -9.31305 11.7736 -5.33236e-17 -7.98396e-16 1.56812e-17 -8.70282 -3.96247 1.9152 50.4474 -59.7138 29.2355 0.803084 -36.5309 -0.617314 143.567 67.7162 -125.094 2.19176 -38.0664 -5.69911 14.8963 25.352 -15.6155 -0.734061 -9.31305 11.7736 1.20613e-16 -5.93097e-16 -1.27687e-14 
22.3202 14.754 -34.7055 -167.181 -76.1746 -161.741 0 4.78511 -1.08482 0.709904 7.36264 -1.2283 0 5.29195 1.00949 0.758403 9.09457 -1.20491 -9.66735e-18 5.64355 0.108362 0.883292 10.3882 -1.38392 -1.04072e-17 6.12977 -0.417886 0.944727 11.5488 -1.33639 -1.85891e-17 7.16586 -1.41888 0.740882 10.6418 -1.59342 -2.38665e-17 8.94839 -0.861631 0.314806 10.7578 -1.8096 -2.73615e-17 9.94144 1.48576 0.197998 -0.12326 -0.367204 -1.21725e-17 4.50977 0.67399 0.822837 5.83359 -0.449597 -1.70689e-17 4.54241 0.39741 -0.927896 2.85728 0.0958751 -1.89342e-17 4.5512 0.720839 3.97018 21.2367 0.0439618 1.16172 -7.16758 7.09827 3.72487 -5.56742 2.69484 12.2059 3.06167 -3.07978 -50.4053 6.40906 -6.99868 27.5197 0.056351 0.129118 7.18403 -2.36553 -37.0043 22.8331 0.0467536 0.107129 7.61784 26.5642 -5.77043 -1.16172 -7.16756 7.09818 -13.1374 -4.16112 -0.636535 -12.2059 3.06167 -3.07978 54.0324 18.2281 17.1768 -27.5197 0.056351 0.129118 -11.3229 -7.94068 70.5877 -22.8331 0.0467534 0.107129 6.77605 -5.27855 -1.23452 8.70282 -3.96247 1.9152 -1.70852 -43.5651 -13.1013 -0.803084 -36.5309 -0.617314 -136.17 70.5159 118.244 -2.19176 -38.0664 -5.69911 4.76054 22.9153 14.0594 0.734061 -9.31305 11.7736 -1.11575e-15 -8.42392e-16 5.96773e-17 -8.70282 -3.96247 1.9152 49.8074 -58.9265 27.7788 0.803084 -36.5309 -0.617314 142.319 68.2642 -123.949 2.19176 -38.0664 -5.69911 14.0047 25.1305 -15.4894 -0.734061 -9.31305 11.7736 -1.04604e-15 -5.44215e-16 -1.27206e-14 
22.5533 14.5996 -33.3105 -163.656 -78.6399 -157.753 0 4.78511 -1.08482 0.617839 8.10358 -1.15737 0 5.29195 1.00949 0.687996 9.43432 -1.17515 -9.66735e-18 5.64355 0.108362 0.812196 10.4155 -1.35126 -1.04072e-17 6.12977 -0.417886 0.881262 11.1101 -1.30876 -1.85891e-17 7.16586 -1.41888 0.679527 9.88268 -1.54246 -2.38665e-17 8.94839 -0.861631 0.303324 9.96308 -1.7522 -2.73615e-17 9.94144 1.48576 0.170375 -0.0223039 -0.345323 -1.21725e-17 4.50977 0.67399 0.768525 6.04056 -0.635536 -1.70689e-17 4.54241 0.39741 -1.02814 3.57759 -0.0607408 -1.89342e-17 4.5512 0.720839 4.11171 20.9162 0.896004 1.16172 -7.16758 7.09827 3.61104 -4.95943 2.64089 12.2059 3.06167 -3.07978 -50.5752 6.8428 -5.60452 27.5197 0.056351 0.129118 7.05391 -2.26995 -36.2317 22.8331 0.0467536 0.107129 9.42532 25.3852 -7.37012 -1.16172 -7.16756 7.09818 -12.3748 -3.60277 -0.287581 -12.2059 3.06167 -3.07978 55.5946 19.6365 14.927 -27.5197 0.056351 0.129118 -11.1914 -7.59389 68.8194 -22.8331 0.0467534 0.107129 5.89367 -3.60143 0.56026 8.70282 -3.96247 1.9152 -0.39373 -43.7266 -12.4739 -0.803084 -36.5309 -0.617314 -134.202 71.1049 116.4 -2.19176 -38.0664 -5.69911 4.30719 22.5906 14.074 0.734061 -9.31305 11.7736 -3.46664e-16 -8.06748e-16 2.40338e-17 -8.70282 -3.96247 1.9152 48.4222 -58.71 25.6936 0.803084 -36.5309 -0.617314 140.868 68.8595 -122.611 2.19176 -38.0664 -5.69911 13.3702 24.8745 -15.3797 -0.734061 -9.31305 11.7736 -1.84118e-15 -5.07757e-16 -1.26949e-14 
22.7625 14.284 -32.0152 -158.571 -80.9442 -152.28 0 4.78511 -1.08482 0.519192 8.76029 -1.07912 0 5.29195 1.00949 0.614931 9.73399 -1.13065 -9.66735e-18 5.64355 0.108362 0.740508 10.4644 -1.30105 -1.04072e-17 6.12977 -0.417886 0.814817 10.7942 -1.26207 -1.85891e-17 7.16586 -1.41888 0.613472 9.3203 -1.47209 -2.38665e-17 8.94839 -0.861631 0.286112 9.3923 -1.67125 -2.73615e-17 9.94144 1.48576 0.15423 0.0462882 -0.327243 -1.21725e-17 4.50977 0.67399 0.711573 6.27047 -0.604826 -1.70689e-17 4.54241 0.39741 -1.07594 4.19056 -0.107482 -1.89342e-17 4.5512 0.720839 4.15983 20.3905 1.42749 1.16172 -7.16758 7.09827 3.53914 -4.52951 2.63611 12.2059 3.06167 -3.07978 -50.7126 6.90086 -4.21314 27.5197 0.056351 0.129118 7.07865 -2.28791 -36.378 22.8331 0.0467536 0.107129 10.8059 25.3269 -8.57452 -1.16172 -7.16756 7.09818 -11.5141 -3.26917 -0.01721 -12.2059 3.06167 -3.07978 57.3472 20.0925 12.6885 -27.5197 0.056351 0.129118 -11.1407 -7.46839 68.1744 -22.8331 0.0467534 0.107129 4.68916 -1.15149 2.03423 8.70282 -3.96247 1.9152 1.38768 -44.2787 -11.6753 -0.803084 -36.5309 -0.617314 -132.881 71.4705 115.159 -2.19176 -38.0664 -5.69911 3.88574 22.389 14.107 0.734061 -9.31305 11.7736 2.48481e-17 -7.95139e-16 1.2424e-17 -8.70282 -3.96247 1.9152 45.91 -58.7244 22.5777 0.803084 -36.5309 -0.617314 139.148 69.5106 -121.019 2.19176 -38.0664 -5.69911 12.6202 24.8114 -15.2882 -0.734061 -9.31305 11.7736 -2.55814e-15 -4.85352e-16 -1.26609e-14 
22.9698 13.8564 -30.7902 -150.634 -82.9709 -144.036 0 4.78511 -1.08482 0.419331 9.19564 -1.01246 0 5.29195 1.00949 0.546069 9.93929 -1.08749 -9.66735e-18 5.64355 0.108362 0.676985 10.5346 -1.24997 -1.04072e-17 6.12977 -0.417886 0.757531 10.6727 -1.21205 -1.85891e-17 7.16586 -1.41888 0.561844 9.07199 -1.40442 -2.38665e-17 8.94839 -0.861631 0.285242 9.17573 -1.59159 -2.73615e-17 9.94144 1.48576 0.149181 0.0737313 -0.317017 -1.21725e-17 4.50977 0.67399 0.681976 6.74614 -0.48122 -1.70689e-17 4.54241 0.39741 -1.12867 4.46566 -0.106171 -1.89342e-17 4.5512 0.720839 4.15452 19.2624 1.90257 1.16172 -7.16758 7.09827 3.58066 -4.42395 2.80078 12.2059 3.06167 -3.07978 -50.7814 6.99226 -2.99477 27.5197 0.056351 0.129118 7.19564 -2.37419 -37.0736 22.8331 0.0467536 0.107129 11.7599 25.1072 -9.4295 -1.16172 -7.16756 7.09818 -10.8883 -3.25128 0.0148966 -12.2059 3.06167 -3.07978 58.853 20.4118 10.8149 -27.5197 0.056351 0.129118 -11.1318 -7.44668 68.0625 -22.8331 0.0467534 0.107129 3.80835 0.935819 3.30565 8.70282 -3.96247 1.9152 4.17838 -45.1175 -9.95175 -0.803084 -36.5309 -0.617314 -132.289 71.6273 114.6 -2.19176 -38.0664 -5.69911 3.6061 22.5069 14.1561 0.734061 -9.31305 11.7736 5.09053e-17 -7.94324e-16 1.16098e-17 -8.70282 -3.96247 1.9152 42.6467 -58.7268 18.7912 0.803084 -36.5309 -0.617314 137.337 70.1393 -119.333 2.19176 -38.0664 -5.69911 11.7394 24.7243 -15.2048 -0.734061 -9.31305 11.7736 -2.18663e-15 -4.96962e-16 -1.26725e-14 
23.1788 13.3483 -29.6057 -136.453 -84.7462 -129.518 0 4.78511 -1.08482 0.348078 9.38418 -0.95849 0 5.29195 1.00949 0.500286 10.0258 -1.04106 -9.66735e-18 5.64355 0.108362 0.634782 10.5988 -1.19408 -1.04072e-17 6.12977 -0.417886 0.715838 10.7224 -1.15405 -1.85891e-17 7.16586 -1.41888 0.521505 9.11208 -1.33028 -2.38665e-17 8.94839 -0.861631 0.280727 9.2781 -1.49948 -2.73615e-17 9.94144 1.48576 0.145825 0.0654656 -0.308819 -1.21725e-17 4.50977 0.67399 0.645168 7.40106 -0.665094 -1.70689e-17 4.54241 0.39741 -1.24478 4.47549 -0.249809 -1.89342e-17 4.5512 0.720839 4.03528 17.6756 2.6932 1.16172 -7.16758 7.09827 3.73152 -4.59269 3.10534 12.2059 3.06167 -3.07978 -51.0136 6.93184 -1.95999 27.5197 0.056351 0.129118 7.40374 -2.53317 -38.3264 22.8331 0.0467536 0.107129 12.4177 24.7435 -10.067 -1.16172 -7.16756 7.09818 -10.3934 -3.46394 -0.0959762 -12.2059 3.06167 -3.07978 60.3523 20.5955 9.17539 -27.5197 0.056351 0.129118 -11.1671 -7.53324 68.5079 -22.8331 0.0467534 0.107129 3.0414 2.22492 4.33268 8.70282 -3.96247 1.9152 7.3626 -46.2454 -7.92298 -0.803084 -36.5309 -0.617314 -133.044 71.4266 115.312 -2.19176 -38.0664 -5.69911 3.58477 22.6452 14.1938 0.734061 -9.31305 11.7736 3.70303e-16 -7.84343e-16 1.62858e-18 -8.70282 -3.96247 1.9152 38.4497 -58.8639 14.1452 0.803084 -36.5309 -0.617314 135.902 70.5994 -117.993 2.19176 -38.0664 -5.69911 10.8512 24.5731 -15.1397 -0.734061 -9.31305 11.7736 -2.05635e-15 -5.02662e-16 -1.26782e-14 
23.3341 12.7902 -28.5225 -110.384 -86.0142 -102.999 0 4.78511 -1.08482 0.292585 9.5862 -0.914065 0 5.29195 1.00949 0.468144 10.1236 -0.994157 -9.66735e-18 5.64355 0.108362 0.605303 10.6704 -1.1342 -1.04072e-17 6.12977 -0.417886 0.683919 10.786 -1.09033 -1.85891e-17 7.16586 -1.41888 0.487419 9.16156 -1.25014 -2.38665e-17 8.94839 -0.861631 0.279408 9.38222 -1.40401 -2.73615e-17 9.94144 1.48576 0.145208 0.0466412 -0.297248 -1.21725e-17 4.50977 0.67399 0.610889 7.84764 -0.693651 -1.70689e-17 4.54241 0.39741 -1.27507 4.44548 -0.311504 -1.89342e-17 4.5512 0.720839 4.0165 16.2649 3.1585 1.16172 -7.16758 7.09827 3.75934 -4.74381 3.36242 12.2059 3.06167 -3.07978 -51.1343 6.64618 -0.766883 27.5197 0.056351 0.129118 7.68638 -2.76096 -40.0623 22.8331 0.0467536 0.107129 12.9338 24.5367 -10.7549 -1.16172 -7.16756 7.09818 -9.67796 -3.65405 -0.11499 -12.2059 3.06167 -3.07978 61.8585 20.385 7.18575 -27.5197 0.056351 0.129118 -11.267 -7.78932 69.8181 -22.8331 0.0467534 0.107129 2.01239 3.62434 5.17375 8.70282 -3.96247 1.9152 10.0859 -47.5353 -6.59611 -0.803084 -36.5309 -0.617314 -134.687 70.9649 116.855 -2.19176 -38.0664 -5.69911 3.71763 22.587 14.2278 0.734061 -9.31305 11.7736 -3.72721e-16 -8.07563e-16 2.48481e-17 -8.70282 -3.96247 1.9152 33.7295 -59.0615 9.14767 0.803084 -36.5309 -0.617314 134.959 70.885 -117.11 2.19176 -38.0664 -5.69911 10.0206 24.3948 -15.0893 -0.734061 -9.31305 11.7736 -2.24842e-16 -5.82301e-16 -1.27587e-14 
23.5139 12.1618 -27.6388 -76.8742 -86.0804 -68.9709 0 4.78511 -1.08482 0.252473 9.94711 -0.884271 0 5.29195 1.00949 0.447254 10.3535 -0.957476 -9.66735e-18 5.64355 0.108362 0.587475 10.83 -1.08361 -1.04072e-17 6.12977 -0.417886 0.664413 10.8683 -1.03565 -1.85891e-17 7.16586 -1.41888 0.471123 9.17859 -1.18596 -2.38665e-17 8.94839 -0.861631 0.304462 9.42822 -1.33066 -2.73615e-17 9.94144 1.48576 0.149046 0.0173335 -0.284669 -1.21725e-17 4.50977 0.67399 0.616514 8.0165 -0.54669 -1.70689e-17 4.54241 0.39741 -1.24701 4.48336 -0.28598 -1.89342e-17 4.5512 0.720839 4.20005 15.2017 3.36782 1.16172 -7.16758 7.09827 3.49531 -4.8422 3.44449 12.2059 3.06167 -3.07978 -50.9907 6.22515 0.480211 27.5197 0.056351 0.129118 8.00779 -3.03784 -42.0897 22.8331 0.0467536 0.107129 13.0989 23.7635 -11.2176 -1.16172 -7.16756 7.09818 -8.79186 -3.82044 0.00281139 -12.2059 3.06167 -3.07978 62.9485 19.8621 5.24534 -27.5197 0.056351 0.129118 -11.3844 -8.11499 71.469 -22.8331 0.0467534 0.107129 1.05492 5.06947 5.8854 8.70282 -3.96247 1.9152 13.4886 -49.2847 -4.56664 -0.803084 -36.5309 -0.617314 -136.851 70.2986 118.88 -2.19176 -38.0664 -5.69911 4.1438 22.345 14.2666 0.734061 -9.31305 11.7736 -4.24836e-16 -8.10006e-16 2.72909e-17 -8.70282 -3.96247 1.9152 29.3082 -59.257 4.7408 0.803084 -36.5309 -0.617314 134.789 70.9351 -116.951 2.19176 -38.0664 -5.69911 9.14795 24.1608 -15.0372 -0.734061 -9.31305 11.7736 -6.48468e-16 -5.57453e-16 -1.27446e-14 
23.6996 11.5122 -26.8194 -51.9413 -85.0786 -43.6271 0 4.78511 -1.08482 0.198534 10.3879 -0.833552 0 5.29195 1.00949 0.409216 10.6412 -0.905395 -9.66735e-18 5.64355 0.108362 0.553807 11.0161 -1.01834 -1.04072e-17 6.12977 -0.417886 0.632046 10.9264 -0.967468 -1.85891e-17 7.16586 -1.41888 0.452561 9.14226 -1.10769 -2.38665e-17 8.94839 -0.861631 0.341787 9.40445 -1.2457 -2.73615e-17 9.94144 1.48576 0.154781 -0.0124115 -0.267694 -1.21725e-17 4.50977 0.67399 0.658005 8.12546 -0.685803 -1.70689e-17 4.54241 0.39741 -1.12425 4.63216 -0.399211 -1.89342e-17 4.5512 0.720839 4.36017 14.2227 3.83262 1.16172 -7.16758 7.09827 3.10857 -4.8935 3.45769 12.2059 3.06167 -3.07978 -50.7667 5.8819 1.74033 27.5197 0.056351 0.129118 8.31281 -3.31971 -44.0734 22.8331 0.0467536 0.107129 12.9797 22.5323 -11.6207 -1.16172 -7.16756 7.09818 -7.81928 -3.92626 0.171589 -12.2059 3.06167 -3.07978 63.8629 19.1925 3.2602 -27.5197 0.056351 0.129118 -11.4964 -8.45659 73.1841 -22.8331 0.0467534 0.107129 0.354598 6.01143 6.67087 8.70282 -3.96247 1.9152 17.7052 -51.1874 -1.75951 -0.803084 -36.5309 -0.617314 -139.221 69.484 121.087 -2.19176 -38.0664 -5.69911 4.66027 22.0012 14.2923 0.734061 -9.31305 11.7736 -1.01152e-15 -8.38321e-16 5.56059e-17 -8.70282 -3.96247 1.9152 24.7978 -59.4068 0.427541 0.803084 -36.5309 -0.617314 135.523 70.7156 -117.639 2.19176 -38.0664 -5.69911 8.08772 23.9823 -14.9761 -0.734061 -9.31305 11.7736 -1.33938e-15 -5.35862e-16 -1.27122e-14 
23.8757 10.9015 -26.0087 -37.299 -83.587 -28.7545 0 4.78511 -1.08482 0.140757 10.8754 -0.757206 0 5.29195 1.00949 0.359953 10.9478 -0.833168 -9.66735e-18 5.64355 0.108362 0.50603 11.1892 -0.934876 -1.04072e-17 6.12977 -0.417886 0.585808 10.926 -0.883893 -1.85891e-17 7.16586 -1.41888 0.422799 9.01496 -1.0086 -2.38665e-17 8.94839 -0.861631 0.37024 9.26444 -1.13983 -2.73615e-17 9.94144 1.48576 0.1621 -0.0321067 -0.249543 -1.21725e-17 4.50977 0.67399 0.696205 8.03396 -0.880602 -1.70689e-17 4.54241 0.39741 -0.944899 4.78414 -0.5343 -1.89342e-17 4.5512 0.720839 4.51829 13.5061 4.18913 1.16172 -7.16758 7.09827 2.60583 -4.79489 3.37979 12.2059 3.06167 -3.07978 -50.6822 5.71645 3.24642 27.5197 0.056351 0.129118 8.65454 -3.65995 -46.3753 22.8331 0.0467536 0.107129 12.6251 21.3839 -11.7853 -1.16172 -7.16756 7.09818 -6.77241 -3.85311 0.450707 -12.2059 3.06167 -3.07978 64.56 18.648 1.17558 -27.5197 0.056351 0.129118 -11.6033 -8.82009 74.993 -22.8331 0.0467534 0.107129 -0.183533 6.10117 7.38623 8.70282 -3.96247 1.9152 20.7097 -53.2328 -0.43845 -0.803084 -36.5309 -0.617314 -141.617 68.5577 123.302 -2.19176 -38.0664 -5.69911 5.05266 21.6958 14.3185 0.734061 -9.31305 11.7736 1.1915e-15 -7.46257e-16 -3.64578e-17 -8.70282 -3.96247 1.9152 20.6496 -59.4877 -3.18622 0.803084 -36.5309 -0.617314 137.102 70.2167 -119.115 2.19176 -38.0664 -5.69911 7.09821 23.7792 -14.9063 -0.734061 -9.31305 11.7736 -5.18182e-16 -5.63153e-16 -1.27503e-14 
24.05 10.3378 -25.2643 -28.5628 -81.8818 -19.9633 0 4.78511 -1.08482 0.0793846 11.3691 -0.659526 0 5.29195 1.00949 0.299627 11.265 -0.743079 -9.66735e-18 5.64355 0.108362 0.444941 11.374 -0.835529 -1.04072e-17 6.12977 -0.417886 0.527328 10.9328 -0.786651 -1.85891e-17 7.16586 -1.41888 0.388145 8.88908 -0.890639 -2.38665e-17 8.94839 -0.861631 0.395332 9.10774 -1.01499 -2.73615e-17 9.94144 1.48576 0.169835 -0.049456 -0.235836 -1.21725e-17 4.50977 0.67399 0.71864 7.64928 -0.99318 -1.70689e-17 4.54241 0.39741 -0.751654 4.81828 -0.619126 -1.89342e-17 4.5512 0.720839 4.6166 12.9617 4.43439 1.16172 -7.16758 7.09827 2.00596 -4.61291 3.2112 12.2059 3.06167 -3.07978 -50.6309 5.66268 4.76873 27.5197 0.056351 0.129118 9.00205 -4.03569 -48.8168 22.8331 0.0467536 0.107129 12.1156 20.2197 -11.7216 -1.16172 -7.16756 7.09818 -5.73111 -3.64624 0.807804 -12.2059 3.06167 -3.07978 64.9464 18.6142 -0.685601 -27.5197 0.056351 0.129118 -11.6969 -9.17968 76.7683 -22.8331 0.0467534 0.107129 -0.939122 6.162 7.84516 8.70282 -3.96247 1.9152 21.8259 -55.4814 -1.16788 -0.803084 -36.5309 -0.617314 -143.759 67.629 125.269 -2.19176 -38.0664 -5.69911 5.36311 21.328 14.3847 0.734061 -9.31305 11.7736 7.67872e-16 -7.60309e-16 -2.24052e-17 -8.70282 -3.96247 1.9152 17.9949 -60.162 -4.78322 0.803084 -36.5309 -0.617314 139.482 69.3886 -121.328 2.19176 -38.0664 -5.69911 6.18525 23.3651 -14.8225 -0.734061 -9.31305 11.7736 4.66068e-16 -6.15502e-16 -1.27911e-14 
24.3004 9.79629 -24.5325 -22.63 -79.987 -14.0553 0 4.78511 -1.08482 0.037342 11.8035 -0.573224 0 5.29195 1.00949 0.253068 11.5475 -0.661913 -9.66735e-18 5.64355 0.108362 0.394646 11.5391 -0.746586 -1.04072e-17 6.12977 -0.417886 0.478009 10.9332 -0.700947 -1.85891e-17 7.16586 -1.41888 0.365081 8.77598 -0.78751 -2.38665e-17 8.94839 -0.861631 0.422994 8.96147 -0.910391 -2.73615e-17 9.94144 1.48576 0.175781 -0.0579862 -0.225567 -1.21725e-17 4.50977 0.67399 0.738465 7.17818 -1.07202 -1.70689e-17 4.54241 0.39741 -0.584755 4.77986 -0.679253 -1.89342e-17 4.5512 0.720839 4.56586 12.3359 4.67743 1.16172 -7.16758 7.09827 1.33297 -4.38532 3.04429 12.2059 3.06167 -3.07978 -50.7243 5.80258 6.27867 27.5197 0.056351 0.129118 9.33472 -4.42753 -51.2676 22.8331 0.0467536 0.107129 11.647 18.8284 -11.7556 -1.16172 -7.16756 7.09818 -4.81453 -3.36388 1.11731 -12.2059 3.06167 -3.07978 65.2091 19.136 -2.26351 -27.5197 0.056351 0.129118 -11.7557 -9.43293 78.0112 -22.8331 0.0467534 0.107129 -1.81874 7.32133 8.22391 8.70282 -3.96247 1.9152 22.1916 -57.8744 -2.44289 -0.803084 -36.5309 -0.617314 -145.791 66.6468 127.121 -2.19176 -38.0664 -5.69911 5.73827 20.8459 14.4727 0.734061 -9.31305 11.7736 1.03019e-16 -7.91882e-16 9.16693e-18 -8.70282 -3.96247 1.9152 16.6723 -61.9531 -4.61482 0.803084 -36.5309 -0.617314 142.651 68.1221 -124.254 2.19176 -38.0664 -5.69911 5.4142 22.6802 -14.7512 -0.734061 -9.31305 11.7736 -1.36544e-15 -5.35048e-16 -1.27106e-14 
24.6207 9.26617 -23.7652 -18.2702 -77.8852 -9.72671 0 4.78511 -1.08482 0.00388447 12.1071 -0.501533 0 5.29195 1.00949 0.213593 11.7321 -0.594008 -9.66735e-18 5.64355 0.108362 0.349821 11.6291 -0.67187 -1.04072e-17 6.12977 -0.417886 0.432746 10.8867 -0.629838 -1.85891e-17 7.16586 -1.41888 0.345612 8.65018 -0.702509 -2.38665e-17 8.94839 -0.861631 0.443833 8.81163 -0.826839 -2.73615e-17 9.94144 1.48576 0.176847 -0.0544536 -0.212947 -1.21725e-17 4.50977 0.67399 0.748494 6.73979 -1.2725 -1.70689e-17 4.54241 0.39741 -0.456062 4.80653 -0.793848 -1.89342e-17 4.5512 0.720839 4.53841 11.6346 4.99382 1.16172 -7.16758 7.09827 0.609014 -4.114 2.89141 12.2059 3.06167 -3.07978 -50.9989 6.10699 7.86085 27.5197 0.056351 0.129118 9.69131 -4.88837 -54.0445 22.8331 0.0467536 0.107129 11.1237 17.6498 -11.7654 -1.16172 -7.16756 7.09818 -3.95041 -3.01359 1.35363 -12.2059 3.06167 -3.07978 65.7 19.9523 -3.88716 -27.5197 0.056351 0.129118 -11.7952 -9.61897 78.921 -22.8331 0.0467534 0.107129 -2.72267 8.81724 8.66692 8.70282 -3.96247 1.9152 22.6732 -60.3209 -3.29211 -0.803084 -36.5309 -0.617314 -147.927 65.4936 129.048 -2.19176 -38.0664 -5.69911 6.29175 20.1187 14.5445 0.734061 -9.31305 11.7736 1.16545e-15 -7.47885e-16 -3.48297e-17 -8.70282 -3.96247 1.9152 16.2549 -64.2642 -3.34116 0.803084 -36.5309 -0.617314 145.991 66.5445 -127.302 2.19176 -38.0664 -5.69911 4.77878 21.7928 -14.6926 -0.734061 -9.31305 11.7736 -1.01998e-15 -5.45844e-16 -1.27214e-14 
24.9592 8.75853 -23.0493 -15.2488 -75.7184 -6.78045 0 4.78511 -1.08482 -0.0383955 12.3523 -0.439778 0 5.29195 1.00949 0.16715 11.8656 -0.538089 -9.66735e-18 5.64355 0.108362 0.298889 11.6727 -0.610697 -1.04072e-17 6.12977 -0.417886 0.382471 10.805 -0.57283 -1.85891e-17 7.16586 -1.41888 0.318475 8.49985 -0.633408 -2.38665e-17 8.94839 -0.861631 0.449028 8.63637 -0.760988 -2.73615e-17 9.94144 1.48576 0.174035 -0.0463113 -0.19909 -1.21725e-17 4.50977 0.67399 0.727533 6.17802 -1.38538 -1.70689e-17 4.54241 0.39741 -0.375249 4.81177 -0.86383 -1.89342e-17 4.5512 0.720839 4.60229 11.0996 5.19909 1.16172 -7.16758 7.09827 -0.14813 -3.76863 2.69886 12.2059 3.06167 -3.07978 -51.4501 6.59531 9.38231 27.5197 0.056351 0.129118 10.0381 -5.38525 -56.9311 22.8331 0.0467536 0.107129 10.9405 18.3984 -11.5678 -1.16172 -7.16756 7.09818 -3.01671 -2.61797 1.59965 -12.2059 3.06167 -3.07978 66.3829 20.7897 -5.52659 -27.5197 0.056351 0.129118 -11.8351 -9.82356 79.9186 -22.8331 0.0467534 0.107129 -3.44513 10.0709 8.94015 8.70282 -3.96247 1.9152 23.0113 -62.5716 -4.25841 -0.803084 -36.5309 -0.617314 -150.014 64.2282 130.912 -2.19176 -38.0664 -5.69911 6.63376 19.108 14.6315 0.734061 -9.31305 11.7736 3.18207e-16 -7.86785e-16 4.0707e-18 -8.70282 -3.96247 1.9152 16.411 -66.6472 -1.43828 0.803084 -36.5309 -0.617314 149.071 64.8179 -130.073 2.19176 -38.0664 -5.69911 4.23297 20.7745 -14.6376 -0.734061 -9.31305 11.7736 -1.39149e-15 -5.34234e-16 -1.27098e-14 
25.3029 8.25672 -22.414 -13.0118 -73.3488 -4.69857 0 4.78511 -1.08482 -0.0855193 12.5151 -0.391456 0 5.29195 1.00949 0.122597 11.9408 -0.495798 -9.66735e-18 5.64355 0.108362 0.253294 11.6714 -0.56196 -1.04072e-17 6.12977 -0.417886 0.340275 10.7051 -0.527682 -1.85891e-17 7.16586 -1.41888 0.301379 8.35854 -0.581208 -2.38665e-17 8.94839 -0.861631 0.459662 8.47224 -0.717986 -2.73615e-17 9.94144 1.48576 0.167469 -0.0372996 -0.185208 -1.21725e-17 4.50977 0.67399 0.707024 5.67268 -1.30926 -1.70689e-17 4.54241 0.39741 -0.266401 4.68911 -0.836894 -1.89342e-17 4.5512 0.720839 4.56935 10.5048 5.17223 1.16172 -7.16758 7.09827 -0.764328 -3.43546 2.56352 12.2059 3.06167 -3.07978 -52.1426 7.23858 10.5746 27.5197 0.056351 0.129118 10.3012 -5.80113 -59.2747 22.8331 0.0467536 0.107129 11.2843 21.3145 -11.3882 -1.16172 -7.16756 7.09818 -2.23253 -2.26139 1.74854 -12.2059 3.06167 -3.07978 67.174 21.813 -6.80324 -27.5197 0.056351 0.129118 -11.8557 -9.93739 80.4725 -22.8331 0.0467534 0.107129 -4.02763 11.983 9.05412 8.70282 -3.96247 1.9152 23.7171 -64.6874 -4.82042 -0.803084 -36.5309 -0.617314 -152.04 62.8479 132.698 -2.19176 -38.0664 -5.69911 6.85304 17.5177 14.7135 0.734061 -9.31305 11.7736 -1.06365e-15 -8.40764e-16 5.80495e-17 -8.70282 -3.96247 1.9152 16.8105 -69.087 0.6811 0.803084 -36.5309 -0.617314 151.828 62.9998 -132.512 2.19176 -38.0664 -5.69911 3.52309 19.4951 -14.5724 -0.734061 -9.31305 11.7736 -1.36544e-15 -5.35048e-16 -1.27106e-14 
25.6614 7.78191 -21.8629 -11.7081 -70.7122 -3.63538 0 4.78511 -1.08482 -0.117363 12.5373 -0.347208 0 5.29195 1.00949 0.0906892 11.9131 -0.454716 -9.66735e-18 5.64355 0.108362 0.218907 11.5983 -0.512357 -1.04072e-17 6.12977 -0.417886 0.306189 10.587 -0.480283 -1.85891e-17 7.16586 -1.41888 0.29055 8.24463 -0.526923 -2.38665e-17 8.94839 -0.861631 0.468274 8.34502 -0.672164 -2.73615e-17 9.94144 1.48576 0.15378 -0.0242881 -0.16872 -1.21725e-17 4.50977 0.67399 0.681511 5.33542 -1.35271 -1.70689e-17 4.54241 0.39741 -0.143532 4.52954 -0.861535 -1.89342e-17 4.5512 0.720839 4.37072 9.80309 5.2242 1.16172 -7.16758 7.09827 -1.19661 -3.15675 2.50527 12.2059 3.06167 -3.07978 -53.0834 7.57238 11.4429 27.5197 0.056351 0.129118 10.5152 -6.16964 -61.304 22.8331 0.0467536 0.107129 12.1054 25.54 -11.3161 -1.16172 -7.16756 7.09818 -1.65243 -1.92835 1.76274 -12.2059 3.06167 -3.07978 68.1801 23.0205 -7.74219 -27.5197 0.056351 0.129118 -11.8471 -9.8895 80.2395 -22.8331 0.0467534 0.107129 -4.3328 14.4131 9.15865 8.70282 -3.96247 1.9152 24.53 -66.6807 -5.45893 -0.803084 -36.5309 -0.617314 -153.897 61.4307 134.312 -2.19176 -38.0664 -5.69911 6.88934 15.3124 14.8075 0.734061 -9.31305 11.7736 4.4847e-16 -7.81086e-16 -1.62828e-18 -8.70282 -3.96247 1.9152 17.8799 -71.5117 3.41698 0.803084 -36.5309 -0.617314 154.148 61.2273 -134.528 2.19176 -38.0664 -5.69911 2.79023 17.8919 -14.4991 -0.734061 -9.31305 11.7736 -1.09813e-15 -5.42587e-16 -1.27181e-14 
25.9921 7.33468 -21.4977 -11.1484 -67.7669 -3.35265 0 4.78511 -1.08482 -0.127735 12.472 -0.29492 0 5.29195 1.00949 0.0702318 11.815 -0.400845 -9.66735e-18 5.64355 0.108362 0.190739 11.4751 -0.445658 -1.04072e-17 6.12977 -0.417886 0.272095 10.46 -0.414503 -1.85891e-17 7.16586 -1.41888 0.276884 8.15727 -0.450472 -2.38665e-17 8.94839 -0.861631 0.469962 8.25335 -0.601267 -2.73615e-17 9.94144 1.48576 0.132738 -0.0198687 -0.148998 -1.21725e-17 4.50977 0.67399 0.621398 4.94203 -1.33267 -1.70689e-17 4.54241 0.39741 -0.0798122 4.2945 -0.85241 -1.89342e-17 4.5512 0.720839 4.20887 9.10197 5.10696 1.16172 -7.16758 7.09827 -1.51409 -2.93385 2.4451 12.2059 3.06167 -3.07978 -53.9135 7.42073 11.9449 27.5197 0.056351 0.129118 10.6961 -6.50668 -63.1256 22.8331 0.0467536 0.107129 12.8522 28.9756 -11.3119 -1.16172 -7.16756 7.09818 -0.933989 -1.61866 1.7963 -12.2059 3.06167 -3.07978 69.2362 23.9735 -8.42619 -27.5197 0.056351 0.129118 -11.8322 -9.80815 79.8436 -22.8331 0.0467534 0.107129 -4.64468 16.3366 9.31066 8.70282 -3.96247 1.9152 26.0893 -68.3599 -5.45506 -0.803084 -36.5309 -0.617314 -155.423 60.1425 135.619 -2.19176 -38.0664 -5.69911 6.89764 12.3609 14.9228 0.734061 -9.31305 11.7736 8.46039e-16 -7.57052e-16 -2.56622e-17 -8.70282 -3.96247 1.9152 19.697 -73.7432 6.84476 0.803084 -36.5309 -0.617314 155.918 59.6981 -136.039 2.19176 -38.0664 -5.69911 2.12377 15.942 -14.433 -0.734061 -9.31305 11.7736 -2.50604e-15 -4.87794e-16 -1.26634e-14 
26.2956 6.89057 -21.417 -10.6837 -64.8123 -3.24551 0 4.78511 -1.08482 -0.136369 12.5063 -0.238275 0 5.29195 1.00949 0.0430363 11.7669 -0.343615 -9.66735e-18 5.64355 0.108362 0.152159 11.3685 -0.37595 -1.04072e-17 6.12977 -0.417886 0.225821 10.308 -0.34678 -1.85891e-17 7.16586 -1.41888 0.246735 8.01904 -0.369892 -2.38665e-17 8.94839 -0.861631 0.453658 8.09484 -0.522366 -2.73615e-17 9.94144 1.48576 0.10675 -0.0177117 -0.128574 -1.21725e-17 4.50977 0.67399 0.531122 4.42663 -1.26443 -1.70689e-17 4.54241 0.39741 -0.114024 4.01875 -0.822131 -1.89342e-17 4.5512 0.720839 4.00791 8.54674 4.97429 1.16172 -7.16758 7.09827 -1.83808 -2.68484 2.25723 12.2059 3.06167 -3.07978 -54.4701 6.87266 12.0051 27.5197 0.056351 0.129118 10.8475 -6.81006 -64.7404 22.8331 0.0467536 0.107129 13.0952 30.9823 -11.0965 -1.16172 -7.16756 7.09818 -0.0567498 -1.33091 1.95243 -12.2059 3.06167 -3.07978 69.9961 24.4627 -8.65925 -27.5197 0.056351 0.129118 -11.8177 -9.7323 79.474 -22.8331 0.0467534 0.107129 -4.8131 17.7668 9.27983 8.70282 -3.96247 1.9152 28.1995 -69.3195 -4.79163 -0.803084 -36.5309 -0.617314 -156.355 59.2939 136.408 -2.19176 -38.0664 -5.69911 6.79395 8.90637 15.0569 0.734061 -9.31305 11.7736 1.53019e-15 -7.31602e-16 -5.11125e-17 -8.70282 -3.96247 1.9152 21.4344 -75.4767 10.3095 0.803084 -36.5309 -0.617314 157.084 58.5952 -137.019 2.19176 -38.0664 -5.69911 1.5596 13.8694 -14.4011 -0.734061 -9.31305 11.7736 -1.13097e-15 -5.44818e-16 -1.27212e-14 
26.6141 6.465 -21.4712 -10.1304 -61.983 -3.07018 0 4.78511 -1.08482 -0.137191 12.5603 -0.185967 0 5.29195 1.00949 0.0212398 11.7257 -0.288269 -9.66735e-18 5.64355 0.108362 0.119452 11.2589 -0.307335 -1.04072e-17 6.12977 -0.417886 0.185792 10.1419 -0.279224 -1.85891e-17 7.16586 -1.41888 0.222544 7.85972 -0.290071 -2.38665e-17 8.94839 -0.861631 0.443395 7.9055 -0.446538 -2.73615e-17 9.94144 1.48576 0.0798631 -0.0096843 -0.106958 -1.21725e-17 4.50977 0.67399 0.452145 4.05084 -1.25626 -1.70689e-17 4.54241 0.39741 -0.0550533 3.70395 -0.814505 -1.89342e-17 4.5512 0.720839 3.74135 7.89845 4.84629 1.16172 -7.16758 7.09827 -2.03136 -2.45348 2.08028 12.2059 3.06167 -3.07978 -55.1463 6.18814 11.7198 27.5197 0.056351 0.129118 10.9825 -7.10008 -66.2642 22.8331 0.0467536 0.107129 13.0616 32.5692 -10.6923 -1.16172 -7.16756 7.09818 0.64406 -1.08626 2.06688 -12.2059 3.06167 -3.07978 70.6034 24.7535 -8.48506 -27.5197 0.056351 0.129118 -11.783 -9.56021 78.6339 -22.8331 0.0467534 0.107129 -4.82212 19.2615 9.1575 8.70282 -3.96247 1.9152 30.0669 -69.6703 -4.17062 -0.803084 -36.5309 -0.617314 -156.829 58.8432 136.806 -2.19176 -38.0664 -5.69911 6.66167 5.24133 15.2024 0.734061 -9.31305 11.7736 5.88418e-15 -5.39119e-16 -2.43596e-16 -8.70282 -3.96247 1.9152 22.3554 -76.7296 13.0786 0.803084 -36.5309 -0.617314 157.764 57.9139 -137.584 2.19176 -38.0664 -5.69911 0.946434 11.8198 -14.4058 -0.734061 -9.31305 11.7736 2.42789e-15 -6.89233e-16 -1.28764e-14 
26.9448 6.09077 -21.5798 -9.37453 -59.5312 -2.78727 0 4.78511 -1.08482 -0.195499 12.6119 -0.112472 0 5.29195 1.00949 -0.0517608 11.6974 -0.219879 -9.66735e-18 5.64355 0.108362 0.0440861 11.1774 -0.227027 -1.04072e-17 6.12977 -0.417886 0.114212 10.0174 -0.199696 -1.85891e-17 7.16586 -1.41888 0.179281 7.74512 -0.191587 -2.38665e-17 8.94839 -0.861631 0.432583 7.75811 -0.349464 -2.73615e-17 9.94144 1.48576 0.0524092 -0.00417861 -0.0854248 -1.21725e-17 4.50977 0.67399 0.355115 3.86135 -1.49846 -1.70689e-17 4.54241 0.39741 0.0914603 3.38789 -0.924136 -1.89342e-17 4.5512 0.720839 3.60661 7.13094 5.03428 1.16172 -7.16758 7.09827 -1.99683 -2.30803 2.01181 12.2059 3.06167 -3.07978 -55.9432 5.4922 11.2412 27.5197 0.056351 0.129118 11.1123 -7.39965 -67.8197 22.8331 0.0467536 0.107129 12.7381 33.6459 -10.1587 -1.16172 -7.16756 7.09818 1.20758 -0.908978 2.09378 -12.2059 3.06167 -3.07978 71.3423 24.7564 -8.20291 -27.5197 0.056351 0.129118 -11.7386 -9.35669 77.6376 -22.8331 0.0467534 0.107129 -4.77338 20.9331 8.96731 8.70282 -3.96247 1.9152 31.5419 -69.3635 -3.55446 -0.803084 -36.5309 -0.617314 -156.951 58.7251 136.908 -2.19176 -38.0664 -5.69911 6.65196 1.74155 15.3634 0.734061 -9.31305 11.7736 4.21574e-15 -6.16919e-16 -1.65795e-16 -8.70282 -3.96247 1.9152 22.7653 -77.2723 15.5453 0.803084 -36.5309 -0.617314 157.977 57.6936 -137.76 2.19176 -38.0664 -5.69911 0.304535 9.87321 -14.4445 -0.734061 -9.31305 11.7736 1.4668e-16 -5.93912e-16 -1.27703e-14 
27.293 5.68289 -21.6913 -8.39017 -56.7626 -2.10034 0 4.78511 -1.08482 -0.264169 12.4998 -0.0591641 0 5.29195 1.00949 -0.121873 11.5628 -0.167681 -9.66735e-18 5.64355 0.108362 -0.0213937 11.0318 -0.158779 -1.04072e-17 6.12977 -0.417886 0.0566128 9.90021 -0.129494 -1.85891e-17 7.16586 -1.41888 0.151819 7.68964 -0.106465 -2.38665e-17 8.94839 -0.861631 0.43458 7.68574 -0.269256 -2.73615e-17 9.94144 1.48576 0.0274376 -0.00943424 -0.0625514 -1.21725e-17 4.50977 0.67399 0.268153 3.82299 -1.69431 -1.70689e-17 4.54241 0.39741 0.386648 2.87747 -1.00191 -1.89342e-17 4.5512 0.720839 3.54736 6.17225 5.01505 1.16172 -7.16758 7.09827 -1.71101 -2.25675 2.05372 12.2059 3.06167 -3.07978 -56.9074 4.77359 10.5698 27.5197 0.056351 0.129118 11.2357 -7.70745 -69.4004 22.8331 0.0467536 0.107129 12.2485 33.7798 -9.75128 -1.16172 -7.16756 7.09818 1.62666 -0.817603 2.00023 -12.2059 3.06167 -3.07978 72.2493 24.2991 -7.95448 -27.5197 0.056351 0.129118 -11.6969 -9.17974 76.7685 -22.8331 0.0467534 0.107129 -4.93429 22.5272 9.045 8.70282 -3.96247 1.9152 33.5539 -69.5204 -1.98402 -0.803084 -36.5309 -0.617314 -157.061 58.6174 137 -2.19176 -38.0664 -5.69911 6.74298 -1.41491 15.5267 0.734061 -9.31305 11.7736 1.38065e-15 -7.42788e-16 -3.99265e-17 -8.70282 -3.96247 1.9152 22.5085 -78.1832 17.3635 0.803084 -36.5309 -0.617314 158.045 57.6238 -137.816 2.19176 -38.0664 -5.69911 -0.384599 7.82924 -14.5231 -0.734061 -9.31305 11.7736 -5.44249e-16 -5.61524e-16 -1.27487e-14 
27.6509 5.29819 -21.8434 -7.49415 -54.0856 -1.17996 0 4.78511 -1.08482 -0.309927 12.3554 -0.0387282 0 5.29195 1.00949 -0.167327 11.4008 -0.141212 -9.66735e-18 5.64355 0.108362 -0.0618538 10.8646 -0.118434 -1.04072e-17 6.12977 -0.417886 0.0229932 9.77681 -0.0864901 -1.85891e-17 7.16586 -1.41888 0.139589 7.63278 -0.0559403 -2.38665e-17 8.94839 -0.861631 0.438734 7.61325 -0.227276 -2.73615e-17 9.94144 1.48576 0.00301497 -0.0161039 -0.0400312 -1.21725e-17 4.50977 0.67399 0.198448 3.93565 -1.94128 -1.70689e-17 4.54241 0.39741 0.704982 2.31849 -1.10296 -1.89342e-17 4.5512 0.720839 3.6302 5.27318 5.00138 1.16172 -7.16758 7.09827 -1.4403 -2.2224 2.04135 12.2059 3.06167 -3.07978 -57.7322 3.88571 9.73951 27.5197 0.056351 0.129118 11.3459 -8.00488 -70.9127 22.8331 0.0467536 0.107129 11.5111 33.4913 -9.282 -1.16172 -7.16756 7.09818 1.98143 -0.766079 1.92843 -12.2059 3.06167 -3.07978 73.0685 23.6618 -7.7344 -27.5197 0.056351 0.129118 -11.6591 -9.02902 76.0259 -22.8331 0.0467534 0.107129 -4.91566 23.7684 8.90556 8.70282 -3.96247 1.9152 34.9105 -69.6146 -0.8998 -0.803084 -36.5309 -0.617314 -156.955 58.7213 136.911 -2.19176 -38.0664 -5.69911 6.90724 -4.32921 15.7187 0.734061 -9.31305 11.7736 -1.83274e-15 -8.76408e-16 9.36934e-17 -8.70282 -3.96247 1.9152 20.6967 -78.9462 17.5852 0.803084 -36.5309 -0.617314 157.927 57.7454 -137.719 2.19176 -38.0664 -5.69911 -1.00348 5.83287 -14.6312 -0.734061 -9.31305 11.7736 1.4668e-16 -5.93912e-16 -1.27703e-14 
28.0159 5.02667 -22.0818 -6.80667 -51.3468 -0.365324 0 4.78511 -1.08482 -0.335208 12.1343 -0.0270702 0 5.29195 1.00949 -0.194691 11.1865 -0.119091 -9.66735e-18 5.64355 0.108362 -0.0861757 10.6707 -0.0840755 -1.04072e-17 6.12977 -0.417886 0.00265378 9.66904 -0.0498476 -1.85891e-17 7.16586 -1.41888 0.136475 7.61842 -0.0141737 -2.38665e-17 8.94839 -0.861631 0.444754 7.59079 -0.195642 -2.73615e-17 9.94144 1.48576 -0.0204172 -0.0241049 -0.0225938 -1.21725e-17 4.50977 0.67399 0.154097 4.11101 -2.08607 -1.70689e-17 4.54241 0.39741 1.06932 1.65733 -1.15054 -1.89342e-17 4.5512 0.720839 3.69009 4.38472 4.86381 1.16172 -7.16758 7.09827 -1.22983 -2.22285 1.96212 12.2059 3.06167 -3.07978 -58.4443 2.86284 8.63102 27.5197 0.056351 0.129118 11.4347 -8.26432 -72.2207 22.8331 0.0467536 0.107129 10.8262 33.2746 -8.81744 -1.16172 -7.16756 7.09818 2.22662 -0.773546 1.87883 -12.2059 3.06167 -3.07978 73.6529 23.1966 -7.18297 -27.5197 0.056351 0.129118 -11.6103 -8.84565 75.1195 -22.8331 0.0467534 0.107129 -4.82825 24.5877 8.44828 8.70282 -3.96247 1.9152 35.4259 -69.3273 -0.509325 -0.803084 -36.5309 -0.617314 -156.273 59.3709 136.338 -2.19176 -38.0664 -5.69911 7.04908 -6.88883 15.949 0.734061 -9.31305 11.7736 -1.31467e-16 -8.01652e-16 1.89372e-17 -8.70282 -3.96247 1.9152 17.4408 -79.2475 16.2207 0.803084 -36.5309 -0.617314 157.405 58.277 -137.286 2.19176 -38.0664 -5.69911 -1.83404 4.10411 -14.7598 -0.734061 -9.31305 11.7736 -6.74511e-16 -5.55825e-16 -1.27438e-14 
28.3935 4.88447 -22.4335 -6.31338 -48.9115 0.273708 0 4.78511 -1.08482 -0.367198 11.951 -0.0178038 0 5.29195 1.00949 -0.228975 11.0132 -0.101746 -9.66735e-18 5.64355 0.108362 -0.116527 10.5258 -0.0580125 -1.04072e-17 6.12977 -0.417886 -0.02097 9.61633 -0.0225847 -1.85891e-17 7.16586 -1.41888 0.129799 7.65323 0.020032 -2.38665e-17 8.94839 -0.861631 0.449279 7.61587 -0.167745 -2.73615e-17 9.94144 1.48576 -0.0419155 -0.0381085 -0.0115599 -1.21725e-17 4.50977 0.67399 0.118509 4.32597 -2.248 -1.70689e-17 4.54241 0.39741 1.40213 1.02818 -1.20904 -1.89342e-17 4.5512 0.720839 3.73685 3.55425 4.90081 1.16172 -7.16758 7.09827 -1.04484 -2.26591 1.85208 12.2059 3.06167 -3.07978 -59.1262 1.67666 7.32389 27.5197 0.056351 0.129118 11.5126 -8.50924 -73.4472 22.8331 0.0467536 0.107129 10.1326 33.4392 -8.20755 -1.16172 -7.16756 7.09818 2.37233 -0.874273 1.87039 -12.2059 3.06167 -3.07978 74.0053 22.5839 -6.25954 -27.5197 0.056351 0.129118 -11.587 -8.76194 74.7045 -22.8331 0.0467534 0.107129 -4.4976 24.8267 7.78924 8.70282 -3.96247 1.9152 34.997 -68.3198 -0.825818 -0.803084 -36.5309 -0.617314 -154.831 60.6566 135.114 -2.19176 -38.0664 -5.69911 7.21232 -9.189 16.1898 0.734061 -9.31305 11.7736 -1.73532e-15 -8.67665e-16 8.49501e-17 -8.70282 -3.96247 1.9152 13.8411 -78.6026 14.3833 0.803084 -36.5309 -0.617314 156.253 59.3893 -136.322 2.19176 -38.0664 -5.69911 -2.60977 2.65441 -14.9085 -0.734061 -9.31305 11.7736 -1.52854e-15 -5.20784e-16 -1.2708e-14 
28.805 4.7434 -22.7747 -5.92303 -46.71 0.810828 0 4.78511 -1.08482 -0.386479 11.8006 -0.0150373 0 5.29195 1.00949 -0.249123 10.8676 -0.0926771 -9.66735e-18 5.64355 0.108362 -0.134014 10.404 -0.041332 -1.04072e-17 6.12977 -0.417886 -0.0336887 9.56036 -0.00492073 -1.85891e-17 7.16586 -1.41888 0.129593 7.66501 0.0435311 -2.38665e-17 8.94839 -0.861631 0.455211 7.61311 -0.147995 -2.73615e-17 9.94144 1.48576 -0.0582496 -0.0446259 -0.00721311 -1.21725e-17 4.50977 0.67399 0.114269 4.72661 -2.34067 -1.70689e-17 4.54241 0.39741 1.70573 0.526554 -1.23662 -1.89342e-17 4.5512 0.720839 3.66175 2.69415 4.89657 1.16172 -7.16758 7.09827 -0.682886 -2.34252 1.83272 12.2059 3.06167 -3.07978 -60.0519 0.65946 5.99265 27.5197 0.056351 0.129118 11.5706 -8.70454 -74.4197 22.8331 0.0467536 0.107129 9.53699 33.673 -7.64822 -1.16172 -7.16756 7.09818 2.12997 -1.04385 1.75548 -12.2059 3.06167 -3.07978 74.4564 21.8363 -5.17136 -27.5197 0.056351 0.129118 -11.58 -8.73717 74.5816 -22.8331 0.0467534 0.107129 -4.09182 24.8269 7.13441 8.70282 -3.96247 1.9152 34.3559 -67.222 -1.20554 -0.803084 -36.5309 -0.617314 -152.95 62.1732 133.492 -2.19176 -38.0664 -5.69911 7.36523 -11.0499 16.3893 0.734061 -9.31305 11.7736 6.55595e-15 -5.11399e-16 -2.71315e-16 -8.70282 -3.96247 1.9152 11.4722 -77.6315 13.5592 0.803084 -36.5309 -0.617314 154.662 60.7998 -134.97 2.19176 -38.0664 -5.69911 -3.30636 1.52998 -15.0732 -0.734061 -9.31305 11.7736 1.87406e-15 -6.70298e-16 -1.28459e-14 
29.2609 4.60392 -23.0275 -5.63975 -44.5494 1.24506 0 4.78511 -1.08482 -0.386058 11.5968 -0.026694 0 5.29195 1.00949 -0.24824 10.6923 -0.0961138 -9.66735e-18 5.64355 0.108362 -0.132062 10.2663 -0.0381892 -1.04072e-17 6.12977 -0.417886 -0.0298185 9.50222 -0.000526036 -1.85891e-17 7.16586 -1.41888 0.138254 7.68412 0.0494188 -2.38665e-17 8.94839 -0.861631 0.459209 7.62322 -0.143928 -2.73615e-17 9.94144 1.48576 -0.0706208 -0.0520387 -0.00659515 -1.21725e-17 4.50977 0.67399 0.12471 5.2882 -2.35984 -1.70689e-17 4.54241 0.39741 1.94455 0.021926 -1.23174 -1.89342e-17 4.5512 0.720839 3.53329 1.74148 4.95051 1.16172 -7.16758 7.09827 -0.185365 -2.47464 1.9067 12.2059 3.06167 -3.07978 -61.2054 -0.269456 4.72788 27.5197 0.056351 0.129118 11.6127 -8.85465 -75.1643 22.8331 0.0467536 0.107129 9.0009 34.0409 -7.1576 -1.16172 -7.16756 7.09818 1.67302 -1.2846 1.53407 -12.2059 3.06167 -3.07978 75.0372 20.9585 -4.18821 -27.5197 0.056351 0.129118 -11.5888 -8.76808 74.735 -22.8331 0.0467534 0.107129 -3.57603 24.3566 6.66776 8.70282 -3.96247 1.9152 34.1269 -66.235 -1.0553 -0.803084 -36.5309 -0.617314 -150.84 63.6843 131.643 -2.19176 -38.0664 -5.69911 7.50462 -12.553 16.5565 0.734061 -9.31305 11.7736 -2.49081e-15 -9.00229e-16 1.17514e-16 -8.70282 -3.96247 1.9152 9.30899 -76.696 12.6135 0.803084 -36.5309 -0.617314 152.733 62.3373 -133.303 2.19176 -38.0664 -5.69911 -4.01739 0.585147 -15.239 -0.734061 -9.31305 11.7736 -2.55815e-15 -4.85352e-16 -1.26609e-14 
29.7522 4.39515 -23.1956 -5.45447 -42.4802 1.56691 0 4.78511 -1.08482 -0.340067 11.4009 -0.0455334 0 5.29195 1.00949 -0.208948 10.5165 -0.0987276 -9.66735e-18 5.64355 0.108362 -0.098467 10.1137 -0.033567 -1.04072e-17 6.12977 -0.417886 -0.00317912 9.40451 0.00634254 -1.85891e-17 7.16586 -1.41888 0.15978 7.64773 0.0527835 -2.38665e-17 8.94839 -0.861631 0.463288 7.57199 -0.143452 -2.73615e-17 9.94144 1.48576 -0.0798668 -0.0530838 -0.00580302 -1.21725e-17 4.50977 0.67399 0.144612 5.93588 -2.31181 -1.70689e-17 4.54241 0.39741 2.16332 -0.474431 -1.19453 -1.89342e-17 4.5512 0.720839 3.40443 0.809743 4.88266 1.16172 -7.16758 7.09827 0.394026 -2.59749 2.0095 12.2059 3.06167 -3.07978 -62.5659 -1.09246 3.57449 27.5197 0.056351 0.129118 11.6428 -8.9667 -75.7185 22.8331 0.0467536 0.107129 8.48254 35.1169 -6.62344 -1.16172 -7.16756 7.09818 1.07139 -1.51625 1.25567 -12.2059 3.06167 -3.07978 75.6219 20.066 -3.44648 -27.5197 0.056351 0.129118 -11.6081 -8.83766 75.08 -22.8331 0.0467534 0.107129 -3.02275 23.2041 6.25897 8.70282 -3.96247 1.9152 33.8634 -65.4968 -0.925602 -0.803084 -36.5309 -0.617314 -148.788 64.9893 129.82 -2.19176 -38.0664 -5.69911 7.61495 -13.8049 16.7118 0.734061 -9.31305 11.7736 -4.42656e-15 -9.84755e-16 2.02041e-16 -8.70282 -3.96247 1.9152 6.43227 -75.982 10.623 0.803084 -36.5309 -0.617314 150.658 63.8066 -131.482 2.19176 -38.0664 -5.69911 -4.77292 -0.320327 -15.3915 -0.734061 -9.31305 11.7736 -2.26477e-15 -4.93706e-16 -1.26693e-14 
30.2413 4.03382 -23.3402 -5.33417 -40.5932 1.74738 0 4.78511 -1.08482 -0.278289 11.397 -0.0549448 0 5.29195 1.00949 -0.157615 10.4601 -0.0916995 -9.66735e-18 5.64355 0.108362 -0.0567277 10.0081 -0.0190953 -1.04072e-17 6.12977 -0.417886 0.0261049 9.23357 0.0233987 -1.85891e-17 7.16586 -1.41888 0.180144 7.46181 0.0647243 -2.38665e-17 8.94839 -0.861631 0.462223 7.34163 -0.135356 -2.73615e-17 9.94144 1.48576 -0.0869975 -0.0335603 -0.00430651 -1.21725e-17 4.50977 0.67399 0.166043 6.61533 -2.27245 -1.70689e-17 4.54241 0.39741 2.35482 -0.913677 -1.16337 -1.89342e-17 4.5512 0.720839 3.28429 0.0258977 4.83721 1.16172 -7.16758 7.09827 1.11714 -2.66207 2.11573 12.2059 3.06167 -3.07978 -63.9896 -1.78076 2.51493 27.5197 0.056351 0.129118 11.6493 -8.99152 -75.8411 22.8331 0.0467536 0.107129 8.08083 36.5756 -6.13895 -1.16172 -7.16756 7.09818 0.287277 -1.66596 0.959001 -12.2059 3.06167 -3.07978 76.2129 19.4019 -2.90522 -27.5197 0.056351 0.129118 -11.6216 -8.88682 75.3234 -22.8331 0.0467534 0.107129 -2.57352 21.5948 6.02701 8.70282 -3.96247 1.9152 33.6391 -65.2007 -0.791148 -0.803084 -36.5309 -0.617314 -147.1 65.9559 128.304 -2.19176 -38.0664 -5.69911 7.70068 -14.7738 16.841 0.734061 -9.31305 11.7736 -5.28065e-15 -1.02061e-15 2.37899e-16 -8.70282 -3.96247 1.9152 3.42694 -75.5828 8.25672 0.803084 -36.5309 -0.617314 148.65 65.0717 -129.696 2.19176 -38.0664 -5.69911 -5.61212 -1.25625 -15.5255 -0.734061 -9.31305 11.7736 -3.14491e-15 -4.57033e-16 -1.26326e-14 
30.7481 3.60033 -23.4032 -5.30841 -38.849 1.777 0 4.78511 -1.08482 -0.200194 11.4679 -0.0597086 0 5.29195 1.00949 -0.0915961 10.4577 -0.0824672 -9.66735e-18 5.64355 0.108362 -0.0025081 9.92764 -0.00336247 -1.04072e-17 6.12977 -0.417886 0.0650418 9.03852 0.0418064 -1.85891e-17 7.16586 -1.41888 0.208079 7.21862 0.07542 -2.38665e-17 8.94839 -0.861631 0.465287 7.0428 -0.13028 -2.73615e-17 9.94144 1.48576 -0.0935936 -0.00425056 -0.00347968 -1.21725e-17 4.50977 0.67399 0.196343 7.35664 -2.13548 -1.70689e-17 4.54241 0.39741 2.48673 -1.29572 -1.08907 -1.89342e-17 4.5512 0.720839 3.0723 -0.803555 4.81229 1.16172 -7.16758 7.09827 2.00647 -2.72656 2.30262 12.2059 3.06167 -3.07978 -65.4855 -2.32291 1.55593 27.5197 0.056351 0.129118 11.6371 -8.94523 -75.6124 22.8331 0.0467536 0.107129 7.64053 38.1309 -5.62301 -1.16172 -7.16756 7.09818 -0.644748 -1.79029 0.595472 -12.2059 3.06167 -3.07978 76.7986 19.0587 -2.41805 -27.5197 0.056351 0.129118 -11.62 -8.88101 75.2946 -22.8331 0.0467534 0.107129 -2.23383 20.9296 5.82303 8.70282 -3.96247 1.9152 34.0106 -64.9939 -0.146123 -0.803084 -36.5309 -0.617314 -145.772 66.6567 127.103 -2.19176 -38.0664 -5.69911 7.82634 -15.7339 16.9611 0.734061 -9.31305 11.7736 -1.82591e-15 -8.80265e-16 9.75502e-17 -8.70282 -3.96247 1.9152 0.962157 -75.2445 6.2928 0.803084 -36.5309 -0.617314 146.72 66.1615 -127.961 2.19176 -38.0664 -5.69911 -6.39032 -2.2928 -15.6511 -0.734061 -9.31305 11.7736 6.85459e-17 -5.90656e-16 -1.2767e-14 
31.2619 3.1506 -23.3388 -5.36654 -37.0179 1.72073 0 4.78511 -1.08482 -0.118359 11.3737 -0.0642014 0 5.29195 1.00949 -0.0179722 10.3594 -0.0749696 -9.66735e-18 5.64355 0.108362 0.061893 9.80887 0.00909815 -1.04072e-17 6.12977 -0.417886 0.116558 8.89548 0.0570044 -1.85891e-17 7.16586 -1.41888 0.25041 7.08246 0.0805426 -2.38665e-17 8.94839 -0.861631 0.482278 6.87331 -0.133774 -2.73615e-17 9.94144 1.48576 -0.0972227 0.0124789 -0.00441667 -1.21725e-17 4.50977 0.67399 0.240239 8.17855 -1.94734 -1.70689e-17 4.54241 0.39741 2.62423 -1.72151 -0.990163 -1.89342e-17 4.5512 0.720839 2.74999 -1.79653 4.84636 1.16172 -7.16758 7.09827 3.049 -2.88162 2.64235 12.2059 3.06167 -3.07978 -67.08 -2.67642 0.649054 27.5197 0.056351 0.129118 11.6139 -8.85904 -75.186 22.8331 0.0467536 0.107129 7.14723 39.8649 -5.02199 -1.16172 -7.16756 7.09818 -1.6353 -1.97689 0.119756 -12.2059 3.06167 -3.07978 77.5442 18.6023 -1.78999 -27.5197 0.056351 0.129118 -11.5866 -8.76037 74.6968 -22.8331 0.0467534 0.107129 -1.93742 21.0602 5.353 8.70282 -3.96247 1.9152 34.9875 -64.9749 0.943264 -0.803084 -36.5309 -0.617314 -144.873 67.1034 126.286 -2.19176 -38.0664 -5.69911 7.92359 -16.7627 17.0805 0.734061 -9.31305 11.7736 -4.86388e-15 -1.00271e-15 2.19991e-16 -8.70282 -3.96247 1.9152 -0.642157 -75.2409 5.08232 0.803084 -36.5309 -0.617314 145.032 67.0258 -126.431 2.19176 -38.0664 -5.69911 -6.99766 -3.24472 -15.766 -0.734061 -9.31305 11.7736 -1.76301e-15 -5.11014e-16 -1.26982e-14 
31.7771 2.70425 -23.2305 -5.48026 -34.9758 1.6884 0 4.78511 -1.08482 -0.0193098 11.2746 -0.0752799 0 5.29195 1.00949 0.0711417 10.2412 -0.0719516 -9.66735e-18 5.64355 0.108362 0.139137 9.65546 0.0165879 -1.04072e-17 6.12977 -0.417886 0.178592 8.6994 0.0672583 -1.85891e-17 7.16586 -1.41888 0.298744 6.88466 0.0780261 -2.38665e-17 8.94839 -0.861631 0.497742 6.6347 -0.147128 -2.73615e-17 9.94144 1.48576 -0.098803 0.0367658 -0.00298141 -1.21725e-17 4.50977 0.67399 0.272902 8.94511 -1.77124 -1.70689e-17 4.54241 0.39741 2.75515 -2.13184 -0.896436 -1.89342e-17 4.5512 0.720839 2.42937 -2.64501 4.82891 1.16172 -7.16758 7.09827 4.15424 -3.00166 3.00723 12.2059 3.06167 -3.07978 -68.5829 -2.91434 -0.20424 27.5197 0.056351 0.129118 11.5718 -8.70867 -74.4403 22.8331 0.0467536 0.107129 6.71879 41.721 -4.5332 -1.16172 -7.16756 7.09818 -2.57697 -2.10193 -0.350664 -12.2059 3.06167 -3.07978 78.3417 17.7422 -1.22182 -27.5197 0.056351 0.129118 -11.5127 -8.50944 73.4479 -22.8331 0.0467534 0.107129 -1.79318 21.2752 5.24088 8.70282 -3.96247 1.9152 36.0519 -65.2503 2.00877 -0.803084 -36.5309 -0.617314 -144.232 67.4096 125.701 -2.19176 -38.0664 -5.69911 7.99066 -17.712 17.207 0.734061 -9.31305 11.7736 4.50915e-15 -6.08564e-16 -1.74151e-16 -8.70282 -3.96247 1.9152 -2.31932 -75.643 3.68415 0.803084 -36.5309 -0.617314 143.61 67.6967 -125.133 2.19176 -38.0664 -5.69911 -7.53292 -4.33502 -15.889 -0.734061 -9.31305 11.7736 -1.44359e-15 -5.31792e-16 -1.27074e-14 
32.322 2.25614 -23.0734 -5.53708 -32.9343 1.71276 0 4.78511 -1.08482 0.124418 11.2356 -0.105177 0 5.29195 1.00949 0.196917 10.1429 -0.0833112 -9.66735e-18 5.64355 0.108362 0.244113 9.48758 0.00958508 -1.04072e-17 6.12977 -0.417886 0.259831 8.43361 0.0626666 -1.85891e-17 7.16586 -1.41888 0.353533 6.5809 0.0580152 -2.38665e-17 8.94839 -0.861631 0.504832 6.27505 -0.176948 -2.73615e-17 9.94144 1.48576 -0.0984345 0.0753384 -0.00185093 -1.21725e-17 4.50977 0.67399 0.288009 9.59814 -1.65991 -1.70689e-17 4.54241 0.39741 2.78072 -2.33092 -0.836361 -1.89342e-17 4.5512 0.720839 2.08999 -3.19749 4.71971 1.16172 -7.16758 7.09827 5.22557 -3.01316 3.32215 12.2059 3.06167 -3.07978 -69.9327 -2.91914 -0.835283 27.5197 0.056351 0.129118 11.5124 -8.50872 -73.4446 22.8331 0.0467536 0.107129 6.23051 43.3532 -4.03845 -1.16172 -7.16756 7.09818 -3.50992 -2.14035 -0.734994 -12.2059 3.06167 -3.07978 79.0476 16.6468 -0.752354 -27.5197 0.056351 0.129118 -11.4323 -8.25672 72.1824 -22.8331 0.0467534 0.107129 -1.74357 21.4853 5.21094 8.70282 -3.96247 1.9152 36.8722 -65.6612 2.65442 -0.803084 -36.5309 -0.617314 -143.737 67.6387 125.249 -2.19176 -38.0664 -5.69911 7.64142 -18.6254 17.283 0.734061 -9.31305 11.7736 -2.02728e-16 -8.09576e-16 2.68617e-17 -8.70282 -3.96247 1.9152 -3.60547 -76.2913 2.68306 0.803084 -36.5309 -0.617314 142.559 68.1618 -124.169 2.19176 -38.0664 -5.69911 -7.98636 -5.30296 -16.0281 -0.734061 -9.31305 11.7736 -2.23873e-15 -4.9452e-16 -1.26701e-14 
32.8642 1.91978 -22.793 -5.57228 -30.9231 1.72477 0 4.78511 -1.08482 0.234752 11.057 -0.134729 0 5.29195 1.00949 0.297676 9.96688 -0.100259 -9.66735e-18 5.64355 0.108362 0.329619 9.29874 -0.00615045 -1.04072e-17 6.12977 -0.417886 0.329252 8.23165 0.0476529 -1.85891e-17 7.16586 -1.41888 0.400567 6.39385 0.0288379 -2.38665e-17 8.94839 -0.861631 0.509186 6.04985 -0.213694 -2.73615e-17 9.94144 1.48576 -0.0945599 0.102009 -0.00742675 -1.21725e-17 4.50977 0.67399 0.314932 10.3486 -1.53221 -1.70689e-17 4.54241 0.39741 2.79493 -2.56488 -0.769647 -1.89342e-17 4.5512 0.720839 1.74049 -3.8647 4.62342 1.16172 -7.16758 7.09827 6.30389 -3.08613 3.70279 12.2059 3.06167 -3.07978 -71.099 -2.75442 -1.44599 27.5197 0.056351 0.129118 11.4247 -8.23411 -72.0689 22.8331 0.0467536 0.107129 5.73059 44.8574 -3.62188 -1.16172 -7.16756 7.09818 -4.60015 -2.26237 -1.20845 -12.2059 3.06167 -3.07978 79.8559 15.6115 -0.105025 -27.5197 0.056351 0.129118 -11.3266 -7.95075 70.6383 -22.8331 0.0467534 0.107129 -1.47666 21.5657 4.83468 8.70282 -3.96247 1.9152 37.3779 -65.8556 2.87069 -0.803084 -36.5309 -0.617314 -143.044 67.9503 124.614 -2.19176 -38.0664 -5.69911 7.16771 -19.6868 17.3556 0.734061 -9.31305 11.7736 -8.85877e-15 -1.18131e-15 3.98597e-16 -8.70282 -3.96247 1.9152 -4.1388 -76.7677 2.34509 0.803084 -36.5309 -0.617314 141.678 68.5327 -123.358 2.19176 -38.0664 -5.69911 -8.43913 -6.27873 -16.1726 -0.734061 -9.31305 11.7736 -2.87758e-15 -4.64573e-16 -1.26401e-14 
33.4024 1.71903 -22.3929 -5.63509 -28.8159 1.75339 0 4.78511 -1.08482 0.310591 10.5538 -0.157714 0 5.29195 1.00949 0.370652 9.61138 -0.114943 -9.66735e-18 5.64355 0.108362 0.392949 9.06741 -0.02269 -1.04072e-17 6.12977 -0.417886 0.383344 8.20186 0.0307208 -1.85891e-17 7.16586 -1.41888 0.438762 6.50918 -0.000642785 -2.38665e-17 8.94839 -0.861631 0.512495 6.18094 -0.24785 -2.73615e-17 9.94144 1.48576 -0.0883557 0.088371 -0.0203712 -1.21725e-17 4.50977 0.67399 0.350136 11.2068 -1.38818 -1.70689e-17 4.54241 0.39741 2.8233 -2.98432 -0.695921 -1.89342e-17 4.5512 0.720839 1.40129 -4.88738 4.61721 1.16172 -7.16758 7.09827 7.34149 -3.34509 4.16467 12.2059 3.06167 -3.07978 -72.0371 -2.45803 -2.20182 27.5197 0.056351 0.129118 11.321 -7.93554 -70.5614 22.8331 0.0467536 0.107129 5.20154 46.2663 -3.2149 -1.16172 -7.16756 7.09818 -5.70001 -2.56605 -1.79289 -12.2059 3.06167 -3.07978 80.6785 14.7318 0.862097 -27.5197 0.056351 0.129118 -11.1694 -7.53879 68.5361 -22.8331 0.0467534 0.107129 -1.27223 21.9986 4.5086 8.70282 -3.96247 1.9152 37.576 -66.007 2.82266 -0.803084 -36.5309 -0.617314 -142.236 68.2998 123.872 -2.19176 -38.0664 -5.69911 6.94396 -20.9265 17.4749 0.734061 -9.31305 11.7736 -4.90912e-15 -1.009e-15 2.26289e-16 -8.70282 -3.96247 1.9152 -3.87071 -77.1965 2.73339 0.803084 -36.5309 -0.617314 141.006 68.8045 -122.739 2.19176 -38.0664 -5.69911 -8.84331 -7.37724 -16.329 -0.734061 -9.31305 11.7736 -1.46964e-15 -5.30978e-16 -1.27065e-14 
33.9305 1.62722 -21.8992 -5.73636 -26.4357 1.84782 0 4.78511 -1.08482 0.392532 9.75453 -0.181004 0 5.29195 1.00949 0.446153 9.06474 -0.125624 -9.66735e-18 5.64355 0.108362 0.455733 8.74825 -0.0370294 -1.04072e-17 6.12977 -0.417886 0.434866 8.24839 0.0152033 -1.85891e-17 7.16586 -1.41888 0.47028 6.8051 -0.0293969 -2.38665e-17 8.94839 -0.861631 0.506922 6.53638 -0.275472 -2.73615e-17 9.94144 1.48576 -0.0790213 0.050494 -0.0373643 -1.21725e-17 4.50977 0.67399 0.381538 12.1439 -1.26084 -1.70689e-17 4.54241 0.39741 2.83936 -3.52058 -0.630035 -1.89342e-17 4.5512 0.720839 1.1196 -6.04442 4.65914 1.16172 -7.16758 7.09827 8.28229 -3.7143 4.60204 12.2059 3.06167 -3.07978 -72.7666 -2.07849 -2.95256 27.5197 0.056351 0.129118 11.2122 -7.64681 -69.0903 22.8331 0.0467536 0.107129 4.56326 47.4196 -2.7256 -1.16172 -7.16756 7.09818 -6.72714 -2.97383 -2.37711 -12.2059 3.06167 -3.07978 81.4545 13.9934 1.88601 -27.5197 0.056351 0.129118 -10.9661 -7.06357 66.0731 -22.8331 0.0467534 0.107129 -0.967617 22.5314 4.14942 8.70282 -3.96247 1.9152 37.5504 -66.4027 2.52539 -0.803084 -36.5309 -0.617314 -141.327 68.676 123.035 -2.19176 -38.0664 -5.69911 6.50222 -21.9407 17.5354 0.734061 -9.31305 11.7736 -9.92379e-16 -8.44449e-16 6.17345e-17 -8.70282 -3.96247 1.9152 -5.30084 -77.7896 1.21115 0.803084 -36.5309 -0.617314 140.483 69.0099 -122.256 2.19176 -38.0664 -5.69911 -9.40081 -8.57507 -16.5161 -0.734061 -9.31305 11.7736 -2.66234e-15 -4.80468e-16 -1.26568e-14 
34.4776 1.55025 -21.4724 -5.84907 -23.8869 2.08627 0 4.78511 -1.08482 0.498981 9.0128 -0.215547 0 5.29195 1.00949 0.547632 8.54115 -0.146439 -9.66735e-18 5.64355 0.108362 0.54274 8.4246 -0.0607633 -1.04072e-17 6.12977 -0.417886 0.508174 8.24245 -0.00993618 -1.85891e-17 7.16586 -1.41888 0.52049 7.02111 -0.0720405 -2.38665e-17 8.94839 -0.861631 0.513377 6.80106 -0.320483 -2.73615e-17 9.94144 1.48576 -0.0686513 0.0185552 -0.0506763 -1.21725e-17 4.50977 0.67399 0.424748 12.907 -1.11952 -1.70689e-17 4.54241 0.39741 2.88147 -4.09734 -0.554547 -1.89342e-17 4.5512 0.720839 0.857794 -7.09556 4.59613 1.16172 -7.16758 7.09827 9.09114 -4.01191 4.91387 12.2059 3.06167 -3.07978 -73.2135 -1.60639 -3.6485 27.5197 0.056351 0.129118 11.1065 -7.38586 -67.7485 22.8331 0.0467536 0.107129 3.79054 47.6969 -2.08232 -1.16172 -7.16756 7.09818 -7.64824 -3.31979 -2.80536 -12.2059 3.06167 -3.07978 82.0346 13.1419 2.9121 -27.5197 0.056351 0.129118 -10.7522 -6.61648 63.7124 -22.8331 0.0467534 0.107129 -0.741364 22.811 3.61702 8.70282 -3.96247 1.9152 37.3941 -67.0665 2.19464 -0.803084 -36.5309 -0.617314 -140.298 69.0816 122.084 -2.19176 -38.0664 -5.69911 6.33111 -23.1288 17.639 0.734061 -9.31305 11.7736 7.20714e-15 -4.83724e-16 -2.98991e-16 -8.70282 -3.96247 1.9152 -7.4031 -78.6839 -0.957093 0.803084 -36.5309 -0.617314 140.052 69.1751 -121.857 2.19176 -38.0664 -5.69911 -10.0536 -9.7972 -16.7212 -0.734061 -9.31305 11.7736 -3.80296e-15 -4.21603e-16 -1.26088e-14 
35.0457 1.4769 -21.0496 -5.92591 -21.4477 2.39064 0 4.78511 -1.08482 0.596945 8.42733 -0.25618 0 5.29195 1.00949 0.645838 8.10983 -0.177818 -9.66735e-18 5.64355 0.108362 0.629595 8.12934 -0.095847 -1.04072e-17 6.12977 -0.417886 0.586116 8.16716 -0.0472995 -1.85891e-17 7.16586 -1.41888 0.578105 7.10584 -0.128111 -2.38665e-17 8.94839 -0.861631 0.52882 6.90498 -0.381445 -2.73615e-17 9.94144 1.48576 -0.0584215 0.00492724 -0.0605833 -1.21725e-17 4.50977 0.67399 0.494345 13.6029 -1.05994 -1.70689e-17 4.54241 0.39741 2.95616 -4.58493 -0.516559 -1.89342e-17 4.5512 0.720839 0.596397 -8.07168 4.64312 1.16172 -7.16758 7.09827 9.90169 -4.21955 5.19748 12.2059 3.06167 -3.07978 -73.5251 -1.05398 -4.31696 27.5197 0.056351 0.129118 10.9761 -7.08581 -66.1897 22.8331 0.0467536 0.107129 2.97073 47.2718 -1.3899 -1.16172 -7.16756 7.09818 -8.65932 -3.58594 -3.21271 -12.2059 3.06167 -3.07978 82.5907 12.2681 3.90087 -27.5197 0.056351 0.129118 -10.4953 -6.13389 61.1086 -22.8331 0.0467534 0.107129 -0.438102 22.8874 3.08223 8.70282 -3.96247 1.9152 37.6347 -67.6066 2.4154 -0.803084 -36.5309 -0.617314 -139.221 69.4841 121.086 -2.19176 -38.0664 -5.69911 6.35542 -24.4744 17.7735 0.734061 -9.31305 11.7736 7.68286e-15 -4.6723e-16 -3.15485e-16 -8.70282 -3.96247 1.9152 -9.58582 -79.5035 -3.17209 0.803084 -36.5309 -0.617314 139.763 69.2841 -121.589 2.19176 -38.0664 -5.69911 -10.7843 -11.2138 -16.9455 -0.734061 -9.31305 11.7736 -3.88796e-15 -4.22203e-16 -1.25978e-14 
35.6462 1.46661 -20.591 -6.06333 -18.8949 2.70226 0 4.78511 -1.08482 0.720717 7.78666 -0.299655 0 5.29195 1.00949 0.766 7.63452 -0.210438 -9.66735e-18 5.64355 0.108362 0.73447 7.80665 -0.132894 -1.04072e-17 6.12977 -0.417886 0.677547 8.09499 -0.085949 -1.85891e-17 7.16586 -1.41888 0.643964 7.21248 -0.186299 -2.38665e-17 8.94839 -0.861631 0.546316 7.04032 -0.444178 -2.73615e-17 9.94144 1.48576 -0.0511665 -0.0141962 -0.0659858 -1.21725e-17 4.50977 0.67399 0.546436 14.2265 -1.00009 -1.70689e-17 4.54241 0.39741 2.98691 -5.10503 -0.479894 -1.89342e-17 4.5512 0.720839 0.392579 -9.05487 4.65368 1.16172 -7.16758 7.09827 10.6712 -4.40624 5.47983 12.2059 3.06167 -3.07978 -73.7675 -0.472229 -4.90647 27.5197 0.056351 0.129118 10.8453 -6.80544 -64.716 22.8331 0.0467536 0.107129 2.07242 46.5777 -0.639034 -1.16172 -7.16756 7.09818 -9.42594 -3.83373 -3.56988 -12.2059 3.06167 -3.07978 82.8932 11.4929 4.8048 -27.5197 0.056351 0.129118 -10.2275 -5.68057 58.6011 -22.8331 0.0467534 0.107129 -0.337807 23.4746 2.91438 8.70282 -3.96247 1.9152 37.7134 -68.1134 2.47554 -0.803084 -36.5309 -0.617314 -138.196 69.848 120.134 -2.19176 -38.0664 -5.69911 6.56245 -26.0116 17.9779 0.734061 -9.31305 11.7736 7.8733e-15 -5.04997e-16 -2.7609e-16 -8.70282 -3.96247 1.9152 -12.2349 -80.1861 -5.93582 0.803084 -36.5309 -0.617314 139.365 69.4316 -121.22 2.19176 -38.0664 -5.69911 -11.6621 -12.8852 -17.2159 -0.734061 -9.31305 11.7736 -9.55937e-18 -5.87402e-16 -1.2763e-14 
36.2875 1.57547 -20.0424 -6.26435 -16.1328 2.99571 0 4.78511 -1.08482 0.829085 6.81472 -0.351265 0 5.29195 1.00949 0.878162 6.93844 -0.252117 -9.66735e-18 5.64355 0.108362 0.832379 7.40118 -0.180967 -1.04072e-17 6.12977 -0.417886 0.765848 8.14213 -0.135456 -1.85891e-17 7.16586 -1.41888 0.709262 7.55976 -0.256697 -2.38665e-17 8.94839 -0.861631 0.565629 7.48058 -0.51812 -2.73615e-17 9.94144 1.48576 -0.0478082 -0.0723664 -0.0685373 -1.21725e-17 4.50977 0.67399 0.570117 14.8423 -0.938645 -1.70689e-17 4.54241 0.39741 2.97018 -5.59585 -0.446013 -1.89342e-17 4.5512 0.720839 0.302312 -10.269 4.66443 1.16172 -7.16758 7.09827 11.1786 -4.7107 5.6935 12.2059 3.06167 -3.07978 -73.7189 0.0179755 -5.45911 27.5197 0.056351 0.129118 10.7072 -6.52808 -63.2403 22.8331 0.0467536 0.107129 1.01124 45.8481 0.336149 -1.16172 -7.16756 7.09818 -9.62363 -4.21453 -3.7498 -12.2059 3.06167 -3.07978 82.679 10.9261 5.65261 -27.5197 0.056351 0.129118 -10.0357 -5.38137 56.9086 -22.8331 0.0467534 0.107129 -0.260515 24.797 2.73578 8.70282 -3.96247 1.9152 36.9963 -68.4667 2.24692 -0.803084 -36.5309 -0.617314 -137.175 70.1928 119.182 -2.19176 -38.0664 -5.69911 8.45976 -27.2936 18.5927 0.734061 -9.31305 11.7736 -1.00437e-14 -1.96186e-15 1.20236e-15 -8.70282 -3.96247 1.9152 -15.8132 -80.7256 -9.8128 0.803084 -36.5309 -0.617314 139.037 69.5508 -120.915 2.19176 -38.0664 -5.69911 -12.9646 -14.7906 -17.5591 -0.734061 -9.31305 11.7736 -2.95573e-15 -4.61317e-16 -1.26369e-14 
36.9791 1.75928 -19.3698 -6.49428 -13.2164 3.29037 0 4.78511 -1.08482 0.987158 5.53558 -0.423901 0 5.29195 1.00949 1.02781 6.01775 -0.304319 -9.66735e-18 5.64355 0.108362 0.959153 6.8956 -0.238591 -1.04072e-17 6.12977 -0.417886 0.872538 8.26652 -0.194777 -1.85891e-17 7.16586 -1.41888 0.779586 8.10138 -0.336634 -2.38665e-17 8.94839 -0.861631 0.574965 8.17747 -0.595261 -2.73615e-17 9.94144 1.48576 -0.0460834 -0.153813 -0.0728985 -1.21725e-17 4.50977 0.67399 0.572981 15.3502 -0.942558 -1.70689e-17 4.54241 0.39741 2.8677 -6.20854 -0.446807 -1.89342e-17 4.5512 0.720839 0.157349 -11.4413 4.64486 1.16172 -7.16758 7.09827 11.4734 -5.07345 5.88505 12.2059 3.06167 -3.07978 -73.3822 0.607741 -6.04163 27.5197 0.056351 0.129118 10.5365 -6.20803 -61.5131 22.8331 0.0467536 0.107129 -0.225416 44.92 1.42659 -1.16172 -7.16756 7.09818 -9.42485 -4.65417 -3.84099 -12.2059 3.06167 -3.07978 82.0288 10.5079 6.2771 -27.5197 0.056351 0.129118 -9.94127 -5.24091 56.1026 -22.8331 0.0467534 0.107129 0.153129 26.4563 2.27569 8.70282 -3.96247 1.9152 36.6937 -68.7973 2.47808 -0.803084 -36.5309 -0.617314 -136.777 70.3226 118.811 -2.19176 -38.0664 -5.69911 9.59814 -28.9944 19.0514 0.734061 -9.31305 11.7736 -2.40573e-15 -9.01639e-16 1.18111e-16 -8.70282 -3.96247 1.9152 -19.5256 -81.2886 -13.8438 0.803084 -36.5309 -0.617314 139.046 69.5474 -120.924 2.19176 -38.0664 -5.69911 -14.2084 -16.7032 -17.9807 -0.734061 -9.31305 11.7736 -2.2196e-15 -5.00001e-16 -1.26756e-14 
37.715 2.00805 -18.6202 -6.78547 -9.988 3.59653 0 4.78511 -1.08482 1.10534 4.32801 -0.501852 0 5.29195 1.00949 1.14382 5.08741 -0.365378 -9.66735e-18 5.64355 0.108362 1.0557 6.32385 -0.30376 -1.04072e-17 6.12977 -0.417886 0.956383 8.23445 -0.260936 -1.85891e-17 7.16586 -1.41888 0.827151 8.44503 -0.420605 -2.38665e-17 8.94839 -0.861631 0.564871 8.65681 -0.674316 -2.73615e-17 9.94144 1.48576 -0.0430761 -0.202563 -0.0799304 -1.21725e-17 4.50977 0.67399 0.520009 15.7634 -0.700233 -1.70689e-17 4.54241 0.39741 2.66133 -6.75152 -0.333937 -1.89342e-17 4.5512 0.720839 0.0270367 -12.5011 4.40916 1.16172 -7.16758 7.09827 11.6491 -5.31756 6.00231 12.2059 3.06167 -3.07978 -72.7961 1.43 -6.48567 27.5197 0.056351 0.129118 10.3117 -5.81839 -59.3707 22.8331 0.0467536 0.107129 -1.03187 43.9157 2.29213 -1.16172 -7.16756 7.09818 -9.213 -4.95516 -3.86792 -12.2059 3.06167 -3.07978 81.3102 10.4416 6.64861 -27.5197 0.056351 0.129118 -9.83597 -5.08908 55.2225 -22.8331 0.0467534 0.107129 0.776677 27.9271 1.96903 8.70282 -3.96247 1.9152 35.8116 -69.5898 2.33148 -0.803084 -36.5309 -0.617314 -136.832 70.3047 118.863 -2.19176 -38.0664 -5.69911 11.3093 -30.4046 19.7135 0.734061 -9.31305 11.7736 -8.51333e-15 -1.17052e-15 3.76193e-16 -8.70282 -3.96247 1.9152 -27.0843 -82.2128 -21.4812 0.803084 -36.5309 -0.617314 139.191 69.495 -121.058 2.19176 -38.0664 -5.69911 -14.8409 -18.5651 -18.3633 -0.734061 -9.31305 11.7736 2.77343e-15 -7.11642e-16 -1.28872e-14 
38.5206 2.44729 -17.8071 -7.11207 -6.67399 4.06104 0 4.78511 -1.08482 1.38032 3.16385 -0.581386 0 5.29195 1.00949 1.38631 4.15237 -0.414523 -9.66735e-18 5.64355 0.108362 1.24403 5.7273 -0.352074 -1.04072e-17 6.12977 -0.417886 1.09541 8.14374 -0.311549 -1.85891e-17 7.16586 -1.41888 0.900888 8.70452 -0.494456 -2.38665e-17 8.94839 -0.861631 0.552071 9.05077 -0.743927 -2.73615e-17 9.94144 1.48576 -0.0443894 -0.230181 -0.0896113 -1.21725e-17 4.50977 0.67399 0.52202 15.9478 -0.602859 -1.70689e-17 4.54241 0.39741 2.4557 -7.09237 -0.293041 -1.89342e-17 4.5512 0.720839 -0.542269 -13.4603 3.77597 1.16172 -7.16758 7.09827 11.4879 -5.4361 5.98125 12.2059 3.06167 -3.07978 -71.9647 2.53056 -6.93716 27.5197 0.056351 0.129118 10.0354 -5.38111 -56.9074 22.8331 0.0467536 0.107129 -1.51032 42.5639 2.55823 -1.16172 -7.16756 7.09818 -9.16954 -5.05548 -3.91552 -12.2059 3.06167 -3.07978 79.7604 11.638 6.96789 -27.5197 0.056351 0.129118 -9.70087 -4.90126 54.1203 -22.8331 0.0467534 0.107129 1.12666 28.149 1.89033 8.70282 -3.96247 1.9152 34.5769 -70.3351 1.75301 -0.803084 -36.5309 -0.617314 -135.835 70.62 117.931 -2.19176 -38.0664 -5.69911 12.5524 -32.806 20.3106 0.734061 -9.31305 11.7736 -5.79504e-15 -1.09386e-15 3.12775e-16 -8.70282 -3.96247 1.9152 -33.3325 -84.0718 -27.0214 0.803084 -36.5309 -0.617314 139.38 69.4259 -121.234 2.19176 -38.0664 -5.69911 -14.3376 -19.6845 -18.5453 -0.734061 -9.31305 11.7736 -5.37344e-16 -5.69281e-16 -1.27448e-14 
39.3131 2.96622 -16.9036 -7.52364 -3.10054 4.518 0 4.78511 -1.08482 1.5989 2.1774 -0.653707 0 5.29195 1.00949 1.57766 3.3029 -0.461491 -9.66735e-18 5.64355 0.108362 1.3868 5.11261 -0.400199 -1.04072e-17 6.12977 -0.417886 1.19736 7.89519 -0.36276 -1.85891e-17 7.16586 -1.41888 0.935978 8.72264 -0.560411 -2.38665e-17 8.94839 -0.861631 0.504299 9.16942 -0.795056 -2.73615e-17 9.94144 1.48576 -0.0492165 -0.230249 -0.0952348 -1.21725e-17 4.50977 0.67399 0.482681 15.7828 -0.659844 -1.70689e-17 4.54241 0.39741 2.1211 -7.39798 -0.325729 -1.89342e-17 4.5512 0.720839 -0.668297 -13.9389 3.47371 1.16172 -7.16758 7.09827 11.2426 -5.38473 5.81983 12.2059 3.06167 -3.07978 -71.197 3.57446 -7.11328 27.5197 0.056351 0.129118 9.71922 -4.92644 -54.2693 22.8331 0.0467536 0.107129 -1.66949 41.2795 2.61487 -1.16172 -7.16756 7.09818 -9.02062 -4.95484 -3.81342 -12.2059 3.06167 -3.07978 78.3997 13.2626 6.62591 -27.5197 0.056351 0.129118 -9.71182 -4.91619 54.2085 -22.8331 0.0467534 0.107129 1.94673 28.2282 1.4911 8.70282 -3.96247 1.9152 34.9448 -71.2566 2.54986 -0.803084 -36.5309 -0.617314 -134.416 71.0437 116.6 -2.19176 -38.0664 -5.69911 12.7108 -34.8378 20.5879 0.734061 -9.31305 11.7736 -8.92912e-15 -1.91541e-15 1.15592e-15 -8.70282 -3.96247 1.9152 -48.241 -85.6248 -41.1833 0.803084 -36.5309 -0.617314 139.071 69.5387 -120.947 2.19176 -38.0664 -5.69911 -13.9338 -21.3655 -18.7555 -0.734061 -9.31305 11.7736 -4.97654e-15 -3.77388e-16 -1.25529e-14 
40.0945 3.41603 -16.0434 -7.98637 0.159894 4.95934 0 4.78511 -1.08482 1.81243 1.27465 -0.687218 0 5.29195 1.00949 1.77162 2.51792 -0.477159 -9.66735e-18 5.64355 0.108362 1.53504 4.55767 -0.417118 -1.04072e-17 6.12977 -0.417886 1.30434 7.69983 -0.384265 -1.85891e-17 7.16586 -1.41888 0.987262 8.77529 -0.596224 -2.38665e-17 8.94839 -0.861631 0.48777 9.32925 -0.830084 -2.73615e-17 9.94144 1.48576 -0.0489182 -0.238789 -0.0995999 -1.21725e-17 4.50977 0.67399 0.446366 15.3095 -0.486594 -1.70689e-17 4.54241 0.39741 1.91909 -7.7404 -0.245543 -1.89342e-17 4.5512 0.720839 -1.03813 -14.3154 2.83472 1.16172 -7.16758 7.09827 10.8116 -5.26415 5.60104 12.2059 3.06167 -3.07978 -70.2661 4.75472 -7.15609 27.5197 0.056351 0.129118 9.40441 -4.51406 -51.7971 22.8331 0.0467536 0.107129 -2.13885 39.6091 2.98499 -1.16172 -7.16756 7.09818 -8.60901 -4.81101 -3.62856 -12.2059 3.06167 -3.07978 76.9217 14.3808 6.51386 -27.5197 0.056351 0.129118 -9.75188 -4.97127 54.533 -22.8331 0.0467534 0.107129 2.49103 28.3892 0.175326 8.70282 -3.96247 1.9152 35.1508 -72.0828 2.76944 -0.803084 -36.5309 -0.617314 -131.926 71.721 114.259 -2.19176 -38.0664 -5.69911 13.2675 -37.4367 21.0754 0.734061 -9.31305 11.7736 -8.46405e-16 -7.82818e-16 -1.52431e-18 -8.70282 -3.96247 1.9152 -74.0617 -87.0935 -66.2656 0.803084 -36.5309 -0.617314 138.379 69.7845 -120.304 2.19176 -38.0664 -5.69911 -13.557 -22.4353 -18.9091 -0.734061 -9.31305 11.7736 2.57795e-16 -6.06553e-16 -1.27821e-14 
40.8572 3.79438 -15.437 -8.34407 2.80139 5.37339 0 4.78511 -1.08482 1.886 0.932429 -0.676323 0 5.29195 1.00949 1.84256 2.17146 -0.471021 -9.66735e-18 5.64355 0.108362 1.58383 4.25748 -0.413239 -1.04072e-17 6.12977 -0.417886 1.33413 7.48632 -0.385551 -1.85891e-17 7.16586 -1.41888 0.985995 8.64995 -0.598738 -2.38665e-17 8.94839 -0.861631 0.453893 9.23673 -0.828699 -2.73615e-17 9.94144 1.48576 -0.0474115 -0.225006 -0.103086 -1.21725e-17 4.50977 0.67399 0.4099 14.595 -0.394916 -1.70689e-17 4.54241 0.39741 1.79412 -8.21731 -0.200406 -1.89342e-17 4.5512 0.720839 -0.934117 -14.6618 2.53535 1.16172 -7.16758 7.09827 10.5585 -5.00129 5.35277 12.2059 3.06167 -3.07978 -69.3007 5.77122 -7.5019 27.5197 0.056351 0.129118 9.00203 -4.03567 -48.8167 22.8331 0.0467536 0.107129 -1.82968 38.0438 2.48723 -1.16172 -7.16756 7.09818 -8.34579 -4.54204 -3.42177 -12.2059 3.06167 -3.07978 75.9417 14.8267 6.84244 -27.5197 0.056351 0.129118 -9.61908 -4.79112 53.4667 -22.8331 0.0467534 0.107129 2.43504 27.7896 0.130102 8.70282 -3.96247 1.9152 33.0816 -73.7395 0.698883 -0.803084 -36.5309 -0.617314 -130.255 72.1329 112.682 -2.19176 -38.0664 -5.69911 13.2848 -38.3194 21.2575 0.734061 -9.31305 11.7736 1.3862e-14 5.29454e-16 -1.3362e-15 -8.70282 -3.96247 1.9152 -117.4 -87.4588 -108.991 0.803084 -36.5309 -0.617314 137.529 70.075 -119.513 2.19176 -38.0664 -5.69911 -12.8742 -23.2123 -18.8827 -0.734061 -9.31305 11.7736 -3.73867e-15 -4.33378e-16 -1.26089e-14 
41.6214 -5.11305 -14.9971 -8.74985 5.78624 5.69039 0 4.78511 -1.08482 2.41982 2.67374 -0.840039 0 5.29195 1.00949 2.36612 3.24192 -0.474552 -9.66735e-18 5.64355 0.108362 2.16678 4.4804 -0.57016 -1.04072e-17 6.12977 -0.417886 2.05515 6.77887 -0.686131 -1.85891e-17 7.16586 -1.41888 1.33832 7.41985 -0.951638 -2.38665e-17 8.94839 -0.861631 0.464091 7.34303 -1.16192 -2.73615e-17 9.94144 1.48576 -0.284912 -0.549551 0.0242764 -1.21725e-17 4.50977 0.67399 -0.380774 9.40072 0.341503 -1.70689e-17 4.54241 0.39741 0.875063 -6.22973 -0.498947 -1.89342e-17 4.5512 0.720839 -0.519705 -14.0851 4.17387 1.16172 -7.16758 7.09827 13.3068 -3.41672 5.46772 12.2059 3.06167 -3.07978 -62.538 0.757205 -11.871 27.5197 0.056351 0.129118 8.49018 -3.49293 -45.2568 22.8331 0.0467536 0.107129 -12.8014 32.2127 11.0595 -1.16172 -7.16756 7.09818 -11.7359 -1.76602 -4.08169 -12.2059 3.06167 -3.07978 68.3058 12.8554 6.14108 -27.5197 0.056351 0.129118 -9.33226 -4.42443 51.2479 -22.8331 0.0467534 0.107129 3.60973 18.8952 7.20522 8.70282 -3.96247 1.9152 48.151 -81.0778 15.4487 -0.803084 -36.5309 -0.617314 -93.9622 75.948 77.8594 -2.19176 -38.0664 -5.69911 19.7079 -47.6083 28.2627 0.734061 -9.31305 11.7736 1.97761e-15 -5.11479e-16 -2.90171e-16 -8.70282 -3.96247 1.9152 -161.255 -85.3436 -151.294 0.803084 -36.5309 -0.617314 150.46 63.9379 -131.307 2.19176 -38.0664 -5.69911 -16.4035 -17.0437 -23.6128 -0.734061 -9.31305 11.7736 1.1679e-14 -1.25105e-15 -1.34307e-14 
42.0647 -138.713 -13.1215 -8.99171 8.4231 6.02194 0 4.78511 -1.08482 9.71244 24.0631 -4.95178 0 5.29195 1.00949 8.65865 17.4515 -1.3618 -9.66735e-18 5.64355 0.108362 9.53265 9.18954 -3.09957 -1.04072e-17 6.12977 -0.417886 11.2435 1.81754 -4.36745 -1.85891e-17 7.16586 -1.41888 5.7129 -3.14313 -5.34812 -2.38665e-17 8.94839 -0.861631 0.276398 -11.2134 -5.95593 -2.73615e-17 9.94144 1.48576 -3.64171 -6.9533 1.57365 -1.21725e-17 4.50977 0.67399 -8.70299 -52.254 3.24784 -1.70689e-17 4.54241 0.39741 -10.4695 27.5441 -2.34352 -1.89342e-17 4.5512 0.720839 1.43994 2.81637 33.3957 1.16172 -7.16758 7.09827 54.4525 13.4416 4.14984 12.2059 3.06167 -3.07978 127.356 -68.8002 90.916 27.5197 0.056351 0.129118 4.8461 -1.00493 -24.0055 22.8331 0.0467536 0.107129 -154.939 -69.4099 -4.53037 -1.16172 -7.16756 7.09818 -62.3958 31.7424 0.123726 -12.2059 3.06167 -3.07978 -29.8662 4.01846 -25.6394 -27.5197 0.056351 0.129118 -6.60498 -1.96076 33.6167 -22.8331 0.0467534 0.107129 93.4122 -5.94163 129.348 8.70282 -3.96247 1.9152 -172.733 -9.55731 148.796 -0.803084 -36.5309 -0.617314 18.9366 -49.5326 9.74452 -2.19176 -38.0664 -5.69911 149.919 21.4517 178.015 0.734061 -9.31305 11.7736 9.40078e-14 6.97298e-15 -7.88379e-15 -8.70282 -3.96247 1.9152 -172.945 -69.7681 -142.985 0.803084 -36.5309 -0.617314 -155.803 -53.6749 -137.616 2.19176 -38.0664 -5.69911 78.7827 71.3472 -175.605 -0.734061 -9.31305 11.7736 3.83803e-14 -3.62929e-15 -1.58369e-14 
41.0879 -136.257 -8.90561 -8.96839 10.8758 6.2206 0 4.78511 -1.08482 7.94883 12.8825 -3.44343 0 5.29195 1.00949 5.96433 10.7355 1.40555 -9.66735e-18 5.64355 0.108362 6.19054 6.87215 -0.867719 -1.04072e-17 6.12977 -0.417886 6.23945 5.12039 -1.90798 -1.85891e-17 7.16586 -1.41888 3.5561 3.47169 -3.07836 -2.38665e-17 8.94839 -0.861631 0.393622 0.528056 -5.07828 -2.73615e-17 9.94144 1.48576 -3.99343 -20.1209 0.362235 -1.21725e-17 4.50977 0.67399 8.73042 -71.1827 19.5099 -1.70689e-17 4.54241 0.39741 -26.3171 -0.889926 -0.567956 -1.89342e-17 4.5512 0.720839 15.8438 66.1663 13.3292 1.16172 -7.16758 7.09827 43.0122 16.4322 -19.1361 12.2059 3.06167 -3.07978 147.984 -62.2069 98.7932 27.5197 0.056351 0.129118 3.08975 -0.392202 -15.0504 22.8331 0.0467536 0.107129 -122.028 -57.3637 26.8344 -1.16172 -7.16756 7.09818 -48.7161 15.2431 17.0015 -12.2059 3.06167 -3.07978 -42.0631 -10.3482 -37.2041 -27.5197 0.056351 0.129118 -4.42654 -0.830154 21.8153 -22.8331 0.0467534 0.107129 111.07 18.8731 66.8558 8.70282 -3.96247 1.9152 -152.522 1.36958 -145.021 -0.803084 -36.5309 -0.617314 11.2023 -35.3358 4.22204 -2.19176 -38.0664 -5.69911 97.962 -39.0834 -135.131 0.734061 -9.31305 11.7736 2.62857e-13 2.15777e-14 -2.26971e-14 -8.70282 -3.96247 1.9152 -172.865 39.5294 -16.0191 0.803084 -36.5309 -0.617314 -24.4735 -56.1033 -14.2888 2.19176 -38.0664 -5.69911 79.299 -62.596 -179.072 -0.734061 -9.31305 11.7736 -2.7923e-13 2.32137e-14 1.14097e-14 
40.7527 -82.7972 -6.83304 -8.71458 12.9368 6.22876 0 4.78511 -1.08482 5.2021 9.8024 -1.77114 0 5.29195 1.00949 3.34309 10.583 2.41474 -9.66735e-18 5.64355 0.108362 3.27937 8.82296 0.235854 -1.04072e-17 6.12977 -0.417886 3.63239 7.1209 -0.763702 -1.85891e-17 7.16586 -1.41888 3.14683 6.80082 -1.66774 -2.38665e-17 8.94839 -0.861631 2.7108 4.08954 -2.80404 -2.73615e-17 9.94144 1.48576 -2.1992 -19.4175 -0.392113 -1.21725e-17 4.50977 0.67399 68.5061 -81.884 68.3829 -1.70689e-17 4.54241 0.39741 -30.4159 -4.16287 1.11449 -1.89342e-17 4.5512 0.720839 2.36531 74.5061 23.4767 1.16172 -7.16758 7.09827 40.3565 4.84838 -16.4156 12.2059 3.06167 -3.07978 148.947 -58.7394 101.998 27.5197 0.056351 0.129118 4.46542 -0.845472 -22.0226 22.8331 0.0467536 0.107129 -131.694 -58.0608 25.3051 -1.16172 -7.16756 7.09818 -35.9653 10.4956 13.8655 -12.2059 3.06167 -3.07978 -50.4019 -17.662 -36.415 -27.5197 0.056351 0.129118 -6.18807 -1.69834 31.2577 -22.8331 0.0467534 0.107129 118.662 1.07762 57.175 8.70282 -3.96247 1.9152 -158.321 27.6384 132.06 -0.803084 -36.5309 -0.617314 -21.2343 54.5201 9.97943 -2.19176 -38.0664 -5.69911 9.40887 -8.17613 56.9412 0.734061 -9.31305 11.7736 -5.74134e-16 -8.21181e-16 3.84667e-17 -8.70282 -3.96247 1.9152 157.478 -28.1756 143.281 0.803084 -36.5309 -0.617314 -55.2319 -70.9895 -42.5202 2.19176 -38.0664 -5.69911 23.8092 -53.7267 -153.003 -0.734061 -9.31305 11.7736 -2.27179e-14 1.41886e-15 -1.06721e-14 
38.739 -45.3482 -2.20573 -8.49069 14.7342 6.26254 0 4.78511 -1.08482 2.15656 0.232332 -1.99163 0 5.29195 1.00949 1.02659 4.15998 1.22562 -9.66735e-18 5.64355 0.108362 1.08674 5.80363 -0.650302 -1.04072e-17 6.12977 -0.417886 1.63147 8.93317 -1.33218 -1.85891e-17 7.16586 -1.41888 2.0019 12.2998 -1.58919 -2.38665e-17 8.94839 -0.861631 1.5134 12.0626 -2.62366 -2.73615e-17 9.94144 1.48576 -1.99876 -15.2775 -1.68519 -1.21725e-17 4.50977 0.67399 37.6179 -85.1739 39.9155 -1.70689e-17 4.54241 0.39741 -26.7503 -0.707976 -1.71462 -1.89342e-17 4.5512 0.720839 34.3048 71.785 -4.90362 1.16172 -7.16758 7.09827 37.2448 5.27276 -11.9029 12.2059 3.06167 -3.07978 158.09 -55.5519 112.25 27.5197 0.056351 0.129118 11.784 -9.56736 -78.668 22.8331 0.0467536 0.107129 128.155 -53.7168 -64.7152 -1.16172 -7.16756 7.09818 -29.9845 3.18237 8.26803 -12.2059 3.06167 -3.07978 -54.5873 -37.1651 -37.9991 -27.5197 0.056351 0.129118 -11.635 -8.93829 75.5772 -22.8331 0.0467534 0.107129 150.917 -30.6442 75.0529 8.70282 -3.96247 1.9152 -136.819 44.5608 123.813 -0.803084 -36.5309 -0.617314 -154.223 61.166 134.592 -2.19176 -38.0664 -5.69911 53.6106 26.0869 41.1987 0.734061 -9.31305 11.7736 -9.73766e-15 -1.27082e-15 4.89736e-16 -8.70282 -3.96247 1.9152 -151.859 23.5043 152.683 0.803084 -36.5309 -0.617314 101.522 75.7366 -85.1588 2.19176 -38.0664 -5.69911 119.674 -25.6063 58.9084 -0.734061 -9.31305 11.7736 -3.38659e-13 2.87583e-14 1.77927e-14 
40.5911 -18.0411 -0.743672 -8.57001 16.1087 6.52444 0 4.78511 -1.08482 0.300248 0.250541 -1.92989 0 5.29195 1.00949 0.253954 2.92242 0.150612 -9.66735e-18 5.64355 0.108362 0.988721 3.22813 -1.93458 -1.04072e-17 6.12977 -0.417886 2.60921 6.07198 -3.25616 -1.85891e-17 7.16586 -1.41888 3.19279 7.77885 -3.21701 -2.38665e-17 8.94839 -0.861631 3.68858 7.59836 -4.36631 -2.73615e-17 9.94144 1.48576 -1.35721 -11.5449 -2.08158 -1.21725e-17 4.50977 0.67399 26.5472 -49.7987 24.1372 -1.70689e-17 4.54241 0.39741 -13.9122 -2.64232 6.70831 -1.89342e-17 4.5512 0.720839 8.56989 51.0524 -0.313597 1.16172 -7.16758 7.09827 33.0562 10.3168 -15.683 12.2059 3.06167 -3.07978 116.871 -53.1886 74.1563 27.5197 0.056351 0.129118 11.1746 -7.55279 -68.6071 22.8331 0.0467536 0.107129 146.244 -50.4528 -55.0166 -1.16172 -7.16756 7.09818 -25.6782 4.0368 7.17042 -12.2059 3.06167 -3.07978 -58.6509 -33.9891 -37.0443 -27.5197 0.056351 0.129118 -10.2787 -5.76419 59.0699 -22.8331 0.0467534 0.107129 140.578 -3.05181 60.3345 8.70282 -3.96247 1.9152 -142.389 39.2446 127.286 -0.803084 -36.5309 -0.617314 -177.264 17.2951 149.58 -2.19176 -38.0664 -5.69911 40.2403 -36.0773 51.0304 0.734061 -9.31305 11.7736 -2.22459e-14 -2.69788e-15 1.9457e-15 -8.70282 -3.96247 1.9152 138.938 13.3185 -133.984 0.803084 -36.5309 -0.617314 176.611 19.5309 -149.412 2.19176 -38.0664 -5.69911 -77.7977 -65.4374 -102.206 -0.734061 -9.31305 11.7736 -2.42319e-14 1.44499e-15 -1.06876e-14 
43.5737 4.87651 1.6968 -8.95155 17.354 6.86709 0 4.78511 -1.08482 1.37338 -1.92207 -1.76739 0 5.29195 1.00949 1.75197 -0.0479776 0.44917 -9.66735e-18 5.64355 0.108362 1.918 1.26256 -0.892773 -1.04072e-17 6.12977 -0.417886 2.58418 5.3593 -1.72359 -1.85891e-17 7.16586 -1.41888 2.18299 7.57036 -1.76705 -2.38665e-17 8.94839 -0.861631 1.75682 8.85353 -2.4462 -2.73615e-17 9.94144 1.48576 -0.867839 -6.72752 -1.08719 -1.21725e-17 4.50977 0.67399 9.44601 -33.6589 9.85482 -1.70689e-17 4.54241 0.39741 -12.5727 -4.36191 3.0954 -1.89342e-17 4.5512 0.720839 6.64706 33.8964 -1.98233 1.16172 -7.16758 7.09827 24.8633 5.73088 -6.21801 12.2059 3.06167 -3.07978 137.667 -60.9282 95.3422 27.5197 0.056351 0.129118 11.8514 -14.0128 -100.226 22.8331 0.0467536 0.107129 124.077 -24.1097 -75.4981 -1.16172 -7.16756 7.09818 -23.1885 0.022698 1.04918 -12.2059 3.06167 -3.07978 -85.1881 -53.3931 -48.5751 -27.5197 0.056351 0.129118 -11.9474 -13.3796 97.119 -22.8331 0.0467534 0.107129 -173.917 -14.6119 86.254 8.70282 -3.96247 1.9152 -163.972 0.721081 156.641 -0.803084 -36.5309 -0.617314 178.51 1.90604 150.02 -2.19176 -38.0664 -5.69911 30.0247 -16.8135 26.6922 0.734061 -9.31305 11.7736 -6.78165e-14 -6.54598e-15 5.86531e-15 -8.70282 -3.96247 1.9152 156.372 -30.2799 -161.241 0.803084 -36.5309 -0.617314 -179.465 5.46693 -150.021 2.19176 -38.0664 -5.69911 27.3155 -57.4035 1.39526 -0.734061 -9.31305 11.7736 -8.00258e-14 6.57812e-15 -5.47971e-15 
47.3512 23.7449 3.48337 -9.29859 18.5709 7.21251 0 4.78511 -1.08482 2.35657 -8.20826 -1.39584 0 5.29195 1.00949 2.60297 -6.1701 0.122684 -9.66735e-18 5.64355 0.108362 2.27583 -1.03679 -0.270009 -1.04072e-17 6.12977 -0.417886 2.05529 8.77443 -0.58507 -1.85891e-17 7.16586 -1.41888 1.25102 15.7512 -0.661374 -2.38665e-17 8.94839 -0.861631 -0.172624 21.22 -0.844036 -2.73615e-17 9.94144 1.48576 -0.213487 -5.59909 -0.593485 -1.21725e-17 4.50977 0.67399 3.05917 1.51464 17.9746 -1.70689e-17 4.54241 0.39741 -6.0396 -7.09834 9.06524 -1.89342e-17 4.5512 0.720839 -5.24898 -8.02245 -28.761 1.16172 -7.16758 7.09827 22.7144 -9.3606 17.8394 12.2059 3.06167 -3.07978 162.73 -62.2333 113.84 27.5197 0.056351 0.129118 11.2168 -16.217 -111.439 22.8331 0.0467536 0.107129 124.799 4.26823 -80.6187 -1.16172 -7.16756 7.09818 -20.3098 -11.4477 -14.1342 -12.2059 3.06167 -3.07978 156.17 -54.4445 -146.435 -27.5197 0.056351 0.129118 -10.3403 -17.9428 120.958 -22.8331 0.0467534 0.107129 -111.615 9.80473 86.9249 8.70282 -3.96247 1.9152 -146.403 -57.9543 178.125 -0.803084 -36.5309 -0.617314 -176.257 20.7179 149.311 -2.19176 -38.0664 -5.69911 14.5034 -14.1455 19.4727 0.734061 -9.31305 11.7736 2.96671e-14 1.95429e-15 -2.77184e-15 -8.70282 -3.96247 1.9152 171.478 -66.9507 -174.423 0.803084 -36.5309 -0.617314 174.677 25.7964 -148.776 2.19176 -38.0664 -5.69911 -16.8654 -45.5373 -22.8069 -0.734061 -9.31305 11.7736 -8.48609e-15 4.63564e-16 -1.16904e-14 
50.3914 40.9161 6.52301 -9.51138 19.6469 7.53351 0 4.78511 -1.08482 0.43509 -10.1987 -1.99178 0 5.29195 1.00949 1.04384 -8.51409 -1.77354 -9.66735e-18 5.64355 0.108362 1.45554 -1.95246 -1.67917 -1.04072e-17 6.12977 -0.417886 1.96488 11.2313 -2.07107 -1.85891e-17 7.16586 -1.41888 1.58169 22.1124 -1.9083 -2.38665e-17 8.94839 -0.861631 0.414791 28.4197 -2.02881 -2.73615e-17 9.94144 1.48576 1.01302 -4.54841 -0.680655 -1.21725e-17 4.50977 0.67399 1.49596 -0.753109 11.7914 -1.70689e-17 4.54241 0.39741 -3.08369 -8.77652 5.77477 -1.89342e-17 4.5512 0.720839 -6.29088 -18.4949 -11.2138 1.16172 -7.16758 7.09827 27.9707 -10.8372 29.7913 12.2059 3.06167 -3.07978 -150.566 -24.0014 145.573 27.5197 0.056351 0.129118 10.7536 -17.2204 -116.863 22.8331 0.0467536 0.107129 71.731 9.41237 -59.3601 -1.16172 -7.16756 7.09818 -20.5145 -15.1386 -26.9517 -12.2059 3.06167 -3.07978 149.713 -39.4526 -165.251 -27.5197 0.056351 0.129118 -9.76669 -18.7765 125.94 -22.8331 0.0467534 0.107129 -113.005 12.239 85.7234 8.70282 -3.96247 1.9152 -165.166 -80.3345 166.867 -0.803084 -36.5309 -0.617314 -167.905 43.0677 145.208 -2.19176 -38.0664 -5.69911 9.2829 -8.16123 16.9326 0.734061 -9.31305 11.7736 -4.40749e-15 -9.91701e-16 2.08986e-16 -8.70282 -3.96247 1.9152 -168.372 -83.8157 -158.044 0.803084 -36.5309 -0.617314 165.532 47.5123 -143.6 2.19176 -38.0664 -5.69911 -8.88703 -29.6081 -17.6548 -0.734061 -9.31305 11.7736 1.22897e-14 -1.85234e-15 -1.40511e-14 
53.449 55.9531 10.8047 -9.63474 20.359 7.75419 0 4.78511 -1.08482 -0.670307 -12.8714 -2.33034 0 5.29195 1.00949 -0.0490942 -10.947 -3.12372 -9.66735e-18 5.64355 0.108362 0.994107 -2.0505 -2.63138 -1.04072e-17 6.12977 -0.417886 2.33431 17.0313 -3.10574 -1.85891e-17 7.16586 -1.41888 2.39672 33.1317 -3.00286 -2.38665e-17 8.94839 -0.861631 1.56455 39.1552 -3.41752 -2.73615e-17 9.94144 1.48576 1.63502 -5.67024 -0.752611 -1.21725e-17 4.50977 0.67399 2.95163 -7.30436 16.2368 -1.70689e-17 4.54241 0.39741 -3.33579 -8.99398 7.66028 -1.89342e-17 4.5512 0.720839 -15.2144 -31.3348 -13.8317 1.16172 -7.16758 7.09827 30.029 -13.9162 40.4875 12.2059 3.06167 -3.07978 -110.046 26.0351 112.081 27.5197 0.056351 0.129118 10.966 -16.7926 -114.518 22.8331 0.0467536 0.107129 7.37593 -9.89052 -37.7097 -1.16172 -7.16756 7.09818 -21.8711 -15.5368 -36.2033 -12.2059 3.06167 -3.07978 165.667 -6.67558 -159.029 -27.5197 0.056351 0.129118 -10.0819 -18.3388 123.285 -22.8331 0.0467534 0.107129 -105.043 19.2087 71.5521 8.70282 -3.96247 1.9152 17.0669 -79.37 -10.2755 -0.803084 -36.5309 -0.617314 -149.874 64.3176 130.788 -2.19176 -38.0664 -5.69911 -3.9621 -13.0481 15.5154 0.734061 -9.31305 11.7736 4.22417e-16 -7.82715e-16 2.88531e-33 -8.70282 -3.96247 1.9152 -14.5534 -77.8885 -5.50308 0.803084 -36.5309 -0.617314 141.59 68.5687 -123.278 2.19176 -38.0664 -5.69911 -2.78782 -25.2479 -15.3004 -0.734061 -9.31305 11.7736 -7.06861e-15 -2.85534e-16 -1.24611e-14 
54.9416 69.1584 13.2086 -9.76069 20.7446 7.8854 0 4.78511 -1.08482 0.359483 -13.9878 -1.74787 0 5.29195 1.00949 0.693271 -12.2965 -2.40455 -9.66735e-18 5.64355 0.108362 1.52483 -1.42194 -1.83136 -1.04072e-17 6.12977 -0.417886 2.41533 20.9562 -2.12474 -1.85891e-17 7.16586 -1.41888 2.51598 39.3339 -2.16391 -2.38665e-17 8.94839 -0.861631 2.16981 44.2299 -2.94064 -2.73615e-17 9.94144 1.48576 1.97185 -6.83692 -0.691835 -1.21725e-17 4.50977 0.67399 4.62449 -15.3596 14.3066 -1.70689e-17 4.54241 0.39741 1.79597 -14.2833 6.54162 -1.89342e-17 4.5512 0.720839 -19.9544 -31.657 -12.3595 1.16172 -7.16758 7.09827 29.7066 -20.2438 45.2299 12.2059 3.06167 -3.07978 -104.895 26.0519 92.4541 27.5197 0.056351 0.129118 11.5692 -15.2045 -106.194 22.8331 0.0467536 0.107129 1.03209 -3.75467 -37.2751 -1.16172 -7.16756 7.09818 -22.1347 -15.4211 -38.2767 -12.2059 3.06167 -3.07978 163.932 29.9744 -132.819 -27.5197 0.056351 0.129118 -9.6037 -18.9867 127.249 -22.8331 0.0467534 0.107129 -66.404 35.2446 40.5548 8.70282 -3.96247 1.9152 10.5432 -61.6045 -16.0623 -0.803084 -36.5309 -0.617314 -74.8833 75.4183 59.4421 -2.19176 -38.0664 -5.69911 -2.22313 -15.9334 16.0789 0.734061 -9.31305 11.7736 3.96379e-16 -7.83528e-16 8.13696e-19 -8.70282 -3.96247 1.9152 -2.09065 -62.0017 5.22279 0.803084 -36.5309 -0.617314 55.8765 73.0231 -41.231 2.19176 -38.0664 -5.69911 -6.74452 -19.921 -16.6252 -0.734061 -9.31305 11.7736 -2.90366e-15 -4.62944e-16 -1.26393e-14 
55.9876 80.4362 14.7863 -9.94116 20.8323 7.99952 0 4.78511 -1.08482 1.41205 -15.0485 -0.831427 0 5.29195 1.00949 1.47287 -13.3728 -1.04808 -9.66735e-18 5.64355 0.108362 1.65565 -0.86482 -0.674804 -1.04072e-17 6.12977 -0.417886 1.74357 22.9251 -0.855231 -1.85891e-17 7.16586 -1.41888 1.4644 41.1468 -0.74635 -2.38665e-17 8.94839 -0.861631 0.976726 44.8905 -1.47474 -2.73615e-17 9.94144 1.48576 1.89201 -6.9512 -0.662156 -1.21725e-17 4.50977 0.67399 3.72901 -21.3031 11.2687 -1.70689e-17 4.54241 0.39741 -0.331762 -16.5539 4.79574 -1.89342e-17 4.5512 0.720839 -11.4794 -29.4067 -13.152 1.16172 -7.16758 7.09827 29.1078 -21.8826 42.6128 12.2059 3.06167 -3.07978 -131.832 29.482 70.9331 27.5197 0.056351 0.129118 11.9154 -10.3136 -82.2979 22.8331 0.0467536 0.107129 24.5116 11.4664 -28.5658 -1.16172 -7.16756 7.09818 -23.7164 -15.1637 -35.7987 -12.2059 3.06167 -3.07978 154.365 38.0107 -86.7491 -27.5197 0.056351 0.129118 -9.20892 -19.4562 130.269 -22.8331 0.0467534 0.107129 -16.9114 48.5182 -5.61226 8.70282 -3.96247 1.9152 10.524 -43.864 -15.7557 -0.803084 -36.5309 -0.617314 -21.1297 54.3892 9.89671 -2.19176 -38.0664 -5.69911 -6.44265 -15.3315 17.0411 0.734061 -9.31305 11.7736 -3.91764e-16 -8.1304e-16 3.03253e-17 -8.70282 -3.96247 1.9152 0.472186 -44.6009 6.10287 0.803084 -36.5309 -0.617314 17.2701 48.857 -6.96871 2.19176 -38.0664 -5.69911 -6.32362 -13.4958 -15.3329 -0.734061 -9.31305 11.7736 -1.78906e-15 -5.09386e-16 -1.26974e-14 
56.4441 89.7027 16.6315 -10.1186 20.7488 8.04938 0 4.78511 -1.08482 1.44293 -14.5305 -0.82324 0 5.29195 1.00949 1.48827 -12.0943 -0.97517 -9.66735e-18 5.64355 0.108362 1.54094 -0.345403 -0.712213 -1.04072e-17 6.12977 -0.417886 1.60046 21.4506 -0.855648 -1.85891e-17 7.16586 -1.41888 1.37389 37.5412 -0.948781 -2.38665e-17 8.94839 -0.861631 0.95738 40.5265 -2.12212 -2.73615e-17 9.94144 1.48576 1.23903 -5.83157 -0.683644 -1.21725e-17 4.50977 0.67399 -0.487543 -15.8264 3.09122 -1.70689e-17 4.54241 0.39741 -1.22613 -18.9871 1.10446 -1.89342e-17 4.5512 0.720839 1.47904 -28.9323 -2.46457 1.16172 -7.16758 7.09827 23.1081 -19.2515 35.6945 12.2059 3.06167 -3.07978 -141.26 44.826 59.1385 27.5197 0.056351 0.129118 11.1981 -7.61105 -68.9073 22.8331 0.0467536 0.107129 37.0158 7.91238 -13.6781 -1.16172 -7.16756 7.09818 -21.3655 -14.3454 -31.0908 -12.2059 3.06167 -3.07978 125.409 36.6974 -50.3859 -27.5197 0.056351 0.129118 -9.76982 -18.7727 125.915 -22.8331 0.0467534 0.107129 12.8529 31.1235 -28.9602 8.70282 -3.96247 1.9152 11.356 -29.6746 -11.8108 -0.803084 -36.5309 -0.617314 -8.05186 28.0108 1.51082 -2.19176 -38.0664 -5.69911 -11.577 2.58064 18.9318 0.734061 -9.31305 11.7736 -7.05882e-15 -1.15146e-15 3.70377e-16 -8.70282 -3.96247 1.9152 2.90156 -30.0991 8.12261 0.803084 -36.5309 -0.617314 5.97395 21.4834 -0.754172 2.19176 -38.0664 -5.69911 -1.2783 8.00556 -12.5472 -0.734061 -9.31305 11.7736 -2.07548e-15 -4.9718e-16 -1.26844e-14 
55.5982 97.4712 17.121 -10.1675 20.6306 8.01678 0 4.78511 -1.08482 0.392659 -12.2124 -0.899357 0 5.29195 1.00949 0.70924 -9.06381 -0.934873 -9.66735e-18 5.64355 0.108362 0.956076 0.905382 -0.54027 -1.04072e-17 6.12977 -0.417886 1.11391 19.8418 -0.547886 -1.85891e-17 7.16586 -1.41888 1.02137 31.0926 -0.593759 -2.38665e-17 8.94839 -0.861631 0.87696 33.2519 -1.55147 -2.73615e-17 9.94144 1.48576 0.712165 -4.07047 -0.490279 -1.21725e-17 4.50977 0.67399 -0.90989 -8.56991 -1.05351 -1.70689e-17 4.54241 0.39741 0.218924 -18.8655 -0.660072 -1.89342e-17 4.5512 0.720839 8.21231 -29.3233 5.71936 1.16172 -7.16758 7.09827 16.6043 -16.7933 28.5103 12.2059 3.06167 -3.07978 -121.871 42.4519 35.5777 27.5197 0.056351 0.129118 10.8103 -6.73341 -64.3345 22.8331 0.0467536 0.107129 28.493 11.2185 -4.64488 -1.16172 -7.16756 7.09818 -21.7379 -11.8399 -24.277 -12.2059 3.06167 -3.07978 118.442 30.4049 -37.6954 -27.5197 0.056351 0.129118 -12.0147 -12.6357 93.5017 -22.8331 0.0467534 0.107129 0.927371 28.0032 -4.6132 8.70282 -3.96247 1.9152 10.5461 -21.4582 -10.5 -0.803084 -36.5309 -0.617314 -2.16895 8.07758 0.0119287 -2.19176 -38.0664 -5.69911 -16.3711 26.7106 22.4847 0.734061 -9.31305 11.7736 -1.62817e-14 -2.23726e-15 1.47777e-15 -8.70282 -3.96247 1.9152 3.72563 -24.4343 10.076 0.803084 -36.5309 -0.617314 1.78278 6.6484 0.0126177 2.19176 -38.0664 -5.69911 8.56195 30.4978 -14.1333 -0.734061 -9.31305 11.7736 -5.69364e-15 -3.43367e-16 -1.25189e-14 
54.2316 103.764 16.8906 -10.1601 20.4331 7.98537 0 4.78511 -1.08482 1.23296 -11.8831 -0.193296 0 5.29195 1.00949 1.21782 -8.85239 0.0189025 -9.66735e-18 5.64355 0.108362 1.14766 0.923475 0.234279 -1.04072e-17 6.12977 -0.417886 0.900716 18.5067 0.328568 -1.85891e-17 7.16586 -1.41888 0.837194 27.4084 0.287304 -2.38665e-17 8.94839 -0.861631 0.843122 29.8079 -0.374132 -2.73615e-17 9.94144 1.48576 0.369396 -3.15952 -0.369881 -1.21725e-17 4.50977 0.67399 -0.818624 -4.78549 -4.01084 -1.70689e-17 4.54241 0.39741 2.0249 -18.6382 -1.9098 -1.89342e-17 4.5512 0.720839 7.85901 -27.121 4.73556 1.16172 -7.16758 7.09827 13.7285 -16.106 24.4917 12.2059 3.06167 -3.07978 -110.13 33.3483 21.3015 27.5197 0.056351 0.129118 10.462 -6.07521 -60.7878 22.8331 0.0467536 0.107129 13.9431 19.6077 0.557195 -1.16172 -7.16756 7.09818 -21.4956 -8.93069 -20.3908 -12.2059 3.06167 -3.07978 122.22 29.1436 -36.0779 -27.5197 0.056351 0.129118 -11.1242 -7.42828 67.9669 -22.8331 0.0467534 0.107129 -18.3735 23.0229 14.3956 8.70282 -3.96247 1.9152 9.99193 -20.7017 -9.88708 -0.803084 -36.5309 -0.617314 -1.96792 7.33446 -0.0020564 -2.19176 -38.0664 -5.69911 -14.3724 25.7491 20.4757 0.734061 -9.31305 11.7736 7.60259e-18 -7.46973e-16 -3.65556e-17 -8.70282 -3.96247 1.9152 4.27528 -23.5797 11.684 0.803084 -36.5309 -0.617314 1.62464 6.06126 0.0198738 2.19176 -38.0664 -5.69911 8.71011 28.7833 -14.8724 -0.734061 -9.31305 11.7736 1.33242e-15 -6.48273e-16 -1.28238e-14 
52.7061 109.147 16.4437 -10.0923 20.1082 8.00879 0 4.78511 -1.08482 1.9717 -10.824 -0.220718 0 5.29195 1.00949 1.78819 -7.70056 0.175632 -9.66735e-18 5.64355 0.108362 1.50606 1.21741 0.205058 -1.04072e-17 6.12977 -0.417886 1.15298 16.8343 0.265442 -1.85891e-17 7.16586 -1.41888 1.05008 24.5168 0.0898931 -2.38665e-17 8.94839 -0.861631 0.934554 26.736 -0.603864 -2.73615e-17 9.94144 1.48576 0.311939 -2.67736 -0.401297 -1.21725e-17 4.50977 0.67399 -0.759757 -2.39544 -5.45104 -1.70689e-17 4.54241 0.39741 2.34389 -17.7962 -2.62059 -1.89342e-17 4.5512 0.720839 6.74934 -26.355 6.04021 1.16172 -7.16758 7.09827 10.8019 -13.7874 20.3296 12.2059 3.06167 -3.07978 -109.191 27.266 15.2791 27.5197 0.056351 0.129118 10.4292 -6.01781 -60.4728 22.8331 0.0467536 0.107129 8.14861 24.3723 6.71251 -1.16172 -7.16756 7.09818 -21.0298 -7.58607 -18.5699 -12.2059 3.06167 -3.07978 119.324 23.2021 -30.3333 -27.5197 0.056351 0.129118 -11.9213 -10.3541 82.4939 -22.8331 0.0467534 0.107129 -1.25856 30.014 -9.28839 8.70282 -3.96247 1.9152 9.40505 -19.4908 -9.65469 -0.803084 -36.5309 -0.617314 -1.67264 6.23959 -0.0178427 -2.19176 -38.0664 -5.69911 -12.6434 23.8975 19.1529 0.734061 -9.31305 11.7736 1.01209e-14 3.77725e-16 -1.17205e-15 -8.70282 -3.96247 1.9152 4.58189 -22.3093 11.9774 0.803084 -36.5309 -0.617314 1.28168 4.78499 0.0300133 2.19176 -38.0664 -5.69911 7.65267 27.0811 -14.4989 -0.734061 -9.31305 11.7736 5.64156e-15 -8.34475e-16 -1.30108e-14 
51.1908 112.996 16.383 -10.0138 19.5831 8.08344 0 4.78511 -1.08482 1.85674 -9.52888 -0.266368 0 5.29195 1.00949 1.65402 -6.51012 0.259269 -9.66735e-18 5.64355 0.108362 1.351 0.868998 0.213144 -1.04072e-17 6.12977 -0.417886 1.04551 14.0408 0.274476 -1.85891e-17 7.16586 -1.41888 0.945807 20.6131 0.0878485 -2.38665e-17 8.94839 -0.861631 0.770142 22.6964 -0.551681 -2.73615e-17 9.94144 1.48576 0.264928 -2.00232 -0.347951 -1.21725e-17 4.50977 0.67399 -0.284471 2.8378 -5.59127 -1.70689e-17 4.54241 0.39741 3.03214 -14.6948 -2.53884 -1.89342e-17 4.5512 0.720839 6.39886 -27.2475 6.68786 1.16172 -7.16758 7.09827 11.8241 -10.9998 19.3332 12.2059 3.06167 -3.07978 -109.958 20.172 15.8194 27.5197 0.056351 0.129118 9.8075 -5.04898 -54.9887 22.8331 0.0467536 0.107129 6.07433 27.766 4.72308 -1.16172 -7.16756 7.09818 -20.5558 -5.57389 -17.7503 -12.2059 3.06167 -3.07978 119.582 21.8854 -29.3879 -27.5197 0.056351 0.129118 -11.8757 -10.0551 81.0442 -22.8331 0.0467534 0.107129 3.34415 31.0676 -16.2366 8.70282 -3.96247 1.9152 8.8084 -17.622 -8.56072 -0.803084 -36.5309 -0.617314 -1.27601 4.76388 -0.0301159 -2.19176 -38.0664 -5.69911 -11.6953 22.4974 18.6298 0.734061 -9.31305 11.7736 -4.10707e-15 -9.75585e-16 1.9287e-16 -8.70282 -3.96247 1.9152 4.79598 -20.5247 11.7084 0.803084 -36.5309 -0.617314 0.868481 3.24354 0.0320381 2.19176 -38.0664 -5.69911 7.81651 26.0313 -15.0251 -0.734061 -9.31305 11.7736 -1.55472e-15 -5.19964e-16 -1.27071e-14 
49.6598 116.115 16.0204 -9.94417 18.8902 8.16883 0 4.78511 -1.08482 1.39256 -7.62582 -0.304806 0 5.29195 1.00949 1.27889 -4.64859 0.211395 -9.66735e-18 5.64355 0.108362 1.07407 1.41252 0.11268 -1.04072e-17 6.12977 -0.417886 0.890168 11.6867 0.192333 -1.85891e-17 7.16586 -1.41888 0.899948 16.7546 0.0133834 -2.38665e-17 8.94839 -0.861631 0.826304 18.6181 -0.535287 -2.73615e-17 9.94144 1.48576 0.155442 -1.29609 -0.313209 -1.21725e-17 4.50977 0.67399 0.386595 5.57899 -5.47494 -1.70689e-17 4.54241 0.39741 4.11526 -14.3976 -2.38622 -1.89342e-17 4.5512 0.720839 5.56278 -25.3355 7.49814 1.16172 -7.16758 7.09827 10.8891 -8.54836 16.341 12.2059 3.06167 -3.07978 -110.386 13.9962 12.6907 27.5197 0.056351 0.129118 9.23313 -4.30424 -50.506 22.8331 0.0467536 0.107129 6.98608 31.4008 5.17695 -1.16172 -7.16756 7.09818 -20.2498 -4.18709 -15.7997 -12.2059 3.06167 -3.07978 119.432 19.3485 -23.5501 -27.5197 0.056351 0.129118 -10.6135 -6.34938 62.2788 -22.8331 0.0467534 0.107129 -4.18167 32.8316 -4.94261 8.70282 -3.96247 1.9152 8.40239 -16.3518 -8.33579 -0.803084 -36.5309 -0.617314 -0.938013 3.50314 -0.0324767 -2.19176 -38.0664 -5.69911 -10.5626 21.5559 17.9556 0.734061 -9.31305 11.7736 -5.94576e-15 -1.05138e-15 2.68668e-16 -8.70282 -3.96247 1.9152 4.96837 -19.1482 11.9818 0.803084 -36.5309 -0.617314 0.477845 1.78441 0.0237067 2.19176 -38.0664 -5.69911 8.06122 25.3879 -15.4808 -0.734061 -9.31305 11.7736 1.52873e-15 -6.59509e-16 -1.28351e-14 
48.1977 117.958 15.6544 -9.88207 18.0843 8.29195 0 4.78511 -1.08482 1.58509 -5.8706 -0.198765 0 5.29195 1.00949 1.45787 -3.38587 0.442593 -9.66735e-18 5.64355 0.108362 1.17893 1.32184 0.265819 -1.04072e-17 6.12977 -0.417886 0.960761 9.43497 0.344278 -1.85891e-17 7.16586 -1.41888 0.950997 13.3899 0.116652 -2.38665e-17 8.94839 -0.861631 0.793447 14.8633 -0.327611 -2.73615e-17 9.94144 1.48576 0.125503 -0.669349 -0.290619 -1.21725e-17 4.50977 0.67399 1.1893 7.56872 -4.34166 -1.70689e-17 4.54241 0.39741 4.26055 -11.9492 -1.65282 -1.89342e-17 4.5512 0.720839 2.27869 -24.876 3.82147 1.16172 -7.16758 7.09827 14.5346 -5.53738 16.2539 12.2059 3.06167 -3.07978 -114.21 10.212 17.078 27.5197 0.056351 0.129118 9.01425 -4.04947 -48.9045 22.8331 0.0467536 0.107129 6.89884 33.4663 2.52082 -1.16172 -7.16756 7.09818 -25.4545 -1.35041 -15.8484 -12.2059 3.06167 -3.07978 122.957 18.7395 -25.0366 -27.5197 0.056351 0.129118 -10.0175 -5.35398 56.7517 -22.8331 0.0467534 0.107129 -5.91059 30.2263 -2.53548 8.70282 -3.96247 1.9152 8.011 -14.6991 -8.43682 -0.803084 -36.5309 -0.617314 -0.610408 2.27965 -0.0276491 -2.19176 -38.0664 -5.69911 -9.8985 21.1901 17.5401 0.734061 -9.31305 11.7736 -3.98755e-16 -8.0919e-16 2.64752e-17 -8.70282 -3.96247 1.9152 5.17687 -17.5167 11.7702 0.803084 -36.5309 -0.617314 0.105993 0.3956 0.00653974 2.19176 -38.0664 -5.69911 7.69696 25.2627 -15.306 -0.734061 -9.31305 11.7736 -2.473e-15 -4.84758e-16 -1.26603e-14 
46.9116 119.242 15.2003 -9.76478 17.1132 8.41402 0 4.78511 -1.08482 1.48004 -3.06008 -0.297515 0 5.29195 1.00949 1.34156 -1.08904 0.388526 -9.66735e-18 5.64355 0.108362 1.0778 2.08584 0.178563 -1.04072e-17 6.12977 -0.417886 0.904281 7.43778 0.240574 -1.85891e-17 7.16586 -1.41888 0.877269 10.052 -0.00455634 -2.38665e-17 8.94839 -0.861631 0.639511 10.9476 -0.356441 -2.73615e-17 9.94144 1.48576 0.118826 -0.17963 -0.262169 -1.21725e-17 4.50977 0.67399 1.34992 6.0309 -3.08989 -1.70689e-17 4.54241 0.39741 4.1331 -11.8377 -0.88439 -1.89342e-17 4.5512 0.720839 1.024 -20.692 1.86346 1.16172 -7.16758 7.09827 12.3607 -2.99601 13.9392 12.2059 3.06167 -3.07978 -115.781 7.78797 19.5881 27.5197 0.056351 0.129118 9.52681 -4.67005 -52.7419 22.8331 0.0467536 0.107129 9.26646 34.7211 4.32248 -1.16172 -7.16756 7.09818 -26.2676 0.557625 -14.6966 -12.2059 3.06167 -3.07978 123.785 19.1544 -24.4644 -27.5197 0.056351 0.129118 -10.334 -5.85548 59.5761 -22.8331 0.0467534 0.107129 -2.31227 29.8915 -8.78364 8.70282 -3.96247 1.9152 7.77945 -13.4892 -8.71914 -0.803084 -36.5309 -0.617314 -0.374499 1.39834 -0.019838 -2.19176 -38.0664 -5.69911 -9.31461 20.9173 17.2033 0.734061 -9.31305 11.7736 8.55616e-17 -7.43734e-16 -4.06076e-17 -8.70282 -3.96247 1.9152 5.19819 -16.3659 11.0383 0.803084 -36.5309 -0.617314 -0.131614 -0.490956 -0.0091333 2.19176 -38.0664 -5.69911 8.58251 25.1151 -16.0423 -0.734061 -9.31305 11.7736 -5.70079e-15 -3.47211e-16 -1.25228e-14 
45.6064 119.592 14.8508 -9.61789 16.0815 8.55358 0 4.78511 -1.08482 1.66708 2.07066 -0.106823 0 5.29195 1.00949 1.50833 2.4392 0.654711 -9.66735e-18 5.64355 0.108362 1.21812 2.67845 0.375919 -1.04072e-17 6.12977 -0.417886 1.0499 2.99372 0.392068 -1.85891e-17 7.16586 -1.41888 0.964287 3.63357 0.0866631 -2.38665e-17 8.94839 -0.861631 0.642171 3.39106 -0.221486 -2.73615e-17 9.94144 1.48576 0.0912054 0.757751 -0.147497 -1.21725e-17 4.50977 0.67399 1.80372 2.88313 -2.31741 -1.70689e-17 4.54241 0.39741 4.04773 -6.65592 -0.279532 -1.89342e-17 4.5512 0.720839 -2.06078 -14.6615 -1.64915 1.16172 -7.16758 7.09827 12.9513 2.65318 12.5408 12.2059 3.06167 -3.07978 -116.834 5.33984 26.9708 27.5197 0.056351 0.129118 9.62696 -4.80172 -53.5301 22.8331 0.0467536 0.107129 11.377 34.4628 0.10799 -1.16172 -7.16756 7.09818 -31.0038 6.52384 -14.2503 -12.2059 3.06167 -3.07978 127.356 20.6603 -30.8083 -27.5197 0.056351 0.129118 -10.3088 -5.81355 59.3433 -22.8331 0.0467534 0.107129 -3.49547 27.8155 -7.05397 8.70282 -3.96247 1.9152 7.51239 -11.7943 -7.93828 -0.803084 -36.5309 -0.617314 -0.10284 0.383831 -0.00635525 -2.19176 -38.0664 -5.69911 -9.17585 21.1057 17.0375 0.734061 -9.31305 11.7736 1.10795e-14 4.17676e-16 -1.22361e-15 -8.70282 -3.96247 1.9152 5.21512 -14.8971 10.9409 0.803084 -36.5309 -0.617314 -0.363097 -1.35351 -0.0279168 2.19176 -38.0664 -5.69911 8.81824 25.441 -16.1753 -0.734061 -9.31305 11.7736 5.34283e-15 -7.65549e-16 -1.29395e-14 
44.3972 119.71 14.3335 -9.42691 15.0128 8.73238 0 4.78511 -1.08482 1.72833 7.40362 0.0613244 0 5.29195 1.00949 1.49469 5.87704 0.87337 -9.66735e-18 5.64355 0.108362 1.20157 3.71872 0.586695 -1.04072e-17 6.12977 -0.417886 1.04815 -0.898071 0.560532 -1.85891e-17 7.16586 -1.41888 0.919416 -1.84667 0.257981 -2.38665e-17 8.94839 -0.861631 0.58929 -3.36695 0.00353923 -2.73615e-17 9.94144 1.48576 0.0978124 1.64785 -0.0342467 -1.21725e-17 4.50977 0.67399 1.95002 1.3404 -2.03216 -1.70689e-17 4.54241 0.39741 3.63954 -4.57954 -0.0130279 -1.89342e-17 4.5512 0.720839 -2.80768 -9.61302 -3.70974 1.16172 -7.16758 7.09827 13.1977 7.69049 10.2005 12.2059 3.06167 -3.07978 -119.111 4.11732 29.8657 27.5197 0.056351 0.129118 9.97884 -5.2964 -56.4222 22.8331 0.0467536 0.107129 12.7152 34.8168 1.02637 -1.16172 -7.16756 7.09818 -33.425 10.9494 -13.6441 -12.2059 3.06167 -3.07978 128.087 20.4343 -31.9294 -27.5197 0.056351 0.129118 -10.195 -5.62844 58.3084 -22.8331 0.0467534 0.107129 -2.15479 27.8219 -7.15418 8.70282 -3.96247 1.9152 7.34761 -10.8 -8.12535 -0.803084 -36.5309 -0.617314 0.0482299 -0.179949 0.00321678 -2.19176 -38.0664 -5.69911 -8.72245 21.3344 16.6957 0.734061 -9.31305 11.7736 -5.89369e-15 -1.04976e-15 2.67041e-16 -8.70282 -3.96247 1.9152 5.17088 -14.1021 10.4826 0.803084 -36.5309 -0.617314 -0.446048 -1.66225 -0.0354895 2.19176 -38.0664 -5.69911 9.16229 25.7355 -16.4105 -0.734061 -9.31305 11.7736 -1.13561e-14 6.40053e-16 -1.15131e-14 
43.0821 119.256 13.7321 -9.14215 13.9199 8.98951 0 4.78511 -1.08482 1.92602 10.7292 0.485114 0 5.29195 1.00949 1.49375 7.78598 1.55845 -9.66735e-18 5.64355 0.108362 1.13764 4.03332 1.22819 -1.04072e-17 6.12977 -0.417886 1.02278 -4.07222 1.13908 -1.85891e-17 7.16586 -1.41888 0.916247 -5.53227 0.842873 -2.38665e-17 8.94839 -0.861631 0.688019 -8.04813 0.616931 -2.73615e-17 9.94144 1.48576 0.169663 2.48425 0.0348174 -1.21725e-17 4.50977 0.67399 2.57253 2.32345 -2.79505 -1.70689e-17 4.54241 0.39741 2.57839 -1.508 -0.225602 -1.89342e-17 4.5512 0.720839 -3.75976 -8.46212 -6.9241 1.16172 -7.16758 7.09827 21.782 12.6232 8.85721 12.2059 3.06167 -3.07978 -124.069 4.97139 32.9851 27.5197 0.056351 0.129118 10.1223 -5.51424 -57.6645 22.8331 0.0467536 0.107129 8.0302 35.2364 1.98607 -1.16172 -7.16756 7.09818 -41.4837 15.1622 -13.483 -12.2059 3.06167 -3.07978 131.887 22.3964 -34.367 -27.5197 0.056351 0.129118 -10.0722 -5.43688 57.2248 -22.8331 0.0467534 0.107129 -0.220191 23.3684 -7.86033 8.70282 -3.96247 1.9152 7.09946 -9.57197 -8.26556 -0.803084 -36.5309 -0.617314 0.175118 -0.65316 0.0123996 -2.19176 -38.0664 -5.69911 -8.03804 21.9905 16.0679 0.734061 -9.31305 11.7736 4.48451e-16 -7.81088e-16 -1.6271e-18 -8.70282 -3.96247 1.9152 5.0367 -12.9944 10.3918 0.803084 -36.5309 -0.617314 -0.559028 -2.08241 -0.0465161 2.19176 -38.0664 -5.69911 9.28843 26.2205 -16.4442 -0.734061 -9.31305 11.7736 -2.15353e-15 -4.93928e-16 -1.26811e-14 
42.1216 118.505 13.0147 -8.79795 12.7889 9.177 0 4.78511 -1.08482 1.96451 14.3954 0.631634 0 5.29195 1.00949 1.3631 9.92909 1.89711 -9.66735e-18 5.64355 0.108362 0.987971 4.73195 1.56599 -1.04072e-17 6.12977 -0.417886 0.942592 -6.96599 1.44972 -1.85891e-17 7.16586 -1.41888 0.85474 -8.96233 1.16348 -2.38665e-17 8.94839 -0.861631 0.707453 -12.4437 0.944164 -2.73615e-17 9.94144 1.48576 0.237429 3.28833 0.09509 -1.21725e-17 4.50977 0.67399 2.92985 3.19868 -3.51756 -1.70689e-17 4.54241 0.39741 1.75572 -0.725103 -0.401885 -1.89342e-17 4.5512 0.720839 -3.80536 -6.31898 -8.12951 1.16172 -7.16758 7.09827 27.2503 16.564 7.01527 12.2059 3.06167 -3.07978 -127.412 5.7476 33.8696 27.5197 0.056351 0.129118 10.4388 -6.03444 -60.5642 22.8331 0.0467536 0.107129 3.70903 34.854 5.72659 -1.16172 -7.16756 7.09818 -46.2029 18.1158 -13.0198 -12.2059 3.06167 -3.07978 133.773 23.2511 -34.416 -27.5197 0.056351 0.129118 -10.1822 -5.60818 58.1943 -22.8331 0.0467534 0.107129 3.39043 21.9951 -11.5579 8.70282 -3.96247 1.9152 6.89159 -8.6871 -8.96936 -0.803084 -36.5309 -0.617314 0.26289 -0.980285 0.0193611 -2.19176 -38.0664 -5.69911 -7.30504 22.5787 15.4728 0.734061 -9.31305 11.7736 1.00222e-15 -7.50545e-16 -3.217e-17 -8.70282 -3.96247 1.9152 4.828 -12.3051 10.0308 0.803084 -36.5309 -0.617314 -0.576392 -2.14695 -0.0482837 2.19176 -38.0664 -5.69911 9.60654 26.6516 -16.6256 -0.734061 -9.31305 11.7736 -7.06866e-15 -2.85532e-16 -1.24611e-14 
41.0656 117.587 12.1795 -8.4734 11.6541 9.34884 0 4.78511 -1.08482 2.29272 16.2003 0.838128 0 5.29195 1.00949 1.48922 10.9651 2.44717 -9.66735e-18 5.64355 0.108362 1.05577 4.9541 2.06518 -1.04072e-17 6.12977 -0.417886 1.07054 -8.9141 1.92211 -1.85891e-17 7.16586 -1.41888 0.96518 -10.8687 1.58131 -2.38665e-17 8.94839 -0.861631 0.852279 -14.893 1.35502 -2.73615e-17 9.94144 1.48576 0.291761 3.84257 0.136962 -1.21725e-17 4.50977 0.67399 3.54024 2.96287 -4.54351 -1.70689e-17 4.54241 0.39741 0.60196 1.94824 -0.716428 -1.89342e-17 4.5512 0.720839 -5.09877 -5.50635 -9.69154 1.16172 -7.16758 7.09827 34.4907 19.8178 5.17643 12.2059 3.06167 -3.07978 -131.736 6.09055 36.5169 27.5197 0.056351 0.129118 10.6326 -6.38528 -62.473 22.8331 0.0467536 0.107129 -0.71563 34.3988 6.23174 -1.16172 -7.16756 7.09818 -51.6378 20.4009 -12.3426 -12.2059 3.06167 -3.07978 137.162 25.1725 -36.2565 -27.5197 0.056351 0.129118 -10.2161 -5.66235 58.4986 -22.8331 0.0467534 0.107129 3.398 19.4469 -13.4471 8.70282 -3.96247 1.9152 6.63058 -7.5187 -8.7809 -0.803084 -36.5309 -0.617314 0.372831 -1.38975 0.028783 -2.19176 -38.0664 -5.69911 -6.50295 23.4089 14.7463 0.734061 -9.31305 11.7736 3.42074e-15 -6.53372e-16 -1.29343e-16 -8.70282 -3.96247 1.9152 4.63201 -11.1357 10.1329 0.803084 -36.5309 -0.617314 -0.727376 -2.70763 -0.0644676 2.19176 -38.0664 -5.69911 9.71905 27.2877 -16.6352 -0.734061 -9.31305 11.7736 -2.82557e-15 -4.66198e-16 -1.26426e-14 
40.2234 116.418 11.2252 -8.22583 10.5231 9.57566 0 4.78511 -1.08482 2.45684 18.1369 0.847608 0 5.29195 1.00949 1.52136 12.0844 2.64999 -9.66735e-18 5.64355 0.108362 1.06967 5.40996 2.24278 -1.04072e-17 6.12977 -0.417886 1.13888 -10.521 2.09196 -1.85891e-17 7.16586 -1.41888 1.00856 -12.5803 1.7255 -2.38665e-17 8.94839 -0.861631 0.907874 -17.0365 1.50153 -2.73615e-17 9.94144 1.48576 0.329194 4.28214 0.163972 -1.21725e-17 4.50977 0.67399 3.96403 2.59573 -4.99536 -1.70689e-17 4.54241 0.39741 -0.119873 2.90978 -0.794747 -1.89342e-17 4.5512 0.720839 -5.66299 -3.76976 -10.1337 1.16172 -7.16758 7.09827 37.9107 22.262 3.52385 12.2059 3.06167 -3.07978 -133.694 6.43044 38.0145 27.5197 0.056351 0.129118 10.8871 -6.89291 -65.1776 22.8331 0.0467536 0.107129 -3.03958 32.5914 7.65007 -1.16172 -7.16756 7.09818 -54.2427 21.8983 -11.9288 -12.2059 3.06167 -3.07978 139.17 26.3392 -36.8086 -27.5197 0.056351 0.129118 -10.3821 -5.9368 60.0259 -22.8331 0.0467534 0.107129 4.09115 18.6134 -16.4701 8.70282 -3.96247 1.9152 6.56505 -6.66205 -9.59989 -0.803084 -36.5309 -0.617314 0.41548 -1.5485 0.0326478 -2.19176 -38.0664 -5.69911 -5.91061 24.0493 14.2439 0.734061 -9.31305 11.7736 2.99316e-16 -7.80646e-16 -2.06875e-18 -8.70282 -3.96247 1.9152 4.52858 -10.1206 9.88241 0.803084 -36.5309 -0.617314 -0.878733 -3.26878 -0.0821563 2.19176 -38.0664 -5.69911 9.93716 27.8898 -16.7269 -0.734061 -9.31305 11.7736 -7.26522e-16 -5.54201e-16 -1.27414e-14 
39.2898 115.141 10.0996 -8.06948 9.55147 9.72023 0 4.78511 -1.08482 2.79569 18.8655 0.930257 0 5.29195 1.00949 1.7271 12.5007 2.98841 -9.66735e-18 5.64355 0.108362 1.22043 5.51705 2.53963 -1.04072e-17 6.12977 -0.417886 1.32263 -11.532 2.3785 -1.85891e-17 7.16586 -1.41888 1.12633 -13.4437 1.95001 -2.38665e-17 8.94839 -0.861631 1.02833 -18.0911 1.73858 -2.73615e-17 9.94144 1.48576 0.366833 4.55984 0.195951 -1.21725e-17 4.50977 0.67399 4.45025 1.63145 -5.99531 -1.70689e-17 4.54241 0.39741 -1.08783 4.91882 -1.11752 -1.89342e-17 4.5512 0.720839 -6.76042 -2.87131 -10.2307 1.16172 -7.16758 7.09827 41.6918 24.0202 1.98149 12.2059 3.06167 -3.07978 -136.312 6.70227 40.0874 27.5197 0.056351 0.129118 11.0544 -7.2633 -67.114 22.8331 0.0467536 0.107129 -5.14863 31.3208 8.09919 -1.16172 -7.16756 7.09818 -57.1303 22.9384 -11.3121 -12.2059 3.06167 -3.07978 141.847 28.4647 -38.5198 -27.5197 0.056351 0.129118 -10.4665 -6.08302 60.8298 -22.8331 0.0467534 0.107129 2.50404 16.3505 -18.1668 8.70282 -3.96247 1.9152 6.54122 -5.86172 -9.66466 -0.803084 -36.5309 -0.617314 0.429558 -1.6009 0.0339494 -2.19176 -38.0664 -5.69911 -5.31384 24.6854 13.6984 0.734061 -9.31305 11.7736 -6.76693e-15 -1.09028e-15 3.07568e-16 -8.70282 -3.96247 1.9152 4.49271 -9.27114 10.0393 0.803084 -36.5309 -0.617314 -0.993983 -3.69538 -0.0966057 2.19176 -38.0664 -5.69911 9.76753 28.672 -16.5589 -0.734061 -9.31305 11.7736 -2.55817e-15 -4.85351e-16 -1.26609e-14 
38.6234 113.777 8.80495 -7.9049 8.60836 9.81286 0 4.78511 -1.08482 2.90565 20.0395 0.915632 0 5.29195 1.00949 1.75221 13.1647 3.05453 -9.66735e-18 5.64355 0.108362 1.23329 5.88594 2.58869 -1.04072e-17 6.12977 -0.417886 1.36968 -12.3497 2.42206 -1.85891e-17 7.16586 -1.41888 1.1634 -14.3589 1.99175 -2.38665e-17 8.94839 -0.861631 1.09118 -19.1794 1.78479 -2.73615e-17 9.94144 1.48576 0.397654 4.77955 0.214415 -1.21725e-17 4.50977 0.67399 4.78467 1.00878 -6.53918 -1.70689e-17 4.54241 0.39741 -1.59551 5.36032 -1.26223 -1.89342e-17 4.5512 0.720839 -7.07108 -1.66161 -9.60937 1.16172 -7.16758 7.09827 43.0746 25.3175 0.825775 12.2059 3.06167 -3.07978 -136.714 7.32909 41.0091 27.5197 0.056351 0.129118 11.2028 -7.62282 -68.9675 22.8331 0.0467536 0.107129 -5.66514 28.4827 8.41392 -1.16172 -7.16756 7.09818 -58.2748 23.649 -11.0632 -12.2059 3.06167 -3.07978 143.447 29.993 -39.3237 -27.5197 0.056351 0.129118 -10.6617 -6.44034 62.7685 -22.8331 0.0467534 0.107129 2.31247 15.5233 -20.5331 8.70282 -3.96247 1.9152 6.57495 -5.19661 -9.94985 -0.803084 -36.5309 -0.617314 0.469364 -1.749 0.0376984 -2.19176 -38.0664 -5.69911 -5.10246 25.2024 13.4737 0.734061 -9.31305 11.7736 -2.18373e-15 -9.47783e-16 1.66696e-16 -8.70282 -3.96247 1.9152 4.4879 -8.75364 9.77415 0.803084 -36.5309 -0.617314 -1.01797 -3.78408 -0.0997193 2.19176 -38.0664 -5.69911 9.51421 29.3172 -16.3706 -0.734061 -9.31305 11.7736 -2.21266e-15 -4.96148e-16 -1.26717e-14 
37.9098 112.434 7.39193 -7.70496 7.6608 9.93094 0 4.78511 -1.08482 3.08956 20.3077 1.07695 0 5.29195 1.00949 1.8676 13.3051 3.34082 -9.66735e-18 5.64355 0.108362 1.3087 5.93461 2.85958 -1.04072e-17 6.12977 -0.417886 1.46353 -12.7728 2.68188 -1.85891e-17 7.16586 -1.41888 1.22569 -14.7018 2.2182 -2.38665e-17 8.94839 -0.861631 1.19748 -19.5284 2.01738 -2.73615e-17 9.94144 1.48576 0.4205 4.90373 0.243107 -1.21725e-17 4.50977 0.67399 4.86522 0.268064 -7.85125 -1.70689e-17 4.54241 0.39741 -2.35635 6.50423 -1.7764 -1.89342e-17 4.5512 0.720839 -7.50463 -0.905066 -9.1578 1.16172 -7.16758 7.09827 45.2553 25.9949 -0.365371 12.2059 3.06167 -3.07978 -138.19 7.2685 42.201 27.5197 0.056351 0.129118 11.3147 -7.91833 -70.474 22.8331 0.0467536 0.107129 -7.05682 27.2662 8.78109 -1.16172 -7.16756 7.09818 -59.3112 23.9218 -10.7304 -12.2059 3.06167 -3.07978 144.433 31.3845 -40.0458 -27.5197 0.056351 0.129118 -10.7376 -6.58766 63.5579 -22.8331 0.0467534 0.107129 1.03924 13.6215 -22.1927 8.70282 -3.96247 1.9152 6.50367 -4.49823 -9.81354 -0.803084 -36.5309 -0.617314 0.471147 -1.75563 0.0378687 -2.19176 -38.0664 -5.69911 -4.87648 25.7509 13.1826 0.734061 -9.31305 11.7736 -1.01291e-14 -1.9729e-15 1.21341e-15 -8.70282 -3.96247 1.9152 4.38859 -8.24277 9.48634 0.803084 -36.5309 -0.617314 -0.995619 -3.70143 -0.0968168 2.19176 -38.0664 -5.69911 8.97587 29.9646 -16.0171 -0.734061 -9.31305 11.7736 -2.08957e-15 -5.0569e-16 -1.26813e-14 
37.1445 110.969 5.92633 -7.46879 6.90085 10.0111 0 4.78511 -1.08482 3.04042 20.7533 1.11861 0 5.29195 1.00949 1.78376 13.5324 3.39057 -9.66735e-18 5.64355 0.108362 1.23327 6.10831 2.89639 -1.04072e-17 6.12977 -0.417886 1.41883 -13.0529 2.70399 -1.85891e-17 7.16586 -1.41888 1.22 -15.0168 2.25915 -2.38665e-17 8.94839 -0.861631 1.2504 -19.8236 2.06524 -2.73615e-17 9.94144 1.48576 0.446481 4.97289 0.257033 -1.21725e-17 4.50977 0.67399 4.93063 -0.267104 -8.44333 -1.70689e-17 4.54241 0.39741 -2.64232 6.78167 -1.9692 -1.89342e-17 4.5512 0.720839 -7.28361 0.105702 -8.72669 1.16172 -7.16758 7.09827 45.7648 26.5462 -1.13696 12.2059 3.06167 -3.07978 -138.05 7.80125 43.132 27.5197 0.056351 0.129118 11.3993 -8.15863 -71.689 22.8331 0.0467536 0.107129 -6.55948 24.4272 8.13526 -1.16172 -7.16756 7.09818 -59.4648 24.1921 -10.6744 -12.2059 3.06167 -3.07978 145.358 32.7462 -40.953 -27.5197 0.056351 0.129118 -10.8619 -6.83998 64.8975 -22.8331 0.0467534 0.107129 0.0864786 12.4153 -23.2191 8.70282 -3.96247 1.9152 6.50204 -4.02021 -10.2121 -0.803084 -36.5309 -0.617314 0.469312 -1.7488 0.0376934 -2.19176 -38.0664 -5.69911 -4.87599 26.2549 13.0816 0.734061 -9.31305 11.7736 2.12395e-15 -7.07947e-16 -7.47673e-17 -8.70282 -3.96247 1.9152 4.35586 -8.03406 9.00286 0.803084 -36.5309 -0.617314 -0.931265 -3.4633 -0.0886375 2.19176 -38.0664 -5.69911 8.4414 30.5726 -15.6709 -0.734061 -9.31305 11.7736 4.42301e-15 -7.83974e-16 -1.29595e-14 
36.478 109.502 4.49074 -7.18596 6.29914 10.0645 0 4.78511 -1.08482 3.03184 20.6791 1.23005 0 5.29195 1.00949 1.74725 13.4755 3.54776 -9.66735e-18 5.64355 0.108362 1.17724 6.07901 3.04882 -1.04072e-17 6.12977 -0.417886 1.37076 -13.1521 2.84149 -1.85891e-17 7.16586 -1.41888 1.18719 -15.0319 2.39123 -2.38665e-17 8.94839 -0.861631 1.28513 -19.7559 2.21621 -2.73615e-17 9.94144 1.48576 0.465798 5.0056 0.274587 -1.21725e-17 4.50977 0.67399 4.77911 -0.71269 -9.60932 -1.70689e-17 4.54241 0.39741 -3.14811 7.44345 -2.42518 -1.89342e-17 4.5512 0.720839 -6.95614 0.672069 -8.12484 1.16172 -7.16758 7.09827 46.7754 26.7114 -1.80001 12.2059 3.06167 -3.07978 -138.77 8.02184 44.0651 27.5197 0.056351 0.129118 11.4711 -8.37661 -72.784 22.8331 0.0467536 0.107129 -6.69339 22.9059 7.98993 -1.16172 -7.16756 7.09818 -59.8137 24.1874 -10.5 -12.2059 3.06167 -3.07978 145.982 33.7538 -41.7642 -27.5197 0.056351 0.129118 -10.9442 -7.01576 65.822 -22.8331 0.0467534 0.107129 -1.08906 10.6312 -23.9829 8.70282 -3.96247 1.9152 6.38816 -3.75068 -10.0344 -0.803084 -36.5309 -0.617314 0.426568 -1.58977 0.0336718 -2.19176 -38.0664 -5.69911 -4.93355 26.7304 12.9824 0.734061 -9.31305 11.7736 -2.1452e-15 -8.90241e-16 1.07526e-16 -8.70282 -3.96247 1.9152 4.18484 -8.025 8.49011 0.803084 -36.5309 -0.617314 -0.840276 -3.12629 -0.0775232 2.19176 -38.0664 -5.69911 7.94519 31.1351 -15.3227 -0.734061 -9.31305 11.7736 -3.45743e-15 -4.44012e-16 -1.26196e-14 
35.7682 107.942 3.10669 -6.80498 5.71222 10.0093 0 4.78511 -1.08482 2.95695 20.6383 1.23467 0 5.29195 1.00949 1.65615 13.4545 3.54803 -9.66735e-18 5.64355 0.108362 1.09434 6.13756 3.03389 -1.04072e-17 6.12977 -0.417886 1.29828 -13.1004 2.7994 -1.85891e-17 7.16586 -1.41888 1.15632 -14.9467 2.37142 -2.38665e-17 8.94839 -0.861631 1.31295 -19.5528 2.23299 -2.73615e-17 9.94144 1.48576 0.50641 5.00521 0.278798 -1.21725e-17 4.50977 0.67399 4.78424 -1.26034 -10.0171 -1.70689e-17 4.54241 0.39741 -3.36912 7.74883 -2.53027 -1.89342e-17 4.5512 0.720839 -6.76671 1.37155 -7.73524 1.16172 -7.16758 7.09827 47.1741 26.9581 -2.23985 12.2059 3.06167 -3.07978 -139.069 8.65253 45.2759 27.5197 0.056351 0.129118 11.5516 -8.63927 -74.0952 22.8331 0.0467536 0.107129 -5.9592 20.6407 7.32351 -1.16172 -7.16756 7.09818 -59.992 24.1438 -10.4277 -12.2059 3.06167 -3.07978 146.933 34.8509 -43.1657 -27.5197 0.056351 0.129118 -11.1383 -7.46247 68.1427 -22.8331 0.0467534 0.107129 -1.83524 9.40808 -25.177 8.70282 -3.96247 1.9152 6.22526 -3.34579 -10.4295 -0.803084 -36.5309 -0.617314 0.43929 -1.63711 0.0348565 -2.19176 -38.0664 -5.69911 -5.11257 27.3162 12.9887 0.734061 -9.31305 11.7736 -4.56378e-15 -9.98213e-16 2.15499e-16 -8.70282 -3.96247 1.9152 3.99404 -7.77568 7.81514 0.803084 -36.5309 -0.617314 -0.856258 -3.18551 -0.0794371 2.19176 -38.0664 -5.69911 7.85031 31.6673 -15.2404 -0.734061 -9.31305 11.7736 -4.15559e-15 -4.15464e-16 -1.2591e-14 
35.076 106.406 1.68244 -6.42616 5.20169 9.90393 0 4.78511 -1.08482 2.91859 20.0876 1.35302 0 5.29195 1.00949 1.60266 13.1509 3.68884 -9.66735e-18 5.64355 0.108362 1.02485 6.02626 3.17794 -1.04072e-17 6.12977 -0.417886 1.21791 -12.8206 2.91705 -1.85891e-17 7.16586 -1.41888 1.09921 -14.5313 2.48737 -2.38665e-17 8.94839 -0.861631 1.31288 -18.8647 2.37646 -2.73615e-17 9.94144 1.48576 0.529774 4.96964 0.288855 -1.21725e-17 4.50977 0.67399 4.4288 -1.6642 -10.9634 -1.70689e-17 4.54241 0.39741 -3.68896 8.01008 -2.86501 -1.89342e-17 4.5512 0.720839 -6.36607 1.78816 -7.36752 1.16172 -7.16758 7.09827 47.1632 26.8696 -2.53098 12.2059 3.06167 -3.07978 -139.941 8.82103 46.665 27.5197 0.056351 0.129118 11.651 -8.9981 -75.8735 22.8331 0.0467536 0.107129 -5.28524 19.7818 7.11006 -1.16172 -7.16756 7.09818 -59.7757 23.8839 -10.4662 -12.2059 3.06167 -3.07978 147.175 35.3438 -44.4219 -27.5197 0.056351 0.129118 -11.3066 -7.89605 70.3599 -22.8331 0.0467534 0.107129 -2.82456 7.83456 -26.3174 8.70282 -3.96247 1.9152 6.01643 -3.06454 -10.1347 -0.803084 -36.5309 -0.617314 0.420997 -1.56904 0.0331564 -2.19176 -38.0664 -5.69911 -5.14916 27.8799 12.8565 0.734061 -9.31305 11.7736 -2.11917e-15 -8.88614e-16 1.059e-16 -8.70282 -3.96247 1.9152 3.72964 -7.6613 7.44081 0.803084 -36.5309 -0.617314 -0.84248 -3.13446 -0.0777862 2.19176 -38.0664 -5.69911 7.79494 32.2138 -15.1525 -0.734061 -9.31305 11.7736 1.60686e-15 -6.62764e-16 -1.28383e-14 
34.3267 104.839 0.244928 -6.01121 4.71589 9.68971 0 4.78511 -1.08482 2.80665 19.5693 1.42218 0 5.29195 1.00949 1.48369 12.8676 3.72876 -9.66735e-18 5.64355 0.108362 0.911608 5.99368 3.22282 -1.04072e-17 6.12977 -0.417886 1.09898 -12.3465 2.93371 -1.85891e-17 7.16586 -1.41888 1.03649 -14.0012 2.52393 -2.38665e-17 8.94839 -0.861631 1.30904 -18.0179 2.44063 -2.73615e-17 9.94144 1.48576 0.561655 4.9053 0.298598 -1.21725e-17 4.50977 0.67399 4.09029 -2.15256 -11.5338 -1.70689e-17 4.54241 0.39741 -3.80406 7.85481 -3.00622 -1.89342e-17 4.5512 0.720839 -5.79376 2.11974 -6.96874 1.16172 -7.16758 7.09827 46.29 26.7582 -2.53331 12.2059 3.06167 -3.07978 -140.215 9.43621 48.1426 27.5197 0.056351 0.129118 11.7263 -9.30375 -77.378 22.8331 0.0467536 0.107129 -3.49766 17.9393 6.02977 -1.16172 -7.16756 7.09818 -59.1758 23.7321 -10.6522 -12.2059 3.06167 -3.07978 147.708 35.9384 -46.4262 -27.5197 0.056351 0.129118 -11.4725 -8.38076 72.8037 -22.8331 0.0467534 0.107129 -4.34496 6.7269 -26.4706 8.70282 -3.96247 1.9152 5.80326 -2.77029 -9.89634 -0.803084 -36.5309 -0.617314 0.414785 -1.54592 0.0325839 -2.19176 -38.0664 -5.69911 -5.25063 28.5153 12.7773 0.734061 -9.31305 11.7736 -3.05023e-15 -8.74131e-16 8.97891e-17 -8.70282 -3.96247 1.9152 3.46531 -7.62309 7.29194 0.803084 -36.5309 -0.617314 -0.811134 -3.01828 -0.0740752 2.19176 -38.0664 -5.69911 7.85684 32.7298 -15.1323 -0.734061 -9.31305 11.7736 -1.09804e-15 -5.42591e-16 -1.27182e-14 
33.6364 103.299 -1.07027 -5.62359 4.46835 9.35779 0 4.78511 -1.08482 2.70365 18.8508 1.55111 0 5.29195 1.00949 1.37353 12.4599 3.86138 -9.66735e-18 5.64355 0.108362 0.797221 5.85655 3.3779 -1.04072e-17 6.12977 -0.417886 0.98454 -11.8338 3.07488 -1.85891e-17 7.16586 -1.41888 0.973713 -13.3777 2.66191 -2.38665e-17 8.94839 -0.861631 1.30908 -17.0584 2.5878 -2.73615e-17 9.94144 1.48576 0.589821 4.82947 0.319193 -1.21725e-17 4.50977 0.67399 3.61002 -2.55291 -12.3772 -1.70689e-17 4.54241 0.39741 -3.81416 7.71628 -3.2747 -1.89342e-17 4.5512 0.720839 -5.33771 2.16825 -6.5907 1.16172 -7.16758 7.09827 45.5929 26.5239 -2.46303 12.2059 3.06167 -3.07978 -140.853 9.86846 49.5791 27.5197 0.056351 0.129118 11.8084 -9.68491 -79.2431 22.8331 0.0467536 0.107129 -2.4139 16.6325 5.61722 -1.16172 -7.16756 7.09818 -58.6317 23.5591 -10.7767 -12.2059 3.06167 -3.07978 147.785 36.2405 -48.1986 -27.5197 0.056351 0.129118 -11.6047 -8.82545 75.0186 -22.8331 0.0467534 0.107129 -5.63592 5.55298 -26.5698 8.70282 -3.96247 1.9152 5.58512 -2.85409 -9.63506 -0.803084 -36.5309 -0.617314 0.347809 -1.29659 0.0265701 -2.19176 -38.0664 -5.69911 -5.35391 29.1195 12.6698 0.734061 -9.31305 11.7736 1.359e-14 4.73833e-16 -1.27814e-15 -8.70282 -3.96247 1.9152 3.13394 -8.02841 7.30254 0.803084 -36.5309 -0.617314 -0.694494 -2.5856 -0.0608185 2.19176 -38.0664 -5.69911 8.10716 33.1669 -15.1954 -0.734061 -9.31305 11.7736 -3.00066e-15 -4.65829e-16 -1.26422e-14 
33.0214 101.808 -2.25047 -5.27238 4.30503 8.92375 0 4.78511 -1.08482 2.58058 18.1816 1.5868 0 5.29195 1.00949 1.26256 12.0868 3.86105 -9.66735e-18 5.64355 0.108362 0.691403 5.76962 3.39127 -1.04072e-17 6.12977 -0.417886 0.855282 -11.2403 3.06355 -1.85891e-17 7.16586 -1.41888 0.888253 -12.7222 2.66751 -2.38665e-17 8.94839 -0.861631 1.26272 -16.0603 2.62772 -2.73615e-17 9.94144 1.48576 0.61112 4.74554 0.333251 -1.21725e-17 4.50977 0.67399 3.15873 -2.86304 -12.8225 -1.70689e-17 4.54241 0.39741 -3.75261 7.31322 -3.37649 -1.89342e-17 4.5512 0.720839 -4.65111 2.09289 -5.91524 1.16172 -7.16758 7.09827 44.2643 26.3443 -2.24359 12.2059 3.06167 -3.07978 -141.182 10.568 51.1528 27.5197 0.056351 0.129118 11.8957 -10.1805 -81.6529 22.8331 0.0467536 0.107129 -0.586879 14.3168 5.40612 -1.16172 -7.16756 7.09818 -57.7756 23.3401 -10.9546 -12.2059 3.06167 -3.07978 148.054 36.6883 -50.177 -27.5197 0.056351 0.129118 -11.7484 -9.40046 77.8514 -22.8331 0.0467534 0.107129 -6.6595 5.19963 -26.8048 8.70282 -3.96247 1.9152 5.38071 -2.99641 -9.38895 -0.803084 -36.5309 -0.617314 0.291568 -1.08713 0.0217436 -2.19176 -38.0664 -5.69911 -5.45515 29.7661 12.5643 0.734061 -9.31305 11.7736 -1.27749e-14 -2.0837e-15 1.3242e-15 -8.70282 -3.96247 1.9152 2.83972 -8.59137 7.60147 0.803084 -36.5309 -0.617314 -0.550731 -2.05157 -0.0456785 2.19176 -38.0664 -5.69911 8.40729 33.5852 -15.2772 -0.734061 -9.31305 11.7736 -8.89325e-15 -2.01225e-16 -1.23892e-14 
32.5087 100.479 -3.33013 -4.89464 4.04191 8.46146 0 4.78511 -1.08482 2.41782 17.4574 1.62936 0 5.29195 1.00949 1.11761 11.6986 3.85835 -9.66735e-18 5.64355 0.108362 0.559735 5.68213 3.40771 -1.04072e-17 6.12977 -0.417886 0.702317 -10.515 3.06365 -1.85891e-17 7.16586 -1.41888 0.790701 -11.9743 2.69061 -2.38665e-17 8.94839 -0.861631 1.1929 -14.9852 2.66904 -2.73615e-17 9.94144 1.48576 0.611302 4.6498 0.341455 -1.21725e-17 4.50977 0.67399 2.7147 -2.7834 -13.0583 -1.70689e-17 4.54241 0.39741 -3.58102 6.81256 -3.43554 -1.89342e-17 4.5512 0.720839 -3.8168 1.66303 -5.49475 1.16172 -7.16758 7.09827 42.783 25.9899 -1.73806 12.2059 3.06167 -3.07978 -141.128 11.0143 52.3932 27.5197 0.056351 0.129118 11.9517 -10.5903 -83.6362 22.8331 0.0467536 0.107129 1.09519 12.2861 5.08063 -1.16172 -7.16756 7.09818 -56.8003 23.0401 -11.2158 -12.2059 3.06167 -3.07978 147.956 36.6947 -51.7171 -27.5197 0.056351 0.129118 -11.8426 -9.86517 80.1204 -22.8331 0.0467534 0.107129 -7.43215 4.91785 -26.5117 8.70282 -3.96247 1.9152 5.15054 -3.0614 -9.05478 -0.803084 -36.5309 -0.617314 0.22996 -0.857576 0.0166909 -2.19176 -38.0664 -5.69911 -5.65201 30.3433 12.5512 0.734061 -9.31305 11.7736 -2.86089e-15 -8.70654e-16 8.63125e-17 -8.70282 -3.96247 1.9152 2.5192 -9.12695 8.30942 0.803084 -36.5309 -0.617314 -0.374395 -1.39558 -0.0289221 2.19176 -38.0664 -5.69911 8.82115 33.9427 -15.4109 -0.734061 -9.31305 11.7736 -7.26519e-15 -2.74287e-16 -1.24615e-14 
32.0491 99.1566 -4.3432 -4.53004 3.68591 7.96862 0 4.78511 -1.08482 2.34022 16.8121 1.59756 0 5.29195 1.00949 1.04736 11.3896 3.8007 -9.66735e-18 5.64355 0.108362 0.498616 5.663 3.36501 -1.04072e-17 6.12977 -0.417886 0.614394 -9.72479 3.01195 -1.85891e-17 7.16586 -1.41888 0.732855 -11.1912 2.65304 -2.38665e-17 8.94839 -0.861631 1.12693 -13.9297 2.65406 -2.73615e-17 9.94144 1.48576 0.616164 4.54427 0.349873 -1.21725e-17 4.50977 0.67399 2.41409 -2.80344 -12.8149 -1.70689e-17 4.54241 0.39741 -3.33523 6.28719 -3.30017 -1.89342e-17 4.5512 0.720839 -3.38314 0.895909 -5.22443 1.16172 -7.16758 7.09827 41.5048 25.6467 -1.00233 12.2059 3.06167 -3.07978 -141.201 11.4665 53.4663 27.5197 0.056351 0.129118 11.9811 -10.8659 -84.967 22.8331 0.0467536 0.107129 2.50811 9.94802 4.48133 -1.16172 -7.16756 7.09818 -56.1344 22.7895 -11.4042 -12.2059 3.06167 -3.07978 148.022 36.649 -53.396 -27.5197 0.056351 0.129118 -11.8991 -10.2025 81.759 -22.8331 0.0467534 0.107129 -8.42105 4.64784 -25.177 8.70282 -3.96247 1.9152 4.9446 -3.04961 -8.63155 -0.803084 -36.5309 -0.617314 0.170868 -0.637318 0.0120752 -2.19176 -38.0664 -5.69911 -5.82181 30.957 12.4984 0.734061 -9.31305 11.7736 1.17636e-14 4.4232e-16 -1.24826e-15 -8.70282 -3.96247 1.9152 2.219 -9.61794 9.15976 0.803084 -36.5309 -0.617314 -0.192333 -0.717335 -0.0137252 2.19176 -38.0664 -5.69911 9.36908 34.3276 -15.6435 -0.734061 -9.31305 11.7736 5.15896e-15 -8.11039e-16 -1.29866e-14 
31.6099 97.8555 -5.32214 -4.36846 3.56982 7.50946 0 4.78511 -1.08482 2.36582 16.0688 1.55471 0 5.29195 1.00949 1.07029 11.0277 3.77029 -9.66735e-18 5.64355 0.108362 0.515705 5.60827 3.35255 -1.04072e-17 6.12977 -0.417886 0.598771 -8.93026 2.99476 -1.85891e-17 7.16586 -1.41888 0.718664 -10.3414 2.62865 -2.38665e-17 8.94839 -0.861631 1.0804 -12.8033 2.64969 -2.73615e-17 9.94144 1.48576 0.629953 4.41595 0.360275 -1.21725e-17 4.50977 0.67399 2.13563 -3.07976 -12.5999 -1.70689e-17 4.54241 0.39741 -3.04984 5.73698 -3.17803 -1.89342e-17 4.5512 0.720839 -3.33005 -0.141101 -4.9243 1.16172 -7.16758 7.09827 40.4777 25.3734 -0.270498 12.2059 3.06167 -3.07978 -141.835 11.9214 54.7469 27.5197 0.056351 0.129118 12.009 -11.2144 -86.6465 22.8331 0.0467536 0.107129 3.5379 7.74636 4.1696 -1.16172 -7.16756 7.09818 -55.661 22.5459 -11.5729 -12.2059 3.06167 -3.07978 148.06 36.7087 -55.0457 -27.5197 0.056351 0.129118 -11.9525 -10.5969 83.6674 -22.8331 0.0467534 0.107129 -9.48376 4.14193 -24.0472 8.70282 -3.96247 1.9152 4.9452 -3.43109 -8.00305 -0.803084 -36.5309 -0.617314 0.0900004 -0.335762 0.00612457 -2.19176 -38.0664 -5.69911 -6.05073 31.5676 12.472 0.734061 -9.31305 11.7736 -1.09691e-15 -8.49348e-16 6.66333e-17 -8.70282 -3.96247 1.9152 2.08983 -10.4104 10.0485 0.803084 -36.5309 -0.617314 -0.0147149 -0.0549064 -0.000964945 2.19176 -38.0664 -5.69911 10.1381 34.7419 -16.0349 -0.734061 -9.31305 11.7736 1.71811e-15 -6.62987e-16 -1.28394e-14 
31.262 96.7662 -6.39669 -4.3973 3.52605 7.2225 0 4.78511 -1.08482 2.45127 15.3618 1.42748 0 5.29195 1.00949 1.16206 10.7096 3.64554 -9.66735e-18 5.64355 0.108362 0.592724 5.59568 3.23777 -1.04072e-17 6.12977 -0.417886 0.616747 -8.10589 2.87086 -1.85891e-17 7.16586 -1.41888 0.701844 -9.48602 2.50109 -2.38665e-17 8.94839 -0.861631 0.994395 -11.6611 2.56646 -2.73615e-17 9.94144 1.48576 0.640026 4.29787 0.365153 -1.21725e-17 4.50977 0.67399 1.87193 -3.31485 -12.2939 -1.70689e-17 4.54241 0.39741 -2.76099 4.9837 -3.02088 -1.89342e-17 4.5512 0.720839 -3.13733 -1.38047 -4.34998 1.16172 -7.16758 7.09827 38.9407 25.1777 0.585953 12.2059 3.06167 -3.07978 -142.455 12.5022 56.0111 27.5197 0.056351 0.129118 12.0307 -11.7116 -89.0417 22.8331 0.0467536 0.107129 4.86471 5.42951 4.50658 -1.16172 -7.16756 7.09818 -55.0913 22.2014 -11.7425 -12.2059 3.06167 -3.07978 148.251 36.871 -56.7151 -27.5197 0.056351 0.129118 -12.0071 -11.1855 86.5068 -22.8331 0.0467534 0.107129 -10.2573 4.27093 -23.5716 8.70282 -3.96247 1.9152 5.07489 -4.05548 -7.56918 -0.803084 -36.5309 -0.617314 0.0104958 -0.039164 0.000687199 -2.19176 -38.0664 -5.69911 -6.35803 32.1606 12.5245 0.734061 -9.31305 11.7736 4.99216e-15 -5.85111e-16 -1.98417e-16 -8.70282 -3.96247 1.9152 2.13499 -11.2946 10.7907 0.803084 -36.5309 -0.617314 0.137772 0.514242 0.00835825 2.19176 -38.0664 -5.69911 10.7685 35.1319 -16.3483 -0.734061 -9.31305 11.7736 -4.63124e-15 -3.87362e-16 -1.25745e-14 
30.8189 95.7578 -7.1363 -4.43785 3.42073 7.0582 0 4.78511 -1.08482 2.52481 14.6668 1.27174 0 5.29195 1.00949 1.25331 10.4035 3.48557 -9.66735e-18 5.64355 0.108362 0.677161 5.59203 3.08491 -1.04072e-17 6.12977 -0.417886 0.642584 -7.24874 2.71225 -1.85891e-17 7.16586 -1.41888 0.691939 -8.63392 2.34745 -2.38665e-17 8.94839 -0.861631 0.898297 -10.537 2.45629 -2.73615e-17 9.94144 1.48576 0.633932 4.18637 0.36715 -1.21725e-17 4.50977 0.67399 1.58359 -3.32347 -11.9486 -1.70689e-17 4.54241 0.39741 -2.39471 4.21961 -2.86531 -1.89342e-17 4.5512 0.720839 -2.8546 -2.73941 -3.84045 1.16172 -7.16758 7.09827 37.5697 24.9124 1.46891 12.2059 3.06167 -3.07978 -142.644 12.9521 57.2591 27.5197 0.056351 0.129118 12.0322 -12.1518 -91.1635 22.8331 0.0467536 0.107129 5.73095 3.19476 4.5906 -1.16172 -7.16756 7.09818 -54.4109 21.8165 -11.9084 -12.2059 3.06167 -3.07978 148.692 36.9242 -58.4408 -27.5197 0.056351 0.129118 -12.0316 -11.7567 89.2582 -22.8331 0.0467534 0.107129 -11.0158 4.91286 -23.0621 8.70282 -3.96247 1.9152 5.29265 -4.54286 -7.2494 -0.803084 -36.5309 -0.617314 -0.0699392 0.261017 -0.00439672 -2.19176 -38.0664 -5.69911 -6.68213 32.7241 12.6035 0.734061 -9.31305 11.7736 -2.30715e-15 -8.50909e-16 5.49572e-17 -8.70282 -3.96247 1.9152 2.24011 -11.9459 11.2129 0.803084 -36.5309 -0.617314 0.266578 0.995233 0.0150569 2.19176 -38.0664 -5.69911 11.2399 35.565 -16.5379 -0.734061 -9.31305 11.7736 -3.54744e-17 -5.86593e-16 -1.27622e-14 
30.4297 94.8401 -7.7026 -4.48674 3.37153 7.02934 0 4.78511 -1.08482 2.62982 13.8775 1.06969 0 5.29195 1.00949 1.38978 10.0303 3.28299 -9.66735e-18 5.64355 0.108362 0.803391 5.53985 2.88414 -1.04072e-17 6.12977 -0.417886 0.698244 -6.3661 2.50985 -1.85891e-17 7.16586 -1.41888 0.688995 -7.71457 2.14685 -2.38665e-17 8.94839 -0.861631 0.780731 -9.34948 2.31411 -2.73615e-17 9.94144 1.48576 0.607773 4.0518 0.369433 -1.21725e-17 4.50977 0.67399 1.26908 -3.37398 -11.6158 -1.70689e-17 4.54241 0.39741 -2.06184 3.56117 -2.72661 -1.89342e-17 4.5512 0.720839 -2.51537 -4.02226 -3.26201 1.16172 -7.16758 7.09827 36.2121 24.4971 2.3181 12.2059 3.06167 -3.07978 -142.894 13.269 58.4592 27.5197 0.056351 0.129118 12.0212 -12.5071 -92.8797 22.8331 0.0467536 0.107129 6.51723 1.32165 4.53116 -1.16172 -7.16756 7.09818 -53.694 21.3072 -11.9331 -12.2059 3.06167 -3.07978 149.118 36.8493 -60.1965 -27.5197 0.056351 0.129118 -12.0325 -12.131 91.0629 -22.8331 0.0467534 0.107129 -12.1354 5.60052 -21.5087 8.70282 -3.96247 1.9152 5.46362 -4.97315 -7.01995 -0.803084 -36.5309 -0.617314 -0.144811 0.54052 -0.00875164 -2.19176 -38.0664 -5.69911 -6.83694 33.0429 12.6242 0.734061 -9.31305 11.7736 1.45206e-14 5.65748e-16 -1.37168e-15 -8.70282 -3.96247 1.9152 2.31795 -12.4539 11.3287 0.803084 -36.5309 -0.617314 0.358821 1.33978 0.019191 2.19176 -38.0664 -5.69911 11.5501 35.9875 -16.6206 -0.734061 -9.31305 11.7736 -2.98891e-15 -4.63533e-16 -1.26399e-14 
30.1539 94.0918 -8.20869 -4.50174 3.14211 7.11008 0 4.78511 -1.08482 2.73667 13.0134 0.888267 0 5.29195 1.00949 1.54217 9.60822 3.07112 -9.66735e-18 5.64355 0.108362 0.953904 5.51175 2.67959 -1.04072e-17 6.12977 -0.417886 0.781414 -5.30757 2.30843 -1.85891e-17 7.16586 -1.41888 0.716114 -6.57849 1.94683 -2.38665e-17 8.94839 -0.861631 0.687273 -7.89761 2.16589 -2.73615e-17 9.94144 1.48576 0.572964 3.85029 0.372332 -1.21725e-17 4.50977 0.67399 0.899292 -3.66736 -11.3569 -1.70689e-17 4.54241 0.39741 -1.69336 2.73827 -2.64951 -1.89342e-17 4.5512 0.720839 -2.17094 -5.16177 -2.73581 1.16172 -7.16758 7.09827 34.4012 23.8245 3.25232 12.2059 3.06167 -3.07978 -143.1 13.6258 59.731 27.5197 0.056351 0.129118 12.0085 -12.7342 -93.9788 22.8331 0.0467536 0.107129 7.49207 0.0943229 3.74137 -1.16172 -7.16756 7.09818 -52.426 20.6492 -12.1033 -12.2059 3.06167 -3.07978 149.072 36.8761 -61.9983 -27.5197 0.056351 0.129118 -12.0266 -12.3765 92.2477 -22.8331 0.0467534 0.107129 -13.7801 5.95531 -19.1615 8.70282 -3.96247 1.9152 5.34987 -4.76775 -7.08236 -0.803084 -36.5309 -0.617314 -0.292093 1.09053 -0.0162553 -2.19176 -38.0664 -5.69911 -5.36142 29.7966 12.4971 0.734061 -9.31305 11.7736 6.89867e-16 -7.63559e-16 -1.91553e-17 -8.70282 -3.96247 1.9152 2.34341 -12.6115 11.3301 0.803084 -36.5309 -0.617314 0.409797 1.5302 0.021238 2.19176 -38.0664 -5.69911 11.8721 36.2471 -16.7706 -0.734061 -9.31305 11.7736 2.55818e-15 -6.94933e-16 -1.28821e-14 
29.8719 93.3093 -8.36089 -4.48329 2.91374 7.24498 0 4.78511 -1.08482 2.83597 12.1423 0.688846 0 5.29195 1.00949 1.69712 9.1621 2.84287 -9.66735e-18 5.64355 0.108362 1.10918 5.45378 2.45708 -1.04072e-17 6.12977 -0.417886 0.877907 -4.29259 2.08879 -1.85891e-17 7.16586 -1.41888 0.753382 -5.43016 1.72205 -2.38665e-17 8.94839 -0.861631 0.603769 -6.46949 1.99687 -2.73615e-17 9.94144 1.48576 0.549962 3.63785 0.368506 -1.21725e-17 4.50977 0.67399 0.603954 -4.02841 -11.1744 -1.70689e-17 4.54241 0.39741 -1.39407 2.07716 -2.62347 -1.89342e-17 4.5512 0.720839 -1.83387 -6.23574 -2.10263 1.16172 -7.16758 7.09827 33.0429 23.1206 4.08496 12.2059 3.06167 -3.07978 -143.652 14.0505 61.287 27.5197 0.056351 0.129118 11.993 -12.9402 -94.9782 22.8331 0.0467536 0.107129 8.36811 -0.46701 2.74918 -1.16172 -7.16756 7.09818 -51.4316 19.8715 -12.2419 -12.2059 3.06167 -3.07978 148.946 36.9318 -63.6844 -27.5197 0.056351 0.129118 -12.0112 -12.6929 93.7783 -22.8331 0.0467534 0.107129 -14.9918 6.30085 -17.3929 8.70282 -3.96247 1.9152 5.10032 -4.09054 -7.09264 -0.803084 -36.5309 -0.617314 -0.462141 1.72575 -0.0231633 -2.19176 -38.0664 -5.69911 -2.81784 24.2278 12.397 0.734061 -9.31305 11.7736 -1.21991e-15 -8.47275e-16 6.456e-17 -8.70282 -3.96247 1.9152 2.34079 -12.5745 11.2325 0.803084 -36.5309 -0.617314 0.453181 1.69227 0.0228468 2.19176 -38.0664 -5.69911 12.2024 36.307 -16.9865 -0.734061 -9.31305 11.7736 1.97844e-15 -6.74377e-16 -1.28499e-14 
29.5779 92.5465 -8.26866 -4.3962 2.69667 7.3731 0 4.78511 -1.08482 2.91739 11.2491 0.451711 0 5.29195 1.00949 1.84007 8.69289 2.58042 -9.66735e-18 5.64355 0.108362 1.25492 5.38174 2.19153 -1.04072e-17 6.12977 -0.417886 0.969716 -3.29778 1.82598 -1.85891e-17 7.16586 -1.41888 0.782768 -4.2712 1.45429 -2.38665e-17 8.94839 -0.861631 0.499805 -5.02282 1.7893 -2.73615e-17 9.94144 1.48576 0.523488 3.43264 0.359097 -1.21725e-17 4.50977 0.67399 0.351263 -4.31169 -10.7625 -1.70689e-17 4.54241 0.39741 -1.08838 1.46554 -2.49168 -1.89342e-17 4.5512 0.720839 -1.52131 -7.28814 -1.62394 1.16172 -7.16758 7.09827 31.5737 22.455 4.91004 12.2059 3.06167 -3.07978 -144.288 14.4839 63.0252 27.5197 0.056351 0.129118 11.9603 -13.2724 -96.5944 22.8331 0.0467536 0.107129 9.38688 -0.179594 2.18527 -1.16172 -7.16756 7.09818 -50.4347 19.0309 -12.3299 -12.2059 3.06167 -3.07978 149.08 36.8973 -65.4964 -27.5197 0.056351 0.129118 -11.9725 -13.1601 96.0467 -22.8331 0.0467534 0.107129 -15.9952 7.21577 -16.3139 8.70282 -3.96247 1.9152 4.83173 -3.32052 -7.13783 -0.803084 -36.5309 -0.617314 -0.560893 2.09467 -0.0263104 -2.19176 -38.0664 -5.69911 -0.709199 19.6146 12.4687 0.734061 -9.31305 11.7736 -2.32734e-15 -8.97559e-16 1.14844e-16 -8.70282 -3.96247 1.9152 2.38529 -12.4531 11.2291 0.803084 -36.5309 -0.617314 0.756633 2.82586 0.0306697 2.19176 -38.0664 -5.69911 10.8867 33.0385 -16.5812 -0.734061 -9.31305 11.7736 -1.01995e-15 -5.45845e-16 -1.27214e-14 
29.2825 91.849 -8.16417 -4.2622 2.52419 7.43867 0 4.78511 -1.08482 2.95923 10.2653 0.237673 0 5.29195 1.00949 1.94459 8.16124 2.33976 -9.66735e-18 5.64355 0.108362 1.36828 5.29383 1.94557 -1.04072e-17 6.12977 -0.417886 1.04035 -2.22323 1.5894 -1.85891e-17 7.16586 -1.41888 0.808125 -3.01091 1.21207 -2.38665e-17 8.94839 -0.861631 0.394825 -3.44798 1.59491 -2.73615e-17 9.94144 1.48576 0.48238 3.20756 0.345681 -1.21725e-17 4.50977 0.67399 0.0833559 -4.54834 -10.2978 -1.70689e-17 4.54241 0.39741 -0.705932 0.842678 -2.3341 -1.89342e-17 4.5512 0.720839 -1.25587 -8.44827 -1.33286 1.16172 -7.16758 7.09827 29.9349 21.6618 5.7574 12.2059 3.06167 -3.07978 -144.548 14.812 64.8514 27.5197 0.056351 0.129118 11.9232 -13.5654 -98.0263 22.8331 0.0467536 0.107129 10.3381 0.677206 1.12479 -1.16172 -7.16756 7.09818 -49.2355 18.1526 -12.418 -12.2059 3.06167 -3.07978 149.379 36.7612 -67.425 -27.5197 0.056351 0.129118 -11.9249 -13.5536 97.9683 -22.8331 0.0467534 0.107129 -17.4218 8.23972 -14.8034 8.70282 -3.96247 1.9152 4.56836 -2.64409 -7.06288 -0.803084 -36.5309 -0.617314 -0.622992 2.32666 -0.0279639 -2.19176 -38.0664 -5.69911 0.926851 15.8473 12.6695 0.734061 -9.31305 11.7736 -7.29475e-15 -1.1084e-15 3.2569e-16 -8.70282 -3.96247 1.9152 2.47331 -12.3634 11.2542 0.803084 -36.5309 -0.617314 1.26821 4.7348 0.030255 2.19176 -38.0664 -5.69911 8.30893 26.9911 -15.8267 -0.734061 -9.31305 11.7736 -1.59969e-15 -5.25288e-16 -1.27008e-14 
29.0511 91.251 -8.1489 -4.18792 2.5431 7.43539 0 4.78511 -1.08482 2.9569 9.25867 0.027084 0 5.29195 1.00949 2.01317 7.59558 2.08833 -9.66735e-18 5.64355 0.108362 1.45366 5.18763 1.68844 -1.04072e-17 6.12977 -0.417886 1.09891 -1.15003 1.34854 -1.85891e-17 7.16586 -1.41888 0.833367 -1.70494 0.962226 -2.38665e-17 8.94839 -0.861631 0.303577 -1.84907 1.38455 -2.73615e-17 9.94144 1.48576 0.441866 2.95556 0.329983 -1.21725e-17 4.50977 0.67399 -0.130642 -4.93945 -9.69517 -1.70689e-17 4.54241 0.39741 -0.336601 0.212238 -2.11659 -1.89342e-17 4.5512 0.720839 -1.02397 -9.596 -1.02723 1.16172 -7.16758 7.09827 28.1254 20.7079 6.66089 12.2059 3.06167 -3.07978 -144.524 15.2215 66.5081 27.5197 0.056351 0.129118 11.8962 -13.7478 -98.921 22.8331 0.0467536 0.107129 11.639 1.62136 -0.445871 -1.16172 -7.16756 7.09818 -48.0019 17.2711 -12.4867 -12.2059 3.06167 -3.07978 149.644 36.6058 -69.4357 -27.5197 0.056351 0.129118 -11.8846 -13.8211 99.2808 -22.8331 0.0467534 0.107129 -19.0976 9.15969 -12.4078 8.70282 -3.96247 1.9152 4.37168 -2.23524 -7.02627 -0.803084 -36.5309 -0.617314 -0.644975 2.40878 -0.0284889 -2.19176 -38.0664 -5.69911 2.145 12.7881 12.9279 0.734061 -9.31305 11.7736 -3.45639e-15 -9.47931e-16 1.65216e-16 -8.70282 -3.96247 1.9152 2.5782 -12.5087 11.2583 0.803084 -36.5309 -0.617314 1.65293 6.16638 0.0186951 2.19176 -38.0664 -5.69911 6.53292 22.6078 -15.4297 -0.734061 -9.31305 11.7736 -4.28578e-15 -4.09768e-16 -1.25853e-14 
28.861 90.6376 -8.18359 -4.1496 2.51759 7.28892 0 4.78511 -1.08482 2.8274 8.01395 -0.1289 0 5.29195 1.00949 1.97596 6.85042 1.86506 -9.66735e-18 5.64355 0.108362 1.45587 5.012 1.46091 -1.04072e-17 6.12977 -0.417886 1.10362 0.0642656 1.14086 -1.85891e-17 7.16586 -1.41888 0.843774 -0.131643 0.747646 -2.38665e-17 8.94839 -0.861631 0.229201 0.0659826 1.19549 -2.73615e-17 9.94144 1.48576 0.397364 2.63422 0.299674 -1.21725e-17 4.50977 0.67399 -0.318043 -5.42094 -9.0489 -1.70689e-17 4.54241 0.39741 0.15562 -0.412918 -1.89751 -1.89342e-17 4.5512 0.720839 -0.615264 -10.7511 -0.772335 1.16172 -7.16758 7.09827 26.011 19.4614 7.67412 12.2059 3.06167 -3.07978 -144.236 15.5935 68.4031 27.5197 0.056351 0.129118 11.8687 -13.9157 -99.747 22.8331 0.0467536 0.107129 13.5772 2.74943 -2.35025 -1.16172 -7.16756 7.09818 -46.4423 16.1979 -12.7032 -12.2059 3.06167 -3.07978 149.823 36.3284 -71.4527 -27.5197 0.056351 0.129118 -11.8352 -14.1021 100.668 -22.8331 0.0467534 0.107129 -20.5935 10.114 -10.0689 8.70282 -3.96247 1.9152 4.27923 -1.77068 -6.90995 -0.803084 -36.5309 -0.617314 -0.666914 2.49073 -0.0289815 -2.19176 -38.0664 -5.69911 3.24521 9.75908 13.2378 0.734061 -9.31305 11.7736 3.36876e-15 -6.55809e-16 -1.26905e-16 -8.70282 -3.96247 1.9152 2.77106 -12.6471 11.371 0.803084 -36.5309 -0.617314 2.02732 7.55425 -0.00180284 2.19176 -38.0664 -5.69911 4.96509 18.6282 -15.1625 -0.734061 -9.31305 11.7736 -1.98785e-16 -5.8393e-16 -1.27595e-14 
28.7093 90.034 -8.17997 -4.09776 2.47716 7.03393 0 4.78511 -1.08482 2.63085 6.78552 -0.238817 0 5.29195 1.00949 1.86951 6.09194 1.69444 -9.66735e-18 5.64355 0.108362 1.39437 4.82184 1.28528 -1.04072e-17 6.12977 -0.417886 1.06207 1.2154 0.985139 -1.85891e-17 7.16586 -1.41888 0.829092 1.40725 0.589117 -2.38665e-17 8.94839 -0.861631 0.152396 1.92803 1.04364 -2.73615e-17 9.94144 1.48576 0.356126 2.3177 0.262212 -1.21725e-17 4.50977 0.67399 -0.491455 -5.79487 -8.39851 -1.70689e-17 4.54241 0.39741 0.717953 -1.03737 -1.68166 -1.89342e-17 4.5512 0.720839 -0.169166 -11.7481 -0.655452 1.16172 -7.16758 7.09827 24.2469 18.2249 8.61378 12.2059 3.06167 -3.07978 -143.447 15.8516 70.259 27.5197 0.056351 0.129118 11.8353 -14.1015 -100.665 22.8331 0.0467536 0.107129 15.0985 3.48391 -4.19177 -1.16172 -7.16756 7.09818 -44.9145 15.1476 -12.9649 -12.2059 3.06167 -3.07978 150.041 35.9031 -73.1888 -27.5197 0.056351 0.129118 -11.7614 -14.4614 102.452 -22.8331 0.0467534 0.107129 -21.5842 11.3808 -8.44092 8.70282 -3.96247 1.9152 4.20656 -1.29047 -6.69624 -0.803084 -36.5309 -0.617314 -0.685214 2.55909 -0.0293684 -2.19176 -38.0664 -5.69911 4.27094 6.94493 13.5487 0.734061 -9.31305 11.7736 2.3304e-16 -7.86193e-16 3.47828e-18 -8.70282 -3.96247 1.9152 2.9705 -12.8595 11.6109 0.803084 -36.5309 -0.617314 2.41217 8.97375 -0.0323427 2.19176 -38.0664 -5.69911 3.62278 15.0584 -15.0075 -0.734061 -9.31305 11.7736 -2.24809e-16 -5.82303e-16 -1.27587e-14 
28.5844 89.5754 -8.02068 -4.03972 2.36795 6.69104 0 4.78511 -1.08482 2.46377 5.79583 -0.307596 0 5.29195 1.00949 1.76859 5.45916 1.59094 -9.66735e-18 5.64355 0.108362 1.3263 4.65207 1.1784 -1.04072e-17 6.12977 -0.417886 1.01247 2.10454 0.894067 -1.85891e-17 7.16586 -1.41888 0.807124 2.63338 0.495499 -2.38665e-17 8.94839 -0.861631 0.0887975 3.40781 0.953195 -2.73615e-17 9.94144 1.48576 0.321445 2.06847 0.235298 -1.21725e-17 4.50977 0.67399 -0.620093 -6.01251 -7.85705 -1.70689e-17 4.54241 0.39741 1.11991 -1.46385 -1.49359 -1.89342e-17 4.5512 0.720839 0.167097 -12.4176 -0.655335 1.16172 -7.16758 7.09827 23.1226 17.2522 9.27791 12.2059 3.06167 -3.07978 -142.86 16.1022 71.8994 27.5197 0.056351 0.129118 11.7877 -14.3395 -101.845 22.8331 0.0467536 0.107129 16.0906 3.94379 -5.2998 -1.16172 -7.16756 7.09818 -43.7506 14.2981 -13.0906 -12.2059 3.06167 -3.07978 150.517 35.5354 -74.7147 -27.5197 0.056351 0.129118 -11.6972 -14.7342 103.817 -22.8331 0.0467534 0.107129 -22.5296 12.6156 -7.12763 8.70282 -3.96247 1.9152 4.14369 -0.75665 -6.31582 -0.803084 -36.5309 -0.617314 -0.679792 2.53884 -0.029256 -2.19176 -38.0664 -5.69911 5.01443 4.94078 13.7929 0.734061 -9.31305 11.7736 2.86709e-15 -6.73113e-16 -1.09602e-16 -8.70282 -3.96247 1.9152 3.14892 -12.9415 11.9851 0.803084 -36.5309 -0.617314 2.71363 10.0795 -0.0629331 2.19176 -38.0664 -5.69911 2.74205 12.5203 -14.9351 -0.734061 -9.31305 11.7736 -5.96354e-16 -5.59082e-16 -1.27471e-14 
28.4585 89.1789 -7.72425 -4.01903 2.25576 6.39385 0 4.78511 -1.08482 2.33381 5.00447 -0.370192 0 5.29195 1.00949 1.69507 4.94615 1.49613 -9.66735e-18 5.64355 0.108362 1.27973 4.51963 1.08389 -1.04072e-17 6.12977 -0.417886 0.983284 2.83032 0.814299 -1.85891e-17 7.16586 -1.41888 0.800413 3.64679 0.408657 -2.38665e-17 8.94839 -0.861631 0.0534053 4.60315 0.871651 -2.73615e-17 9.94144 1.48576 0.296407 1.85915 0.216724 -1.21725e-17 4.50977 0.67399 -0.676597 -6.21246 -7.41007 -1.70689e-17 4.54241 0.39741 1.36439 -1.82486 -1.33918 -1.89342e-17 4.5512 0.720839 0.39405 -12.8789 -0.562202 1.16172 -7.16758 7.09827 22.2757 16.3813 9.79421 12.2059 3.06167 -3.07978 -142.513 16.4964 73.2202 27.5197 0.056351 0.129118 11.7479 -14.5209 -102.749 22.8331 0.0467536 0.107129 16.9952 3.93349 -6.1208 -1.16172 -7.16756 7.09818 -42.9124 13.5425 -13.1139 -12.2059 3.06167 -3.07978 150.702 35.3002 -76.0146 -27.5197 0.056351 0.129118 -11.6634 -14.8664 104.482 -22.8331 0.0467534 0.107129 -23.455 13.4131 -5.47955 8.70282 -3.96247 1.9152 4.12091 -0.176588 -5.95338 -0.803084 -36.5309 -0.617314 -0.646741 2.41538 -0.0285298 -2.19176 -38.0664 -5.69911 5.54387 3.22838 14.0298 0.734061 -9.31305 11.7736 -1.83288e-15 -8.76414e-16 9.36996e-17 -8.70282 -3.96247 1.9152 3.34513 -12.8707 12.2248 0.803084 -36.5309 -0.617314 2.93642 10.8926 -0.0892831 2.19176 -38.0664 -5.69911 1.93851 10.4091 -14.8815 -0.734061 -9.31305 11.7736 -6.22378e-16 -5.58269e-16 -1.27454e-14 
28.3074 88.8291 -7.57511 -4.01197 2.23595 6.20571 0 4.78511 -1.08482 2.25092 4.34447 -0.433764 0 5.29195 1.00949 1.66021 4.51835 1.40379 -9.66735e-18 5.64355 0.108362 1.26491 4.41853 0.995415 -1.04072e-17 6.12977 -0.417886 0.979564 3.46539 0.739806 -1.85891e-17 7.16586 -1.41888 0.807785 4.54594 0.324786 -2.38665e-17 8.94839 -0.861631 0.0306746 5.64186 0.7906 -2.73615e-17 9.94144 1.48576 0.279915 1.67411 0.202172 -1.21725e-17 4.50977 0.67399 -0.719057 -6.38724 -7.0647 -1.70689e-17 4.54241 0.39741 1.53893 -2.16512 -1.22985 -1.89342e-17 4.5512 0.720839 0.503305 -13.3837 -0.411862 1.16172 -7.16758 7.09827 21.6014 15.5867 10.3188 12.2059 3.06167 -3.07978 -142.217 16.8219 74.2995 27.5197 0.056351 0.129118 11.7217 -14.6333 -103.311 22.8331 0.0467536 0.107129 17.5967 3.60348 -7.13339 -1.16172 -7.16756 7.09818 -42.1725 12.8593 -13.1754 -12.2059 3.06167 -3.07978 150.464 35.1346 -77.011 -27.5197 0.056351 0.129118 -11.6271 -15.0019 105.166 -22.8331 0.0467534 0.107129 -24.1921 14.2125 -3.97767 8.70282 -3.96247 1.9152 4.13358 0.111936 -5.8272 -0.803084 -36.5309 -0.617314 -0.640573 2.39233 -0.0283863 -2.19176 -38.0664 -5.69911 5.92636 1.68389 14.2388 0.734061 -9.31305 11.7736 -2.72e-17 -7.97578e-16 1.48638e-17 -8.70282 -3.96247 1.9152 3.49109 -13.0027 12.2615 0.803084 -36.5309 -0.617314 3.14632 11.6553 -0.117001 2.19176 -38.0664 -5.69911 1.35534 8.63907 -14.8608 -0.734061 -9.31305 11.7736 -9.93923e-16 -5.46658e-16 -1.27222e-14 
28.1211 88.5684 -7.632 -3.98912 2.30438 6.15683 0 4.78511 -1.08482 2.19135 3.7158 -0.487231 0 5.29195 1.00949 1.64223 4.10444 1.3268 -9.66735e-18 5.64355 0.108362 1.26066 4.30802 0.921867 -1.04072e-17 6.12977 -0.417886 0.982007 4.03547 0.676541 -1.85891e-17 7.16586 -1.41888 0.814174 5.37604 0.253895 -2.38665e-17 8.94839 -0.861631 0.0035067 6.60258 0.722235 -2.73615e-17 9.94144 1.48576 0.26837 1.50964 0.185703 -1.21725e-17 4.50977 0.67399 -0.775021 -6.4516 -6.79598 -1.70689e-17 4.54241 0.39741 1.68757 -2.46425 -1.14994 -1.89342e-17 4.5512 0.720839 0.585233 -13.9708 -0.345345 1.16172 -7.16758 7.09827 21.0669 14.9079 10.8396 12.2059 3.06167 -3.07978 -141.986 17.1081 75.3431 27.5197 0.056351 0.129118 11.6847 -14.7836 -104.065 22.8331 0.0467536 0.107129 17.9621 3.17658 -7.96152 -1.16172 -7.16756 7.09818 -41.4994 12.2022 -13.2913 -12.2059 3.06167 -3.07978 150.321 34.9596 -77.908 -27.5197 0.056351 0.129118 -11.5596 -15.2373 106.361 -22.8331 0.0467534 0.107129 -24.7102 15.3606 -3.19563 8.70282 -3.96247 1.9152 4.16141 -0.00805333 -5.85169 -0.803084 -36.5309 -0.617314 -0.6949 2.59527 -0.0295643 -2.19176 -38.0664 -5.69911 6.17676 0.516482 14.4016 0.734061 -9.31305 11.7736 -7.18242e-16 -8.29971e-16 4.72564e-17 -8.70282 -3.96247 1.9152 3.56399 -13.3512 12.0777 0.803084 -36.5309 -0.617314 3.33888 12.3517 -0.144884 2.19176 -38.0664 -5.69911 0.95457 7.41807 -14.8468 -0.734061 -9.31305 11.7736 -1.01995e-15 -5.45845e-16 -1.27214e-14 
27.9315 88.395 -7.75797 -3.97725 2.41057 6.16335 0 4.78511 -1.08482 2.12978 3.0944 -0.525208 0 5.29195 1.00949 1.61829 3.68432 1.26558 -9.66735e-18 5.64355 0.108362 1.24755 4.17387 0.863839 -1.04072e-17 6.12977 -0.417886 0.97525 4.53619 0.626892 -1.85891e-17 7.16586 -1.41888 0.811009 6.12544 0.201728 -2.38665e-17 8.94839 -0.861631 -0.0303139 7.47877 0.669537 -2.73615e-17 9.94144 1.48576 0.25677 1.36285 0.169624 -1.21725e-17 4.50977 0.67399 -0.83817 -6.37911 -6.50306 -1.70689e-17 4.54241 0.39741 1.83595 -2.73899 -1.05684 -1.89342e-17 4.5512 0.720839 0.712063 -14.5223 -0.425752 1.16172 -7.16758 7.09827 20.6911 14.2999 11.3056 12.2059 3.06167 -3.07978 -141.489 17.4113 76.2129 27.5197 0.056351 0.129118 11.6396 -14.9556 -104.932 22.8331 0.0467536 0.107129 18.0594 2.3716 -8.48719 -1.16172 -7.16756 7.09818 -40.8162 11.574 -13.4124 -12.2059 3.06167 -3.07978 150.405 34.818 -78.8835 -27.5197 0.056351 0.129118 -11.4788 -15.4967 107.689 -22.8331 0.0467534 0.107129 -25.2871 16.6292 -2.71039 8.70282 -3.96247 1.9152 4.2189 -0.325259 -5.89753 -0.803084 -36.5309 -0.617314 -0.778296 2.90676 -0.030998 -2.19176 -38.0664 -5.69911 6.29356 -0.299765 14.5216 0.734061 -9.31305 11.7736 5.08718e-17 -7.94325e-16 1.16108e-17 -8.70282 -3.96247 1.9152 3.6455 -13.6833 11.8904 0.803084 -36.5309 -0.617314 3.46652 12.8116 -0.164654 2.19176 -38.0664 -5.69911 0.576041 6.69351 -14.8259 -0.734061 -9.31305 11.7736 -1.31342e-15 -5.37487e-16 -1.2713e-14 
27.7366 88.2534 -7.84014 -3.95404 2.51089 6.18209 0 4.78511 -1.08482 2.02498 2.492 -0.535054 0 5.29195 1.00949 1.5526 3.25636 1.22913 -9.66735e-18 5.64355 0.108362 1.19829 4.01282 0.832373 -1.04072e-17 6.12977 -0.417886 0.94097 4.96008 0.604211 -1.85891e-17 7.16586 -1.41888 0.793364 6.79157 0.182638 -2.38665e-17 8.94839 -0.861631 -0.0546353 8.25219 0.646384 -2.73615e-17 9.94144 1.48576 0.247837 1.22548 0.15633 -1.21725e-17 4.50977 0.67399 -0.89356 -6.25921 -6.28542 -1.70689e-17 4.54241 0.39741 1.99998 -2.95541 -0.995848 -1.89342e-17 4.5512 0.720839 0.933716 -14.9428 -0.539919 1.16172 -7.16758 7.09827 20.6399 13.6941 11.6711 12.2059 3.06167 -3.07978 -140.909 17.7516 77.0067 27.5197 0.056351 0.129118 11.6132 -15.0518 -105.418 22.8331 0.0467536 0.107129 18.0943 1.19589 -9.06249 -1.16172 -7.16756 7.09818 -40.2525 11.0028 -13.4659 -12.2059 3.06167 -3.07978 150.456 34.6643 -79.7728 -27.5197 0.056351 0.129118 -11.4243 -15.6599 108.53 -22.8331 0.0467534 0.107129 -25.847 17.2308 -1.95997 8.70282 -3.96247 1.9152 4.29158 -0.612613 -5.94827 -0.803084 -36.5309 -0.617314 -0.85443 3.19108 -0.0319105 -2.19176 -38.0664 -5.69911 6.30051 -0.98078 14.6296 0.734061 -9.31305 11.7736 3.70379e-16 -7.84341e-16 1.62621e-18 -8.70282 -3.96247 1.9152 3.72202 -13.9156 11.6074 0.803084 -36.5309 -0.617314 3.55863 13.1426 -0.179558 2.19176 -38.0664 -5.69911 0.171862 6.10587 -14.8014 -0.734061 -9.31305 11.7736 -2.50823e-16 -5.81491e-16 -1.27571e-14 
27.5386 88.1462 -7.86001 -3.94293 2.62036 6.24667 0 4.78511 -1.08482 1.88557 1.93695 -0.530855 0 5.29195 1.00949 1.45712 2.84428 1.20069 -9.66735e-18 5.64355 0.108362 1.12663 3.84349 0.812187 -1.04072e-17 6.12977 -0.417886 0.89201 5.31507 0.593494 -1.85891e-17 7.16586 -1.41888 0.769569 7.37766 0.17908 -2.38665e-17 8.94839 -0.861631 -0.0661624 8.92218 0.635263 -2.73615e-17 9.94144 1.48576 0.243636 1.09786 0.144023 -1.21725e-17 4.50977 0.67399 -0.924957 -6.12568 -6.14749 -1.70689e-17 4.54241 0.39741 2.17739 -3.16193 -0.974969 -1.89342e-17 4.5512 0.720839 1.19704 -15.2221 -0.591617 1.16172 -7.16758 7.09827 20.7002 13.0642 12.0046 12.2059 3.06167 -3.07978 -140.465 18.0527 77.6174 27.5197 0.056351 0.129118 11.6001 -15.0979 -105.653 22.8331 0.0467536 0.107129 18.2072 0.201024 -9.49931 -1.16172 -7.16756 7.09818 -39.7644 10.4576 -13.4917 -12.2059 3.06167 -3.07978 150.201 34.5005 -80.3434 -27.5197 0.056351 0.129118 -11.3921 -15.7529 109.011 -22.8331 0.0467534 0.107129 -26.0119 17.1213 -1.12414 8.70282 -3.96247 1.9152 4.39621 -0.88232 -6.06112 -0.803084 -36.5309 -0.617314 -0.917758 3.42752 -0.0323814 -2.19176 -38.0664 -5.69911 6.24529 -1.52202 14.714 0.734061 -9.31305 11.7736 -3.46702e-16 -8.0675e-16 2.4035e-17 -8.70282 -3.96247 1.9152 3.80074 -14.0472 11.2143 0.803084 -36.5309 -0.617314 3.60432 13.3064 -0.187147 2.19176 -38.0664 -5.69911 -0.114799 5.61565 -14.7835 -0.734061 -9.31305 11.7736 -9.67904e-16 -5.47471e-16 -1.27238e-14 
27.3561 88.0914 -7.87709 -3.92267 2.74385 6.30365 0 4.78511 -1.08482 1.73382 1.41663 -0.520152 0 5.29195 1.00949 1.34821 2.45474 1.16873 -9.66735e-18 5.64355 0.108362 1.04375 3.67946 0.788251 -1.04072e-17 6.12977 -0.417886 0.833957 5.63013 0.57642 -1.85891e-17 7.16586 -1.41888 0.736281 7.909 0.174685 -2.38665e-17 8.94839 -0.861631 -0.0840453 9.53456 0.619988 -2.73615e-17 9.94144 1.48576 0.239987 0.985251 0.126409 -1.21725e-17 4.50977 0.67399 -0.954533 -5.8474 -5.98267 -1.70689e-17 4.54241 0.39741 2.3357 -3.39121 -0.944372 -1.89342e-17 4.5512 0.720839 1.50362 -15.5552 -0.605575 1.16172 -7.16758 7.09827 20.7028 12.4577 12.3796 12.2059 3.06167 -3.07978 -139.862 18.3678 78.0413 27.5197 0.056351 0.129118 11.5817 -15.1621 -105.978 22.8331 0.0467536 0.107129 18.2065 -0.77765 -9.62103 -1.16172 -7.16756 7.09818 -39.1417 9.92036 -13.6237 -12.2059 3.06167 -3.07978 150.01 34.4059 -80.7326 -27.5197 0.056351 0.129118 -11.3375 -15.9044 109.799 -22.8331 0.0467534 0.107129 -25.9511 17.2165 -0.725682 8.70282 -3.96247 1.9152 4.48294 -1.15471 -6.14227 -0.803084 -36.5309 -0.617314 -0.960929 3.58868 -0.0325523 -2.19176 -38.0664 -5.69911 6.10459 -1.82605 14.7707 0.734061 -9.31305 11.7736 2.48481e-17 -7.95139e-16 1.2424e-17 -8.70282 -3.96247 1.9152 3.87363 -14.1314 10.9592 0.803084 -36.5309 -0.617314 3.60517 13.3095 -0.18729 2.19176 -38.0664 -5.69911 -0.265608 5.33143 -14.767 -0.734061 -9.31305 11.7736 -5.70335e-16 -5.60708e-16 -1.27479e-14 
27.2091 88.0501 -7.88882 -3.87532 2.90808 6.39836 0 4.78511 -1.08482 1.5966 0.921575 -0.512932 0 5.29195 1.00949 1.246 2.07722 1.14034 -9.66735e-18 5.64355 0.108362 0.960977 3.50655 0.765573 -1.04072e-17 6.12977 -0.417886 0.773172 5.89745 0.558793 -1.85891e-17 7.16586 -1.41888 0.694534 8.37713 0.171876 -2.38665e-17 8.94839 -0.861631 -0.113365 10.0755 0.606777 -2.73615e-17 9.94144 1.48576 0.239601 0.884779 0.109325 -1.21725e-17 4.50977 0.67399 -0.987075 -5.52308 -5.78802 -1.70689e-17 4.54241 0.39741 2.44848 -3.58336 -0.893944 -1.89342e-17 4.5512 0.720839 1.81695 -15.9179 -0.668695 1.16172 -7.16758 7.09827 20.8511 11.9198 12.6824 12.2059 3.06167 -3.07978 -139.192 18.7657 78.3747 27.5197 0.056351 0.129118 11.5626 -15.227 -106.309 22.8331 0.0467536 0.107129 18.0867 -1.85097 -9.58963 -1.16172 -7.16756 7.09818 -38.6441 9.43626 -13.7254 -12.2059 3.06167 -3.07978 150.13 34.3181 -81.2101 -27.5197 0.056351 0.129118 -11.2696 -16.0841 110.739 -22.8331 0.0467534 0.107129 -26.0002 17.3734 -0.466555 8.70282 -3.96247 1.9152 4.49876 -1.44595 -6.12083 -0.803084 -36.5309 -0.617314 -0.98976 3.69629 -0.0325987 -2.19176 -38.0664 -5.69911 5.9848 -2.02524 14.813 0.734061 -9.31305 11.7736 2.48481e-17 -7.95139e-16 1.2424e-17 -8.70282 -3.96247 1.9152 3.91069 -14.2149 10.8242 0.803084 -36.5309 -0.617314 3.58823 13.2487 -0.184459 2.19176 -38.0664 -5.69911 -0.453238 5.07852 -14.7545 -0.734061 -9.31305 11.7736 -2.50823e-16 -5.81491e-16 -1.27571e-14 
27.0912 88.0159 -7.93053 -3.80621 2.97338 6.53211 0 4.78511 -1.08482 1.47708 0.507675 -0.498227 0 5.29195 1.00949 1.15392 1.75549 1.13138 -9.66735e-18 5.64355 0.108362 0.884818 3.36277 0.762698 -1.04072e-17 6.12977 -0.417886 0.715522 6.12423 0.561821 -1.85891e-17 7.16586 -1.41888 0.656855 8.77672 0.188642 -2.38665e-17 8.94839 -0.861631 -0.133764 10.5333 0.613676 -2.73615e-17 9.94144 1.48576 0.241808 0.796445 0.0977053 -1.21725e-17 4.50977 0.67399 -1.01207 -5.24074 -5.66198 -1.70689e-17 4.54241 0.39741 2.5664 -3.76383 -0.867022 -1.89342e-17 4.5512 0.720839 2.06653 -16.1825 -0.798302 1.16172 -7.16758 7.09827 21.1789 11.4427 12.8906 12.2059 3.06167 -3.07978 -138.61 19.0752 78.668 27.5197 0.056351 0.129118 11.5562 -15.2483 -106.417 22.8331 0.0467536 0.107129 17.919 -2.68306 -9.68556 -1.16172 -7.16756 7.09818 -38.3354 9.03745 -13.7459 -12.2059 3.06167 -3.07978 150.268 34.214 -81.6691 -27.5197 0.056351 0.129118 -11.2228 -16.2028 111.364 -22.8331 0.0467534 0.107129 -26.1373 17.2503 0.026344 8.70282 -3.96247 1.9152 4.481 -1.65001 -6.15695 -0.803084 -36.5309 -0.617314 -1.00982 3.77114 -0.032599 -2.19176 -38.0664 -5.69911 5.87613 -2.15887 14.8423 0.734061 -9.31305 11.7736 2.48481e-17 -7.95139e-16 1.2424e-17 -8.70282 -3.96247 1.9152 3.91522 -14.2152 10.7354 0.803084 -36.5309 -0.617314 3.5656 13.1676 -0.180707 2.19176 -38.0664 -5.69911 -0.619215 4.87553 -14.7468 -0.734061 -9.31305 11.7736 -9.67904e-16 -5.47471e-16 -1.27238e-14 
26.9736 87.9724 -7.9615 -3.78259 2.8902 6.53546 0 4.78511 -1.08482 1.36439 0.174457 -0.467669 0 5.29195 1.00949 1.06418 1.50132 1.13867 -9.66735e-18 5.64355 0.108362 0.811608 3.2726 0.777243 -1.04072e-17 6.12977 -0.417886 0.659527 6.35642 0.580674 -1.85891e-17 7.16586 -1.41888 0.62482 9.16511 0.219717 -2.38665e-17 8.94839 -0.861631 -0.142254 10.9656 0.637243 -2.73615e-17 9.94144 1.48576 0.246801 0.71585 0.0829055 -1.21725e-17 4.50977 0.67399 -0.99799 -4.94114 -5.5617 -1.70689e-17 4.54241 0.39741 2.66521 -3.96122 -0.854274 -1.89342e-17 4.5512 0.720839 2.33158 -16.4544 -0.812344 1.16172 -7.16758 7.09827 21.5293 10.9976 13.0901 12.2059 3.06167 -3.07978 -138.128 19.225 78.8846 27.5197 0.056351 0.129118 11.5572 -15.2451 -106.401 22.8331 0.0467536 0.107129 17.7789 -3.25765 -9.85462 -1.16172 -7.16756 7.09818 -38.1528 8.6597 -13.8229 -12.2059 3.06167 -3.07978 150.061 34.1554 -81.8003 -27.5197 0.056351 0.129118 -11.1896 -16.2844 111.796 -22.8331 0.0467534 0.107129 -25.8809 17.1461 0.504161 8.70282 -3.96247 1.9152 4.53622 -1.64157 -6.09301 -0.803084 -36.5309 -0.617314 -1.01276 3.78214 -0.0325968 -2.19176 -38.0664 -5.69911 5.82271 -2.33233 14.8664 0.734061 -9.31305 11.7736 2.48481e-17 -7.95139e-16 1.2424e-17 -8.70282 -3.96247 1.9152 4.01587 -14.091 10.8002 0.803084 -36.5309 -0.617314 3.54737 13.1021 -0.177708 2.19176 -38.0664 -5.69911 -0.731338 4.71041 -14.7427 -0.734061 -9.31305 11.7736 -6.22373e-16 -5.58269e-16 -1.27454e-14 
26.8692 87.9275 -7.94221 -3.79875 2.9784 6.55859 0 4.78511 -1.08482 1.28075 -0.162142 -0.453532 0 5.29195 1.00949 0.998346 1.24345 1.13533 -9.66735e-18 5.64355 0.108362 0.755958 3.17254 0.778159 -1.04072e-17 6.12977 -0.417886 0.617258 6.58042 0.583126 -1.85891e-17 7.16586 -1.41888 0.598082 9.55444 0.231391 -2.38665e-17 8.94839 -0.861631 -0.156637 11.4002 0.648172 -2.73615e-17 9.94144 1.48576 0.255384 0.642321 0.0643746 -1.21725e-17 4.50977 0.67399 -0.981716 -4.69036 -5.47487 -1.70689e-17 4.54241 0.39741 2.71243 -4.10886 -0.836384 -1.89342e-17 4.5512 0.720839 2.6108 -16.7996 -0.730801 1.16172 -7.16758 7.09827 21.7774 10.6079 13.3146 12.2059 3.06167 -3.07978 -137.87 19.3808 79.1275 27.5197 0.056351 0.129118 11.5512 -15.2652 -106.503 22.8331 0.0467536 0.107129 17.796 -3.7887 -9.94221 -1.16172 -7.16756 7.09818 -38.1313 8.29674 -13.9345 -12.2059 3.06167 -3.07978 150.043 34.0628 -81.9217 -27.5197 0.056351 0.129118 -11.1402 -16.403 112.426 -22.8331 0.0467534 0.107129 -25.543 17.5584 0.823016 8.70282 -3.96247 1.9152 4.58602 -1.74379 -5.92421 -0.803084 -36.5309 -0.617314 -0.996992 3.72328 -0.0326018 -2.19176 -38.0664 -5.69911 5.84004 -2.50385 14.8915 0.734061 -9.31305 11.7736 2.48481e-17 -7.95139e-16 1.2424e-17 -8.70282 -3.96247 1.9152 4.12787 -14.0768 10.8376 0.803084 -36.5309 -0.617314 3.51297 12.9786 -0.172104 2.19176 -38.0664 -5.69911 -0.848775 4.49778 -14.7412 -0.734061 -9.31305 11.7736 -9.67904e-16 -5.47471e-16 -1.27238e-14 
26.7835 87.9346 -7.9698 -3.84045 3.05639 6.66797 0 4.78511 -1.08482 1.21897 -0.449047 -0.451604 0 5.29195 1.00949 0.952385 1.02852 1.11952 -9.66735e-18 5.64355 0.108362 0.718183 3.09511 0.766734 -1.04072e-17 6.12977 -0.417886 0.591244 6.77851 0.57373 -1.85891e-17 7.16586 -1.41888 0.582817 9.89129 0.229231 -2.38665e-17 8.94839 -0.861631 -0.164458 11.7778 0.644185 -2.73615e-17 9.94144 1.48576 0.264897 0.580384 0.0480191 -1.21725e-17 4.50977 0.67399 -0.958341 -4.43127 -5.38718 -1.70689e-17 4.54241 0.39741 2.78869 -4.25289 -0.81013 -1.89342e-17 4.5512 0.720839 2.80479 -17.0826 -0.706622 1.16172 -7.16758 7.09827 21.8881 10.2412 13.5371 12.2059 3.06167 -3.07978 -137.645 19.6075 79.2581 27.5197 0.056351 0.129118 11.5372 -15.3111 -106.737 22.8331 0.0467536 0.107129 17.8224 -4.31984 -9.65249 -1.16172 -7.16756 7.09818 -38.1202 7.95287 -14.0128 -12.2059 3.06167 -3.07978 150.281 34.0087 -82.1902 -27.5197 0.056351 0.129118 -11.0813 -16.5395 113.154 -22.8331 0.0467534 0.107129 -25.3768 18.325 0.918301 8.70282 -3.96247 1.9152 4.64228 -1.92069 -5.8697 -0.803084 -36.5309 -0.617314 -0.984953 3.67835 -0.0325947 -2.19176 -38.0664 -5.69911 5.78579 -2.47385 14.9018 0.734061 -9.31305 11.7736 2.48481e-17 -7.95139e-16 1.2424e-17 -8.70282 -3.96247 1.9152 4.23701 -14.0381 10.8611 0.803084 -36.5309 -0.617314 3.43949 12.7143 -0.160382 2.19176 -38.0664 -5.69911 -0.92924 4.56881 -14.7259 -0.734061 -9.31305 11.7736 -6.22373e-16 -5.58269e-16 -1.27454e-14 
26.7103 87.9737 -8.04337 -3.87611 3.17119 6.79567 0 4.78511 -1.08482 1.17704 -0.69725 -0.450315 0 5.29195 1.00949 0.925175 0.841086 1.10391 -9.66735e-18 5.64355 0.108362 0.695961 3.02705 0.757061 -1.04072e-17 6.12977 -0.417886 0.577062 6.94804 0.568118 -1.85891e-17 7.16586 -1.41888 0.576257 10.176 0.228706 -2.38665e-17 8.94839 -0.861631 -0.162951 12.0897 0.63885 -2.73615e-17 9.94144 1.48576 0.275334 0.523037 0.0341443 -1.21725e-17 4.50977 0.67399 -0.913827 -4.1683 -5.32115 -1.70689e-17 4.54241 0.39741 2.86239 -4.35905 -0.794813 -1.89342e-17 4.5512 0.720839 2.88021 -17.3445 -0.697542 1.16172 -7.16758 7.09827 22.0525 9.85612 13.7129 12.2059 3.06167 -3.07978 -137.29 19.8573 79.1524 27.5197 0.056351 0.129118 11.5442 -15.2883 -106.621 22.8331 0.0467536 0.107129 17.6533 -5.00466 -9.36615 -1.16172 -7.16756 7.09818 -38.2314 7.64403 -14.0479 -12.2059 3.06167 -3.07978 150.418 33.9873 -82.3481 -27.5197 0.056351 0.129118 -11.0415 -16.6289 113.634 -22.8331 0.0467534 0.107129 -25.2042 18.9713 0.999971 8.70282 -3.96247 1.9152 4.69226 -2.21262 -5.88122 -0.803084 -36.5309 -0.617314 -0.990035 3.69731 -0.0325989 -2.19176 -38.0664 -5.69911 5.62107 -2.34428 14.9034 0.734061 -9.31305 11.7736 5.08674e-17 -7.94326e-16 1.16109e-17 -8.70282 -3.96247 1.9152 4.31817 -14.0627 10.8663 0.803084 -36.5309 -0.617314 3.35587 12.413 -0.147456 2.19176 -38.0664 -5.69911 -0.983348 4.80567 -14.7014 -0.734061 -9.31305 11.7736 -9.67904e-16 -5.47471e-16 -1.27238e-14 
26.6467 88.0416 -8.15161 -3.93055 3.21958 6.94253 0 4.78511 -1.08482 1.14305 -0.882213 -0.4482 0 5.29195 1.00949 0.907261 0.700902 1.0903 -9.66735e-18 5.64355 0.108362 0.682966 2.98463 0.750474 -1.04072e-17 6.12977 -0.417886 0.57046 7.09461 0.566263 -1.85891e-17 7.16586 -1.41888 0.575886 10.4107 0.230482 -2.38665e-17 8.94839 -0.861631 -0.154556 12.3322 0.632339 -2.73615e-17 9.94144 1.48576 0.285331 0.470076 0.0215877 -1.21725e-17 4.50977 0.67399 -0.860392 -3.93655 -5.26265 -1.70689e-17 4.54241 0.39741 2.93042 -4.45968 -0.791161 -1.89342e-17 4.5512 0.720839 2.93066 -17.5054 -0.716545 1.16172 -7.16758 7.09827 22.3231 9.49984 13.826 12.2059 3.06167 -3.07978 -136.839 20.0181 78.8022 27.5197 0.056351 0.129118 11.5688 -15.206 -106.202 22.8331 0.0467536 0.107129 17.2947 -5.68045 -9.10485 -1.16172 -7.16756 7.09818 -38.3707 7.36318 -14.053 -12.2059 3.06167 -3.07978 150.22 34.02 -82.1524 -27.5197 0.056351 0.129118 -11.0254 -16.6644 113.825 -22.8331 0.0467534 0.107129 -24.8221 19.3381 0.99229 8.70282 -3.96247 1.9152 4.76839 -2.49961 -5.95029 -0.803084 -36.5309 -0.617314 -1.00538 3.75458 -0.0326012 -2.19176 -38.0664 -5.69911 5.42931 -2.10591 14.8891 0.734061 -9.31305 11.7736 3.96398e-16 -7.83528e-16 8.13103e-19 -8.70282 -3.96247 1.9152 4.40023 -14.0776 10.8226 0.803084 -36.5309 -0.617314 3.27527 12.122 -0.135413 2.19176 -38.0664 -5.69911 -0.915878 5.21333 -14.674 -0.734061 -9.31305 11.7736 -5.96354e-16 -5.59082e-16 -1.27471e-14 
26.5856 88.1008 -8.24328 -3.95265 3.22597 7.04789 0 4.78511 -1.08482 1.11328 -1.07477 -0.445078 0 5.29195 1.00949 0.892418 0.549196 1.08213 -9.66735e-18 5.64355 0.108362 0.671316 2.9283 0.747026 -1.04072e-17 6.12977 -0.417886 0.564155 7.23033 0.564622 -1.85891e-17 7.16586 -1.41888 0.574066 10.6443 0.232122 -2.38665e-17 8.94839 -0.861631 -0.151693 12.575 0.62985 -2.73615e-17 9.94144 1.48576 0.294638 0.422406 0.00702185 -1.21725e-17 4.50977 0.67399 -0.809087 -3.72448 -5.22383 -1.70689e-17 4.54241 0.39741 2.95381 -4.47814 -0.795391 -1.89342e-17 4.5512 0.720839 2.96908 -17.6518 -0.708483 1.16172 -7.16758 7.09827 22.6536 9.22374 13.9142 12.2059 3.06167 -3.07978 -136.558 20.0242 78.5262 27.5197 0.056351 0.129118 11.5959 -15.1129 -105.729 22.8331 0.0467536 0.107129 16.9814 -6.23923 -8.91621 -1.16172 -7.16756 7.09818 -38.5671 7.10482 -14.0873 -12.2059 3.06167 -3.07978 149.976 34.0362 -81.8153 -27.5197 0.056351 0.129118 -11.0141 -16.6893 113.96 -22.8331 0.0467534 0.107129 -24.3576 19.6516 0.859765 8.70282 -3.96247 1.9152 4.81855 -2.7172 -5.9941 -0.803084 -36.5309 -0.617314 -1.02193 3.81633 -0.0325864 -2.19176 -38.0664 -5.69911 5.25708 -1.87371 14.8735 0.734061 -9.31305 11.7736 2.48481e-17 -7.95139e-16 1.2424e-17 -8.70282 -3.96247 1.9152 4.45119 -14.0618 10.7696 0.803084 -36.5309 -0.617314 3.21317 11.8974 -0.126416 2.19176 -38.0664 -5.69911 -0.808096 5.55158 -14.6565 -0.734061 -9.31305 11.7736 -5.96354e-16 -5.59082e-16 -1.27471e-14 
26.5461 88.1662 -8.28603 -3.98258 3.34408 7.08083 0 4.78511 -1.08482 1.1051 -1.34025 -0.447247 0 5.29195 1.00949 0.897087 0.333488 1.07073 -9.66735e-18 5.64355 0.108362 0.67442 2.82754 0.738153 -1.04072e-17 6.12977 -0.417886 0.568656 7.36774 0.555307 -1.85891e-17 7.16586 -1.41888 0.57841 10.9137 0.224269 -2.38665e-17 8.94839 -0.861631 -0.149633 12.8705 0.6219 -2.73615e-17 9.94144 1.48576 0.302491 0.372869 -0.00731487 -1.21725e-17 4.50977 0.67399 -0.775159 -3.58687 -5.19027 -1.70689e-17 4.54241 0.39741 2.92475 -4.48297 -0.79441 -1.89342e-17 4.5512 0.720839 2.99114 -17.7673 -0.645649 1.16172 -7.16758 7.09827 22.8171 8.96648 14.0056 12.2059 3.06167 -3.07978 -136.455 20.0859 78.3804 27.5197 0.056351 0.129118 11.6167 -15.0391 -105.354 22.8331 0.0467536 0.107129 16.968 -6.85225 -8.65041 -1.16172 -7.16756 7.09818 -38.6607 6.83 -14.1419 -12.2059 3.06167 -3.07978 149.87 34.0439 -81.6472 -27.5197 0.056351 0.129118 -11.0049 -16.7092 114.067 -22.8331 0.0467534 0.107129 -24.1241 20.0301 0.759849 8.70282 -3.96247 1.9152 4.84353 -2.95325 -5.90517 -0.803084 -36.5309 -0.617314 -1.01802 3.80175 -0.0325915 -2.19176 -38.0664 -5.69911 5.10524 -1.60928 14.8535 0.734061 -9.31305 11.7736 2.48481e-17 -7.95139e-16 1.2424e-17 -8.70282 -3.96247 1.9152 4.52563 -14.0002 10.7974 0.803084 -36.5309 -0.617314 3.09982 11.4866 -0.110619 2.19176 -38.0664 -5.69911 -0.764512 5.86792 -14.6389 -0.734061 -9.31305 11.7736 -5.96354e-16 -5.59082e-16 -1.27471e-14 
26.518 88.2483 -8.29017 -3.97406 3.50134 7.05581 0 4.78511 -1.08482 1.09345 -1.67878 -0.445105 0 5.29195 1.00949 0.899411 0.0524428 1.0582 -9.66735e-18 5.64355 0.108362 0.674839 2.68788 0.729016 -1.04072e-17 6.12977 -0.417886 0.569776 7.51153 0.546036 -1.85891e-17 7.16586 -1.41888 0.580009 11.218 0.218009 -2.38665e-17 8.94839 -0.861631 -0.147369 13.2167 0.616009 -2.73615e-17 9.94144 1.48576 0.309008 0.318601 -0.0213788 -1.21725e-17 4.50977 0.67399 -0.74762 -3.43083 -5.1673 -1.70689e-17 4.54241 0.39741 2.87968 -4.49494 -0.797292 -1.89342e-17 4.5512 0.720839 3.02952 -17.8498 -0.543197 1.16172 -7.16758 7.09827 22.8601 8.64279 14.1052 12.2059 3.06167 -3.07978 -136.39 20.2466 78.3268 27.5197 0.056351 0.129118 11.6419 -14.9473 -104.89 22.8331 0.0467536 0.107129 17.1337 -7.52428 -8.3197 -1.16172 -7.16756 7.09818 -38.6158 6.51097 -14.1989 -12.2059 3.06167 -3.07978 149.858 34.0631 -81.6358 -27.5197 0.056351 0.129118 -10.9998 -16.7205 114.128 -22.8331 0.0467534 0.107129 -24.0637 20.2752 0.628332 8.70282 -3.96247 1.9152 4.81463 -3.13584 -5.78125 -0.803084 -36.5309 -0.617314 -0.986299 3.68337 -0.032596 -2.19176 -38.0664 -5.69911 4.88317 -1.2572 14.8325 0.734061 -9.31305 11.7736 5.08671e-17 -7.94326e-16 1.16109e-17 -8.70282 -3.96247 1.9152 4.56847 -13.8873 10.9009 0.803084 -36.5309 -0.617314 2.96012 10.9789 -0.092272 2.19176 -38.0664 -5.69911 -0.724859 6.20144 -14.6157 -0.734061 -9.31305 11.7736 -5.96354e-16 -5.59082e-16 -1.27471e-14 
26.4961 88.3308 -8.27909 -3.95312 3.67974 7.04014 0 4.78511 -1.08482 1.08064 -2.03625 -0.451273 0 5.29195 1.00949 0.904398 -0.250525 1.03457 -9.66735e-18 5.64355 0.108362 0.678721 2.53005 0.709736 -1.04072e-17 6.12977 -0.417886 0.574723 7.64193 0.528033 -1.85891e-17 7.16586 -1.41888 0.583314 11.51 0.203314 -2.38665e-17 8.94839 -0.861631 -0.144836 13.551 0.598938 -2.73615e-17 9.94144 1.48576 0.314502 0.263737 -0.0347756 -1.21725e-17 4.50977 0.67399 -0.716995 -3.26432 -5.12419 -1.70689e-17 4.54241 0.39741 2.82483 -4.54097 -0.795973 -1.89342e-17 4.5512 0.720839 3.05871 -17.8786 -0.43612 1.16172 -7.16758 7.09827 22.8975 8.27138 14.2057 12.2059 3.06167 -3.07978 -136.263 20.4192 78.1454 27.5197 0.056351 0.129118 11.6755 -14.8194 -104.245 22.8331 0.0467536 0.107129 17.2585 -8.10989 -7.93152 -1.16172 -7.16756 7.09818 -38.5098 6.17239 -14.2358 -12.2059 3.06167 -3.07978 149.739 34.0831 -81.515 -27.5197 0.056351 0.129118 -11.0031 -16.7132 114.089 -22.8331 0.0467534 0.107129 -24.0109 20.2265 0.455812 8.70282 -3.96247 1.9152 4.77188 -3.35645 -5.72685 -0.803084 -36.5309 -0.617314 -0.967375 3.61274 -0.0325674 -2.19176 -38.0664 -5.69911 4.64516 -0.911208 14.8164 0.734061 -9.31305 11.7736 3.70388e-16 -7.84341e-16 1.62591e-18 -8.70282 -3.96247 1.9152 4.58806 -13.735 10.9806 0.803084 -36.5309 -0.617314 2.80169 10.4013 -0.0729693 2.19176 -38.0664 -5.69911 -0.673365 6.4957 -14.5938 -0.734061 -9.31305 11.7736 -5.96354e-16 -5.59082e-16 -1.27471e-14 
26.4707 88.4112 -8.27777 -3.92172 3.82076 7.04439 0 4.78511 -1.08482 1.06874 -2.36902 -0.46013 0 5.29195 1.00949 0.911257 -0.53933 1.00979 -9.66735e-18 5.64355 0.108362 0.685128 2.37477 0.689388 -1.04072e-17 6.12977 -0.417886 0.58249 7.75207 0.50986 -1.85891e-17 7.16586 -1.41888 0.588494 11.7669 0.188322 -2.38665e-17 8.94839 -0.861631 -0.14051 13.8421 0.577479 -2.73615e-17 9.94144 1.48576 0.318917 0.212501 -0.0462531 -1.21725e-17 4.50977 0.67399 -0.68102 -3.10714 -5.06339 -1.70689e-17 4.54241 0.39741 2.77594 -4.61 -0.78972 -1.89342e-17 4.5512 0.720839 3.08801 -17.869 -0.370434 1.16172 -7.16758 7.09827 22.9841 7.90915 14.2952 12.2059 3.06167 -3.07978 -136.177 20.5678 77.8761 27.5197 0.056351 0.129118 11.712 -14.6733 -103.511 22.8331 0.0467536 0.107129 17.3204 -8.48294 -7.50052 -1.16172 -7.16756 7.09818 -38.3922 5.86266 -14.2521 -12.2059 3.06167 -3.07978 149.55 34.0952 -81.2629 -27.5197 0.056351 0.129118 -11.0183 -16.68 113.91 -22.8331 0.0467534 0.107129 -23.9638 19.8796 0.26636 8.70282 -3.96247 1.9152 4.72918 -3.57403 -5.70307 -0.803084 -36.5309 -0.617314 -0.960162 3.58582 -0.0325503 -2.19176 -38.0664 -5.69911 4.40708 -0.571558 14.8013 0.734061 -9.31305 11.7736 -3.46707e-16 -8.0675e-16 2.40351e-17 -8.70282 -3.96247 1.9152 4.59883 -13.5451 11.0287 0.803084 -36.5309 -0.617314 2.6402 9.8107 -0.0549445 2.19176 -38.0664 -5.69911 -0.614146 6.78624 -14.5759 -0.734061 -9.31305 11.7736 -5.96354e-16 -5.59082e-16 -1.27471e-14 
26.4389 88.4639 -8.26247 -3.8788 3.92353 7.05591 0 4.78511 -1.08482 1.07251 -2.64295 -0.470024 0 5.29195 1.00949 0.929632 -0.785013 0.992204 -9.66735e-18 5.64355 0.108362 0.70012 2.2369 0.675151 -1.04072e-17 6.12977 -0.417886 0.595313 7.83157 0.498168 -1.85891e-17 7.16586 -1.41888 0.596123 11.9659 0.178424 -2.38665e-17 8.94839 -0.861631 -0.136015 14.0656 0.560151 -2.73615e-17 9.94144 1.48576 0.322202 0.16991 -0.0533646 -1.21725e-17 4.50977 0.67399 -0.65502 -3.0127 -5.02367 -1.70689e-17 4.54241 0.39741 2.72161 -4.67012 -0.790451 -1.89342e-17 4.5512 0.720839 3.07357 -17.8139 -0.356372 1.16172 -7.16758 7.09827 23.1058 7.61075 14.3511 12.2059 3.06167 -3.07978 -136.128 20.6638 77.6014 27.5197 0.056351 0.129118 11.7492 -14.5151 -102.72 22.8331 0.0467536 0.107129 17.2773 -8.70593 -7.21152 -1.16172 -7.16756 7.09818 -38.3042 5.63229 -14.2399 -12.2059 3.06167 -3.07978 149.383 34.0663 -80.9908 -27.5197 0.056351 0.129118 -11.0449 -16.6214 113.594 -22.8331 0.0467534 0.107129 -23.9787 19.3463 0.156397 8.70282 -3.96247 1.9152 4.68874 -3.74864 -5.73111 -0.803084 -36.5309 -0.617314 -0.962034 3.5928 -0.0325551 -2.19176 -38.0664 -5.69911 4.21353 -0.341631 14.7937 0.734061 -9.31305 11.7736 2.48481e-17 -7.95139e-16 1.2424e-17 -8.70282 -3.96247 1.9152 4.60184 -13.3309 11.0601 0.803084 -36.5309 -0.617314 2.4977 9.28806 -0.0404284 2.19176 -38.0664 -5.69911 -0.555642 6.93209 -14.5715 -0.734061 -9.31305 11.7736 -5.96354e-16 -5.59082e-16 -1.27471e-14 
26.3957 88.5175 -8.22968 -3.82479 3.98817 7.03045 0 4.78511 -1.08482 1.0851 -2.85502 -0.479123 0 5.29195 1.00949 0.951772 -0.974601 0.97631 -9.66735e-18 5.64355 0.108362 0.718001 2.13307 0.661335 -1.04072e-17 6.12977 -0.417886 0.608912 7.89625 0.486202 -1.85891e-17 7.16586 -1.41888 0.603026 12.1235 0.167664 -2.38665e-17 8.94839 -0.861631 -0.134611 14.2434 0.543554 -2.73615e-17 9.94144 1.48576 0.321401 0.137654 -0.0581487 -1.21725e-17 4.50977 0.67399 -0.651239 -2.95712 -5.00951 -1.70689e-17 4.54241 0.39741 2.6519 -4.7378 -0.799207 -1.89342e-17 4.5512 0.720839 3.08947 -17.7293 -0.30979 1.16172 -7.16758 7.09827 23.0808 7.37171 14.4092 12.2059 3.06167 -3.07978 -136.107 20.7471 77.3305 27.5197 0.056351 0.129118 11.7778 -14.3858 -102.075 22.8331 0.0467536 0.107129 17.3702 -8.42186 -6.94385 -1.16172 -7.16756 7.09818 -38.1079 5.45352 -14.2403 -12.2059 3.06167 -3.07978 149.258 34.0594 -80.7248 -27.5197 0.056351 0.129118 -11.0756 -16.5525 113.224 -22.8331 0.0467534 0.107129 -24.0877 18.8996 0.0467394 8.70282 -3.96247 1.9152 4.65565 -3.87529 -5.73237 -0.803084 -36.5309 -0.617314 -0.968418 3.61663 -0.0325696 -2.19176 -38.0664 -5.69911 4.03281 -0.100241 14.7823 0.734061 -9.31305 11.7736 2.48481e-17 -7.95139e-16 1.2424e-17 -8.70282 -3.96247 1.9152 4.61415 -13.069 11.0966 0.803084 -36.5309 -0.617314 2.35625 8.76803 -0.0273117 2.19176 -38.0664 -5.69911 -0.490801 7.09117 -14.5678 -0.734061 -9.31305 11.7736 -5.96354e-16 -5.59082e-16 -1.27471e-14 
26.3395 88.5804 -8.19637 -3.7643 4.03294 6.99401 0 4.78511 -1.08482 1.10267 -3.02481 -0.4862 0 5.29195 1.00949 0.975094 -1.11986 0.958577 -9.66735e-18 5.64355 0.108362 0.736809 2.06057 0.64534 -1.04072e-17 6.12977 -0.417886 0.622104 7.9576 0.472321 -1.85891e-17 7.16586 -1.41888 0.608669 12.2568 0.155176 -2.38665e-17 8.94839 -0.861631 -0.134916 14.3934 0.525206 -2.73615e-17 9.94144 1.48576 0.316491 0.111675 -0.0618362 -1.21725e-17 4.50977 0.67399 -0.661824 -2.89424 -5.00492 -1.70689e-17 4.54241 0.39741 2.58565 -4.82964 -0.812332 -1.89342e-17 4.5512 0.720839 3.10925 -17.6617 -0.24781 1.16172 -7.16758 7.09827 22.9101 7.13904 14.4948 12.2059 3.06167 -3.07978 -135.922 20.8832 76.9201 27.5197 0.056351 0.129118 11.7986 -14.2871 -101.584 22.8331 0.0467536 0.107129 17.5006 -7.45859 -6.57127 -1.16172 -7.16756 7.09818 -37.7988 5.29902 -14.2629 -12.2059 3.06167 -3.07978 149.034 34.0993 -80.3568 -27.5197 0.056351 0.129118 -11.1089 -16.4762 112.816 -22.8331 0.0467534 0.107129 -24.1657 18.5206 -0.117988 8.70282 -3.96247 1.9152 4.63336 -4.0002 -5.73844 -0.803084 -36.5309 -0.617314 -0.98395 3.67461 -0.0325937 -2.19176 -38.0664 -5.69911 3.81359 0.170286 14.773 0.734061 -9.31305 11.7736 5.08627e-17 -7.94326e-16 1.16111e-17 -8.70282 -3.96247 1.9152 4.63435 -12.7922 11.159 0.803084 -36.5309 -0.617314 2.21505 8.24772 -0.0155045 2.19176 -38.0664 -5.69911 -0.429163 7.31436 -14.5571 -0.734061 -9.31305 11.7736 -5.96354e-16 -5.59082e-16 -1.27471e-14 
26.2752 88.6421 -8.16952 -3.6991 4.05924 6.92833 0 4.78511 -1.08482 1.12028 -3.14936 -0.490552 0 5.29195 1.00949 0.997483 -1.22654 0.944019 -9.66735e-18 5.64355 0.108362 0.75516 2.00855 0.632388 -1.04072e-17 6.12977 -0.417886 0.63512 8.00209 0.461748 -1.85891e-17 7.16586 -1.41888 0.615392 12.349 0.145174 -2.38665e-17 8.94839 -0.861631 -0.131107 14.4915 0.508678 -2.73615e-17 9.94144 1.48576 0.311076 0.0908865 -0.0636288 -1.21725e-17 4.50977 0.67399 -0.666191 -2.84719 -5.0089 -1.70689e-17 4.54241 0.39741 2.53781 -4.89171 -0.83037 -1.89342e-17 4.5512 0.720839 3.08665 -17.5445 -0.182251 1.16172 -7.16758 7.09827 22.7352 6.93668 14.5559 12.2059 3.06167 -3.07978 -135.706 21.0312 76.4307 27.5197 0.056351 0.129118 11.816 -14.201 -101.157 22.8331 0.0467536 0.107129 17.5553 -6.02453 -6.23097 -1.16172 -7.16756 7.09818 -37.5168 5.1783 -14.2626 -12.2059 3.06167 -3.07978 148.688 34.1446 -79.8498 -27.5197 0.056351 0.129118 -11.1502 -16.3793 112.299 -22.8331 0.0467534 0.107129 -24.1254 18.1085 -0.333235 8.70282 -3.96247 1.9152 4.61581 -4.11324 -5.7324 -0.803084 -36.5309 -0.617314 -1.0051 3.75355 -0.0326013 -2.19176 -38.0664 -5.69911 3.61775 0.442145 14.762 0.734061 -9.31305 11.7736 3.70388e-16 -7.84341e-16 1.62591e-18 -8.70282 -3.96247 1.9152 4.65973 -12.5338 11.2489 0.803084 -36.5309 -0.617314 2.08863 7.78091 -0.00602645 2.19176 -38.0664 -5.69911 -0.355156 7.54993 -14.546 -0.734061 -9.31305 11.7736 -6.22369e-16 -5.58269e-16 -1.27454e-14 
26.199 88.7026 -8.12869 -3.63156 4.08348 6.83335 0 4.78511 -1.08482 1.13582 -3.25734 -0.484836 0 5.29195 1.00949 1.01615 -1.32846 0.941905 -9.66735e-18 5.64355 0.108362 0.769198 1.94727 0.631859 -1.04072e-17 6.12977 -0.417886 0.642624 8.01423 0.463597 -1.85891e-17 7.16586 -1.41888 0.618271 12.3923 0.147724 -2.38665e-17 8.94839 -0.861631 -0.125583 14.5349 0.50611 -2.73615e-17 9.94144 1.48576 0.305429 0.0765584 -0.0625754 -1.21725e-17 4.50977 0.67399 -0.668786 -2.81555 -5.04218 -1.70689e-17 4.54241 0.39741 2.48301 -4.90383 -0.862755 -1.89342e-17 4.5512 0.720839 3.03789 -17.3448 -0.14718 1.16172 -7.16758 7.09827 22.5782 6.77418 14.5625 12.2059 3.06167 -3.07978 -135.592 21.2042 76.0023 27.5197 0.056351 0.129118 11.8285 -14.1371 -100.841 22.8331 0.0467536 0.107129 17.6173 -4.45085 -6.00057 -1.16172 -7.16756 7.09818 -37.2582 5.0977 -14.2297 -12.2059 3.06167 -3.07978 148.341 34.1759 -79.3494 -27.5197 0.056351 0.129118 -11.1997 -16.2598 111.665 -22.8331 0.0467534 0.107129 -24.0079 17.6553 -0.597188 8.70282 -3.96247 1.9152 4.60763 -4.19475 -5.6737 -0.803084 -36.5309 -0.617314 -1.02156 3.81496 -0.032587 -2.19176 -38.0664 -5.69911 3.41505 0.706682 14.7528 0.734061 -9.31305 11.7736 -3.20692e-16 -8.05937e-16 2.32222e-17 -8.70282 -3.96247 1.9152 4.691 -12.2954 11.3672 0.803084 -36.5309 -0.617314 1.97646 7.3661 0.00151568 2.19176 -38.0664 -5.69911 -0.239336 7.77022 -14.5399 -0.734061 -9.31305 11.7736 -9.67909e-16 -5.47471e-16 -1.27238e-14 
26.1248 88.7734 -8.07678 -3.55312 4.09889 6.7183 0 4.78511 -1.08482 1.14055 -3.34077 -0.474329 0 5.29195 1.00949 1.02432 -1.41391 0.9415 -9.66735e-18 5.64355 0.108362 0.775048 1.88433 0.633788 -1.04072e-17 6.12977 -0.417886 0.643381 7.98716 0.468384 -1.85891e-17 7.16586 -1.41888 0.616419 12.3713 0.154654 -2.38665e-17 8.94839 -0.861631 -0.118604 14.5099 0.507217 -2.73615e-17 9.94144 1.48576 0.298792 0.0709522 -0.0583958 -1.21725e-17 4.50977 0.67399 -0.674902 -2.76755 -5.07247 -1.70689e-17 4.54241 0.39741 2.42804 -4.90246 -0.894375 -1.89342e-17 4.5512 0.720839 2.98637 -17.0521 -0.0970912 1.16172 -7.16758 7.09827 22.3679 6.62994 14.5305 12.2059 3.06167 -3.07978 -135.417 21.4665 75.5954 27.5197 0.056351 0.129118 11.8338 -14.109 -100.702 22.8331 0.0467536 0.107129 17.6708 -2.80559 -5.74458 -1.16172 -7.16756 7.09818 -36.9178 5.0464 -14.1662 -12.2059 3.06167 -3.07978 148.082 34.2166 -78.9486 -27.5197 0.056351 0.129118 -11.2516 -16.1303 110.982 -22.8331 0.0467534 0.107129 -23.8926 17.3455 -0.962449 8.70282 -3.96247 1.9152 4.58797 -4.2155 -5.62385 -0.803084 -36.5309 -0.617314 -1.01861 3.80397 -0.0325908 -2.19176 -38.0664 -5.69911 3.17434 1.02496 14.7442 0.734061 -9.31305 11.7736 3.70388e-16 -7.84341e-16 1.62591e-18 -8.70282 -3.96247 1.9152 4.70996 -12.0696 11.5129 0.803084 -36.5309 -0.617314 1.87505 6.99051 0.00763262 2.19176 -38.0664 -5.69911 -0.0812467 8.02826 -14.5354 -0.734061 -9.31305 11.7736 -5.96354e-16 -5.59082e-16 -1.27471e-14 
26.0671 88.8325 -8.00859 -3.48883 4.09157 6.58695 0 4.78511 -1.08482 1.16151 -3.42575 -0.462002 0 5.29195 1.00949 1.04687 -1.50437 0.946806 -9.66735e-18 5.64355 0.108362 0.791907 1.81291 0.641695 -1.04072e-17 6.12977 -0.417886 0.650589 7.94839 0.479136 -1.85891e-17 7.16586 -1.41888 0.61861 12.3357 0.166009 -2.38665e-17 8.94839 -0.861631 -0.110098 14.4695 0.515314 -2.73615e-17 9.94144 1.48576 0.290392 0.0673912 -0.0513834 -1.21725e-17 4.50977 0.67399 -0.678817 -2.70208 -5.11085 -1.70689e-17 4.54241 0.39741 2.35164 -4.84923 -0.931093 -1.89342e-17 4.5512 0.720839 2.89921 -16.7303 -0.0570612 1.16172 -7.16758 7.09827 22.2083 6.50143 14.4737 12.2059 3.06167 -3.07978 -135.238 21.7149 75.2328 27.5197 0.056351 0.129118 11.8319 -14.1191 -100.751 22.8331 0.0467536 0.107129 17.6472 -1.0779 -5.57496 -1.16172 -7.16756 7.09818 -36.5978 5.00351 -14.0836 -12.2059 3.06167 -3.07978 147.833 34.2358 -78.5642 -27.5197 0.056351 0.129118 -11.3081 -15.9835 110.212 -22.8331 0.0467534 0.107129 -23.7599 17.0875 -1.37393 8.70282 -3.96247 1.9152 4.57504 -4.18605 -5.54997 -0.803084 -36.5309 -0.617314 -1.01512 3.79093 -0.0325947 -2.19176 -38.0664 -5.69911 2.9681 1.28326 14.7393 0.734061 -9.31305 11.7736 -3.20692e-16 -8.05937e-16 2.32222e-17 -8.70282 -3.96247 1.9152 4.73462 -11.8625 11.6724 0.803084 -36.5309 -0.617314 1.8009 6.71563 0.0116821 2.19176 -38.0664 -5.69911 0.0664535 8.23424 -14.5333 -0.734061 -9.31305 11.7736 -5.70339e-16 -5.60708e-16 -1.27479e-14 
26.0242 88.8648 -7.94347 -3.44877 4.09906 6.4682 0 4.78511 -1.08482 1.21045 -3.49535 -0.45482 0 5.29195 1.00949 1.09545 -1.58858 0.956087 -9.66735e-18 5.64355 0.108362 0.829832 1.73708 0.653459 -1.04072e-17 6.12977 -0.417886 0.673244 7.89473 0.493811 -1.85891e-17 7.16586 -1.41888 0.631814 12.2785 0.177538 -2.38665e-17 8.94839 -0.861631 -0.096443 14.4009 0.525323 -2.73615e-17 9.94144 1.48576 0.28242 0.0665565 -0.0407914 -1.21725e-17 4.50977 0.67399 -0.672396 -2.66502 -5.15124 -1.70689e-17 4.54241 0.39741 2.25608 -4.75288 -0.968362 -1.89342e-17 4.5512 0.720839 2.73298 -16.3609 -0.0761097 1.16172 -7.16758 7.09827 22.1608 6.41464 14.383 12.2059 3.06167 -3.07978 -135.134 21.9159 74.9458 27.5197 0.056351 0.129118 11.8233 -14.1642 -100.975 22.8331 0.0467536 0.107129 17.5294 0.572203 -5.60116 -1.16172 -7.16756 7.09818 -36.3978 4.99335 -13.9658 -12.2059 3.06167 -3.07978 147.567 34.2111 -78.1889 -27.5197 0.056351 0.129118 -11.3726 -15.808 109.297 -22.8331 0.0467534 0.107129 -23.6561 16.8103 -1.68772 8.70282 -3.96247 1.9152 4.57207 -4.15302 -5.49015 -0.803084 -36.5309 -0.617314 -1.00894 3.76787 -0.0325995 -2.19176 -38.0664 -5.69911 2.81628 1.41308 14.7413 0.734061 -9.31305 11.7736 3.44374e-16 -7.85966e-16 3.25182e-18 -8.70282 -3.96247 1.9152 4.77024 -11.7183 11.8415 0.803084 -36.5309 -0.617314 1.75359 6.54013 0.0140791 2.19176 -38.0664 -5.69911 0.191539 8.31278 -14.5425 -0.734061 -9.31305 11.7736 -2.50814e-16 -5.81491e-16 -1.27571e-14 
25.9777 88.8752 -7.88161 -3.41651 4.12388 6.38882 0 4.78511 -1.08482 1.27057 -3.52015 -0.455158 0 5.29195 1.00949 1.15441 -1.64094 0.962669 -9.66735e-18 5.64355 0.108362 0.877623 1.66625 0.662648 -1.04072e-17 6.12977 -0.417886 0.704596 7.80251 0.506363 -1.85891e-17 7.16586 -1.41888 0.651635 12.157 0.184656 -2.38665e-17 8.94839 -0.861631 -0.0783936 14.2605 0.53262 -2.73615e-17 9.94144 1.48576 0.273407 0.0746696 -0.0257588 -1.21725e-17 4.50977 0.67399 -0.663772 -2.66643 -5.18714 -1.70689e-17 4.54241 0.39741 2.14863 -4.61914 -1.00051 -1.89342e-17 4.5512 0.720839 2.51727 -15.934 -0.1406 1.16172 -7.16758 7.09827 22.1278 6.37986 14.2683 12.2059 3.06167 -3.07978 -135.129 22.1155 74.76 27.5197 0.056351 0.129118 11.8041 -14.2607 -101.453 22.8331 0.0467536 0.107129 17.4223 2.17303 -5.69589 -1.16172 -7.16756 7.09818 -36.2394 5.03622 -13.8037 -12.2059 3.06167 -3.07978 147.364 34.1541 -77.9167 -27.5197 0.056351 0.129118 -11.4394 -15.6158 108.302 -22.8331 0.0467534 0.107129 -23.6179 16.6004 -1.9344 8.70282 -3.96247 1.9152 4.57674 -4.16365 -5.45996 -0.803084 -36.5309 -0.617314 -1.01743 3.79954 -0.0325922 -2.19176 -38.0664 -5.69911 2.71165 1.44001 14.7481 0.734061 -9.31305 11.7736 -7.44276e-16 -8.30785e-16 4.80703e-17 -8.70282 -3.96247 1.9152 4.79883 -11.6245 11.9555 0.803084 -36.5309 -0.617314 1.72519 6.43469 0.0154486 2.19176 -38.0664 -5.69911 0.329743 8.26351 -14.564 -0.734061 -9.31305 11.7736 -9.41894e-16 -5.49097e-16 -1.27247e-14 
25.908 88.8866 -7.80632 -3.41591 4.12044 6.35315 0 4.78511 -1.08482 1.32979 -3.51414 -0.467041 0 5.29195 1.00949 1.21538 -1.66511 0.954135 -9.66735e-18 5.64355 0.108362 0.930745 1.60552 0.658321 -1.04072e-17 6.12977 -0.417886 0.744138 7.68439 0.506696 -1.85891e-17 7.16586 -1.41888 0.679372 11.9863 0.178857 -2.38665e-17 8.94839 -0.861631 -0.0520332 14.0646 0.524866 -2.73615e-17 9.94144 1.48576 0.263474 0.0894312 -0.00788215 -1.21725e-17 4.50977 0.67399 -0.648253 -2.63625 -5.19309 -1.70689e-17 4.54241 0.39741 2.05589 -4.4783 -1.01863 -1.89342e-17 4.5512 0.720839 2.25991 -15.4871 -0.201054 1.16172 -7.16758 7.09827 22.0596 6.33679 14.153 12.2059 3.06167 -3.07978 -134.966 22.3781 74.462 27.5197 0.056351 0.129118 11.7738 -14.4046 -102.169 22.8331 0.0467536 0.107129 17.2513 3.83083 -5.65092 -1.16172 -7.16756 7.09818 -36.0488 5.08415 -13.6144 -12.2059 3.06167 -3.07978 147.226 34.0979 -77.7323 -27.5197 0.056351 0.129118 -11.5002 -15.4302 107.347 -22.8331 0.0467534 0.107129 -23.5657 16.5646 -2.32679 8.70282 -3.96247 1.9152 4.6275 -4.12424 -5.4605 -0.803084 -36.5309 -0.617314 -1.01624 3.79512 -0.0325935 -2.19176 -38.0664 -5.69911 2.59448 1.45302 14.7597 0.734061 -9.31305 11.7736 -3.46707e-16 -8.0675e-16 2.40351e-17 -8.70282 -3.96247 1.9152 4.86539 -11.519 12.0194 0.803084 -36.5309 -0.617314 1.70326 6.35328 0.0164697 2.19176 -38.0664 -5.69911 0.464905 8.24358 -14.5789 -0.734061 -9.31305 11.7736 -2.24799e-16 -5.82304e-16 -1.27587e-14 
25.8193 88.8925 -7.70063 -3.41893 4.08843 6.3757 0 4.78511 -1.08482 1.38171 -3.51335 -0.491166 0 5.29195 1.00949 1.27366 -1.69294 0.93252 -9.66735e-18 5.64355 0.108362 0.984143 1.54205 0.642565 -1.04072e-17 6.12977 -0.417886 0.787653 7.56685 0.497217 -1.85891e-17 7.16586 -1.41888 0.711661 11.8149 0.163465 -2.38665e-17 8.94839 -0.861631 -0.0203839 13.8612 0.504681 -2.73615e-17 9.94144 1.48576 0.253739 0.101292 0.0116773 -1.21725e-17 4.50977 0.67399 -0.619255 -2.54455 -5.15782 -1.70689e-17 4.54241 0.39741 1.97239 -4.32141 -1.02027 -1.89342e-17 4.5512 0.720839 1.96602 -15.0843 -0.286182 1.16172 -7.16758 7.09827 22.1353 6.24748 14.0293 12.2059 3.06167 -3.07978 -134.616 22.6938 73.9937 27.5197 0.056351 0.129118 11.7405 -14.5534 -102.911 22.8331 0.0467536 0.107129 16.8884 5.53224 -5.58961 -1.16172 -7.16756 7.09818 -35.9238 5.10921 -13.3846 -12.2059 3.06167 -3.07978 147.178 34.0153 -77.5802 -27.5197 0.056351 0.129118 -11.5623 -15.2284 106.316 -22.8331 0.0467534 0.107129 -23.4837 16.5664 -2.78018 8.70282 -3.96247 1.9152 4.68521 -4.00107 -5.48996 -0.803084 -36.5309 -0.617314 -0.995796 3.71882 -0.0326015 -2.19176 -38.0664 -5.69911 2.4789 1.4541 14.7759 0.734061 -9.31305 11.7736 1.02878e-16 -7.91887e-16 9.17281e-18 -8.70282 -3.96247 1.9152 4.94196 -11.3525 12.0116 0.803084 -36.5309 -0.617314 1.67661 6.25431 0.0176688 2.19176 -38.0664 -5.69911 0.563735 8.19012 -14.5893 -0.734061 -9.31305 11.7736 -5.96354e-16 -5.59082e-16 -1.27471e-14 
25.7219 88.8881 -7.56297 -3.43343 4.03544 6.41755 0 4.78511 -1.08482 1.43321 -3.5045 -0.527073 0 5.29195 1.00949 1.33501 -1.71767 0.902538 -9.66735e-18 5.64355 0.108362 1.04223 1.47622 0.619366 -1.04072e-17 6.12977 -0.417886 0.837882 7.44057 0.481611 -1.85891e-17 7.16586 -1.41888 0.750306 11.6298 0.141279 -2.38665e-17 8.94839 -0.861631 0.0166956 13.6363 0.474599 -2.73615e-17 9.94144 1.48576 0.243869 0.112901 0.0339691 -1.21725e-17 4.50977 0.67399 -0.582273 -2.44321 -5.09683 -1.70689e-17 4.54241 0.39741 1.89875 -4.14644 -1.01094 -1.89342e-17 4.5512 0.720839 1.63491 -14.6449 -0.377504 1.16172 -7.16758 7.09827 22.3503 6.14871 13.8819 12.2059 3.06167 -3.07978 -134.207 23.0185 73.4263 27.5197 0.056351 0.129118 11.706 -14.6982 -103.636 22.8331 0.0467536 0.107129 16.4131 7.10545 -5.62056 -1.16172 -7.16756 7.09818 -35.8551 5.14353 -13.1055 -12.2059 3.06167 -3.07978 147.17 33.8945 -77.4568 -27.5197 0.056351 0.129118 -11.6297 -14.9925 105.119 -22.8331 0.0467534 0.107129 -23.4293 16.5001 -3.14383 8.70282 -3.96247 1.9152 4.75468 -3.79651 -5.56602 -0.803084 -36.5309 -0.617314 -0.957683 3.57656 -0.0325437 -2.19176 -38.0664 -5.69911 2.39402 1.41975 14.7934 0.734061 -9.31305 11.7736 1.19155e-15 -7.46255e-16 -3.64593e-17 -8.70282 -3.96247 1.9152 5.04471 -11.0934 12.004 0.803084 -36.5309 -0.617314 1.629 6.07748 0.0196953 2.19176 -38.0664 -5.69911 0.656663 8.08073 -14.608 -0.734061 -9.31305 11.7736 -5.70344e-16 -5.60707e-16 -1.27479e-14 
25.6202 88.8713 -7.39853 -3.42499 3.99943 6.44887 0 4.78511 -1.08482 1.4605 -3.48334 -0.575392 0 5.29195 1.00949 1.37668 -1.73393 0.858682 -9.66735e-18 5.64355 0.108362 1.08674 1.4106 0.582648 -1.04072e-17 6.12977 -0.417886 0.881918 7.30171 0.45296 -1.85891e-17 7.16586 -1.41888 0.785793 11.4266 0.107794 -2.38665e-17 8.94839 -0.861631 0.052227 13.3904 0.430258 -2.73615e-17 9.94144 1.48576 0.233265 0.125701 0.0568294 -1.21725e-17 4.50977 0.67399 -0.545943 -2.3213 -4.99277 -1.70689e-17 4.54241 0.39741 1.82335 -3.97075 -0.980483 -1.89342e-17 4.5512 0.720839 1.3379 -14.2126 -0.400352 1.16172 -7.16758 7.09827 22.63 6.04779 13.7214 12.2059 3.06167 -3.07978 -133.806 23.3962 72.8812 27.5197 0.056351 0.129118 11.6701 -14.8406 -104.352 22.8331 0.0467536 0.107129 15.9152 8.37819 -5.71314 -1.16172 -7.16756 7.09818 -35.7667 5.18763 -12.7976 -12.2059 3.06167 -3.07978 147.25 33.7627 -77.4343 -27.5197 0.056351 0.129118 -11.6936 -14.7486 103.889 -22.8331 0.0467534 0.107129 -23.4353 16.4806 -3.43886 8.70282 -3.96247 1.9152 4.79372 -3.53423 -5.58864 -0.803084 -36.5309 -0.617314 -0.896875 3.34956 -0.032255 -2.19176 -38.0664 -5.69911 2.34777 1.37003 14.806 0.734061 -9.31305 11.7736 8.45997e-16 -7.57054e-16 -2.56609e-17 -8.70282 -3.96247 1.9152 5.13218 -10.7845 12.0467 0.803084 -36.5309 -0.617314 1.5649 5.83924 0.0221912 2.19176 -38.0664 -5.69911 0.767658 7.86756 -14.6413 -0.734061 -9.31305 11.7736 -2.24794e-16 -5.82304e-16 -1.27587e-14 
25.5192 88.8619 -7.21923 -3.45177 3.98347 6.49116 0 4.78511 -1.08482 1.48416 -3.48303 -0.643212 0 5.29195 1.00949 1.41718 -1.76115 0.791761 -9.66735e-18 5.64355 0.108362 1.1329 1.34644 0.523966 -1.04072e-17 6.12977 -0.417886 0.931218 7.1829 0.403737 -1.85891e-17 7.16586 -1.41888 0.825736 11.2537 0.0541828 -2.38665e-17 8.94839 -0.861631 0.0885019 13.1795 0.362795 -2.73615e-17 9.94144 1.48576 0.221434 0.1341 0.0800864 -1.21725e-17 4.50977 0.67399 -0.519496 -2.17806 -4.84956 -1.70689e-17 4.54241 0.39741 1.74653 -3.86221 -0.930128 -1.89342e-17 4.5512 0.720839 1.09489 -13.8543 -0.334742 1.16172 -7.16758 7.09827 22.8292 5.8828 13.5991 12.2059 3.06167 -3.07978 -133.249 23.8899 72.1791 27.5197 0.056351 0.129118 11.6302 -14.9905 -105.108 22.8331 0.0467536 0.107129 15.4042 9.28752 -5.66026 -1.16172 -7.16756 7.09818 -35.5723 5.18828 -12.4849 -12.2059 3.06167 -3.07978 147.383 33.6312 -77.5525 -27.5197 0.056351 0.129118 -11.7474 -14.5238 102.763 -22.8331 0.0467534 0.107129 -23.5165 16.6122 -3.71295 8.70282 -3.96247 1.9152 4.85225 -3.22977 -5.53325 -0.803084 -36.5309 -0.617314 -0.807105 3.01436 -0.0313878 -2.19176 -38.0664 -5.69911 2.31121 1.35518 14.8157 0.734061 -9.31305 11.7736 1.0615e-15 -7.51945e-16 -3.07697e-17 -8.70282 -3.96247 1.9152 5.25561 -10.4581 12.1017 0.803084 -36.5309 -0.617314 1.48314 5.53513 0.0249863 2.19176 -38.0664 -5.69911 0.862468 7.72186 -14.6657 -0.734061 -9.31305 11.7736 -6.22364e-16 -5.58269e-16 -1.27454e-14 
25.4253 88.863 -7.04773 -3.48141 3.97249 6.54339 0 4.78511 -1.08482 1.50531 -3.5103 -0.718692 0 5.29195 1.00949 1.45626 -1.80465 0.713299 -9.66735e-18 5.64355 0.108362 1.17881 1.28368 0.455186 -1.04072e-17 6.12977 -0.417886 0.981375 7.09161 0.346257 -1.85891e-17 7.16586 -1.41888 0.866266 11.1195 -0.0061727 -2.38665e-17 8.94839 -0.861631 0.124749 13.012 0.284776 -2.73615e-17 9.94144 1.48576 0.208846 0.135875 0.102908 -1.21725e-17 4.50977 0.67399 -0.497746 -1.96029 -4.68157 -1.70689e-17 4.54241 0.39741 1.68751 -3.82187 -0.870816 -1.89342e-17 4.5512 0.720839 0.865323 -13.6276 -0.27096 1.16172 -7.16758 7.09827 23.0197 5.63091 13.527 12.2059 3.06167 -3.07978 -132.396 24.4665 71.2156 27.5197 0.056351 0.129118 11.592 -15.1264 -105.797 22.8331 0.0467536 0.107129 14.7869 10.1001 -5.56198 -1.16172 -7.16756 7.09818 -35.2991 5.13965 -12.183 -12.2059 3.06167 -3.07978 147.543 33.5077 -77.7002 -27.5197 0.056351 0.129118 -11.7933 -14.3137 101.716 -22.8331 0.0467534 0.107129 -23.6602 16.8572 -4.05639 8.70282 -3.96247 1.9152 4.90167 -2.90984 -5.4959 -0.803084 -36.5309 -0.617314 -0.701499 2.61992 -0.0296943 -2.19176 -38.0664 -5.69911 2.24142 1.3956 14.8274 0.734061 -9.31305 11.7736 -1.08983e-15 -8.41584e-16 5.8869e-17 -8.70282 -3.96247 1.9152 5.37741 -10.1355 12.1189 0.803084 -36.5309 -0.617314 1.39451 5.20528 0.0275237 2.19176 -38.0664 -5.69911 0.925214 7.64988 -14.6795 -0.734061 -9.31305 11.7736 -9.41904e-16 -5.49096e-16 -1.27247e-14 
25.333 88.8684 -6.89141 -3.53602 4.02407 6.60494 0 4.78511 -1.08482 1.53859 -3.54793 -0.801464 0 5.29195 1.00949 1.50709 -1.85836 0.630486 -9.66735e-18 5.64355 0.108362 1.23377 1.21531 0.382591 -1.04072e-17 6.12977 -0.417886 1.03774 7.00554 0.286325 -1.85891e-17 7.16586 -1.41888 0.909081 10.9949 -0.0694351 -2.38665e-17 8.94839 -0.861631 0.157905 12.853 0.2005 -2.73615e-17 9.94144 1.48576 0.195176 0.133799 0.126195 -1.21725e-17 4.50977 0.67399 -0.480398 -1.72252 -4.50327 -1.70689e-17 4.54241 0.39741 1.61967 -3.83422 -0.810937 -1.89342e-17 4.5512 0.720839 0.618342 -13.4868 -0.214145 1.16172 -7.16758 7.09827 23.2795 5.33753 13.4653 12.2059 3.06167 -3.07978 -131.394 25.083 70.0421 27.5197 0.056351 0.129118 11.5607 -15.2334 -106.341 22.8331 0.0467536 0.107129 14.0776 11.1215 -5.51309 -1.16172 -7.16756 7.09818 -35.0251 5.08618 -11.8707 -12.2059 3.06167 -3.07978 147.638 33.3864 -77.7765 -27.5197 0.056351 0.129118 -11.8404 -14.0749 100.533 -22.8331 0.0467534 0.107129 -23.8421 17.0252 -4.26452 8.70282 -3.96247 1.9152 4.96579 -2.67288 -5.45338 -0.803084 -36.5309 -0.617314 -0.597367 2.23093 -0.0273121 -2.19176 -38.0664 -5.69911 2.19818 1.452 14.8328 0.734061 -9.31305 11.7736 2.48481e-17 -7.95139e-16 1.2424e-17 -8.70282 -3.96247 1.9152 5.51927 -9.91256 12.1434 0.803084 -36.5309 -0.617314 1.31376 4.90452 0.02939 2.19176 -38.0664 -5.69911 0.975346 7.62199 -14.6928 -0.734061 -9.31305 11.7736 -1.72775e-16 -5.84743e-16 -1.27603e-14 
25.2443 88.887 -6.74809 -3.58411 4.11517 6.68081 0 4.78511 -1.08482 1.57652 -3.58872 -0.88997 0 5.29195 1.00949 1.56115 -1.91493 0.544339 -9.66735e-18 5.64355 0.108362 1.29076 1.14772 0.306089 -1.04072e-17 6.12977 -0.417886 1.09482 6.9259 0.222974 -1.85891e-17 7.16586 -1.41888 0.950567 10.8811 -0.135689 -2.38665e-17 8.94839 -0.861631 0.18535 12.7084 0.112349 -2.73615e-17 9.94144 1.48576 0.179444 0.13043 0.149841 -1.21725e-17 4.50977 0.67399 -0.482915 -1.49218 -4.32316 -1.70689e-17 4.54241 0.39741 1.54333 -3.89592 -0.750762 -1.89342e-17 4.5512 0.720839 0.392238 -13.3965 -0.169385 1.16172 -7.16758 7.09827 23.5432 5.03564 13.4247 12.2059 3.06167 -3.07978 -130.321 25.6941 68.7474 27.5197 0.056351 0.129118 11.532 -15.3283 -106.826 22.8331 0.0467536 0.107129 13.359 12.4058 -5.53652 -1.16172 -7.16756 7.09818 -34.6794 5.0336 -11.5582 -12.2059 3.06167 -3.07978 147.664 33.2684 -77.8107 -27.5197 0.056351 0.129118 -11.883 -13.8311 99.3301 -22.8331 0.0467534 0.107129 -24.1171 17.1793 -4.41631 8.70282 -3.96247 1.9152 5.014 -2.48843 -5.41486 -0.803084 -36.5309 -0.617314 -0.48902 1.82616 -0.0240828 -2.19176 -38.0664 -5.69911 2.1489 1.58787 14.8306 0.734061 -9.31305 11.7736 -1.16175e-18 -7.95951e-16 1.32368e-17 -8.70282 -3.96247 1.9152 5.64052 -9.72811 12.159 0.803084 -36.5309 -0.617314 1.22468 4.57256 0.0309552 2.19176 -38.0664 -5.69911 1.07416 7.64579 -14.7127 -0.734061 -9.31305 11.7736 6.87355e-17 -5.90664e-16 -1.2767e-14 
25.1546 88.9261 -6.63265 -3.62156 4.17667 6.72007 0 4.78511 -1.08482 1.61955 -3.65165 -0.972201 0 5.29195 1.00949 1.61656 -1.981 0.463209 -9.66735e-18 5.64355 0.108362 1.34748 1.09272 0.234135 -1.04072e-17 6.12977 -0.417886 1.14902 6.8913 0.163795 -1.85891e-17 7.16586 -1.41888 0.989157 10.8306 -0.196821 -2.38665e-17 8.94839 -0.861631 0.207869 12.6354 0.0292353 -2.73615e-17 9.94144 1.48576 0.16132 0.121058 0.17097 -1.21725e-17 4.50977 0.67399 -0.500621 -1.19833 -4.15141 -1.70689e-17 4.54241 0.39741 1.47245 -4.02042 -0.697388 -1.89342e-17 4.5512 0.720839 0.209663 -13.4105 -0.107644 1.16172 -7.16758 7.09827 23.7665 4.70042 13.4476 12.2059 3.06167 -3.07978 -129.068 26.2432 67.2577 27.5197 0.056351 0.129118 11.5013 -15.4266 -107.328 22.8331 0.0467536 0.107129 12.6214 13.8821 -5.55172 -1.16172 -7.16756 7.09818 -34.2229 4.9422 -11.3115 -12.2059 3.06167 -3.07978 147.459 33.1893 -77.6833 -27.5197 0.056351 0.129118 -11.9189 -13.5966 98.1791 -22.8331 0.0467534 0.107129 -24.3431 17.3027 -4.57231 8.70282 -3.96247 1.9152 5.06096 -2.29628 -5.36457 -0.803084 -36.5309 -0.617314 -0.379481 1.41695 -0.0200405 -2.19176 -38.0664 -5.69911 2.04554 1.82278 14.8265 0.734061 -9.31305 11.7736 -2.94692e-16 -8.04311e-16 2.15969e-17 -8.70282 -3.96247 1.9152 5.76034 -9.54162 12.2007 0.803084 -36.5309 -0.617314 1.13309 4.23103 0.0320246 2.19176 -38.0664 -5.69911 1.18266 7.80278 -14.7275 -0.734061 -9.31305 11.7736 -1.633e-15 -5.16701e-16 -1.27039e-14 
25.0739 88.9629 -6.55947 -3.68631 4.36251 6.75376 0 4.78511 -1.08482 1.69073 -3.72854 -1.04789 0 5.29195 1.00949 1.69302 -2.05852 0.395892 -9.66735e-18 5.64355 0.108362 1.41733 1.03557 0.174068 -1.04072e-17 6.12977 -0.417886 1.20846 6.87802 0.115803 -1.85891e-17 7.16586 -1.41888 1.02808 10.8154 -0.248273 -2.38665e-17 8.94839 -0.861631 0.223904 12.6028 -0.0421534 -2.73615e-17 9.94144 1.48576 0.14304 0.106509 0.190952 -1.21725e-17 4.50977 0.67399 -0.532325 -0.925482 -4.0096 -1.70689e-17 4.54241 0.39741 1.40241 -4.15969 -0.657537 -1.89342e-17 4.5512 0.720839 -0.00915803 -13.5011 -0.0672213 1.16172 -7.16758 7.09827 24.0066 4.3761 13.5096 12.2059 3.06167 -3.07978 -127.734 26.7061 65.6619 27.5197 0.056351 0.129118 11.4713 -15.5195 -107.805 22.8331 0.0467536 0.107129 11.9037 15.1311 -5.7292 -1.16172 -7.16756 7.09818 -33.7971 4.86139 -11.1138 -12.2059 3.06167 -3.07978 147.089 33.1044 -77.3992 -27.5197 0.056351 0.129118 -11.9483 -13.3748 97.0941 -22.8331 0.0467534 0.107129 -24.5234 17.3223 -4.6217 8.70282 -3.96247 1.9152 5.11752 -2.30042 -5.29235 -0.803084 -36.5309 -0.617314 -0.291904 1.08982 -0.0162465 -2.19176 -38.0664 -5.69911 1.98709 2.02534 14.8173 0.734061 -9.31305 11.7736 6.37918e-16 -7.65995e-16 -1.672e-17 -8.70282 -3.96247 1.9152 5.88542 -9.55666 12.2216 0.803084 -36.5309 -0.617314 1.0619 3.96548 0.0324776 2.19176 -38.0664 -5.69911 1.29371 7.95995 -14.745 -0.734061 -9.31305 11.7736 4.92315e-16 -6.16325e-16 -1.27919e-14 
25.0099 88.9956 -6.54632 -3.78344 4.62436 6.74375 0 4.78511 -1.08482 1.78825 -3.765 -1.10257 0 5.29195 1.00949 1.78625 -2.10275 0.35576 -9.66735e-18 5.64355 0.108362 1.49625 0.996626 0.138528 -1.04072e-17 6.12977 -0.417886 1.26766 6.85557 0.0902091 -1.85891e-17 7.16586 -1.41888 1.06328 10.7808 -0.278542 -2.38665e-17 8.94839 -0.861631 0.232452 12.5541 -0.0882497 -2.73615e-17 9.94144 1.48576 0.12308 0.096142 0.210207 -1.21725e-17 4.50977 0.67399 -0.582528 -0.686435 -3.90203 -1.70689e-17 4.54241 0.39741 1.32759 -4.2974 -0.631092 -1.89342e-17 4.5512 0.720839 -0.246054 -13.5702 -0.0955359 1.16172 -7.16758 7.09827 24.2381 4.13285 13.5635 12.2059 3.06167 -3.07978 -126.434 27.0368 64.2319 27.5197 0.056351 0.129118 11.4393 -15.6157 -108.301 22.8331 0.0467536 0.107129 11.1901 15.4422 -6.14058 -1.16172 -7.16756 7.09818 -33.3422 4.83443 -10.962 -12.2059 3.06167 -3.07978 146.605 33.0557 -76.9998 -27.5197 0.056351 0.129118 -11.971 -13.1748 96.1187 -22.8331 0.0467534 0.107129 -24.6951 17.2256 -4.64168 8.70282 -3.96247 1.9152 5.19339 -2.43127 -5.21177 -0.803084 -36.5309 -0.617314 -0.213818 0.798192 -0.0124429 -2.19176 -38.0664 -5.69911 1.94797 2.1815 14.8073 0.734061 -9.31305 11.7736 -1.85896e-15 -8.7723e-16 9.45155e-17 -8.70282 -3.96247 1.9152 6.02127 -9.75899 12.2622 0.803084 -36.5309 -0.617314 1.02079 3.81208 0.0325885 2.19176 -38.0664 -5.69911 1.43449 8.12446 -14.7678 -0.734061 -9.31305 11.7736 -9.15894e-16 -5.49909e-16 -1.27255e-14 
24.9677 89.0333 -6.57318 -3.90593 4.88148 6.64535 0 4.78511 -1.08482 1.90058 -3.77218 -1.14265 0 5.29195 1.00949 1.88872 -2.11739 0.32914 -9.66735e-18 5.64355 0.108362 1.58025 0.977393 0.114311 -1.04072e-17 6.12977 -0.417886 1.32715 6.83186 0.0728473 -1.85891e-17 7.16586 -1.41888 1.09699 10.7374 -0.302005 -2.38665e-17 8.94839 -0.861631 0.236569 12.4987 -0.122798 -2.73615e-17 9.94144 1.48576 0.102422 0.0900953 0.225938 -1.21725e-17 4.50977 0.67399 -0.637737 -0.463678 -3.82207 -1.70689e-17 4.54241 0.39741 1.22586 -4.41741 -0.616751 -1.89342e-17 4.5512 0.720839 -0.43906 -13.6161 -0.0735914 1.16172 -7.16758 7.09827 24.376 3.9623 13.5979 12.2059 3.06167 -3.07978 -125.198 27.2184 62.9562 27.5197 0.056351 0.129118 11.4059 -15.7131 -108.804 22.8331 0.0467536 0.107129 10.5053 14.8757 -6.52792 -1.16172 -7.16756 7.09818 -32.8523 4.81602 -10.8649 -12.2059 3.06167 -3.07978 145.919 33.0676 -76.4706 -27.5197 0.056351 0.129118 -11.9879 -13.0006 95.2713 -22.8331 0.0467534 0.107129 -24.7527 17.0601 -4.66753 8.70282 -3.96247 1.9152 5.29073 -2.58675 -5.05893 -0.803084 -36.5309 -0.617314 -0.143985 0.537436 -0.00870556 -2.19176 -38.0664 -5.69911 1.91426 2.33578 14.7952 0.734061 -9.31305 11.7736 -4.24741e-16 -8.10001e-16 2.72865e-17 -8.70282 -3.96247 1.9152 6.18292 -10.01 12.3493 0.803084 -36.5309 -0.617314 0.989119 3.6939 0.0325988 2.19176 -38.0664 -5.69911 1.56556 8.37321 -14.7819 -0.734061 -9.31305 11.7736 2.50804e-16 -5.98792e-16 -1.27744e-14 
24.9393 89.0805 -6.60612 -3.98822 5.08453 6.44033 0 4.78511 -1.08482 1.99639 -3.78276 -1.16339 0 5.29195 1.00949 1.9739 -2.12778 0.312927 -9.66735e-18 5.64355 0.108362 1.6486 0.969203 0.0997832 -1.04072e-17 6.12977 -0.417886 1.37286 6.82345 0.0624871 -1.85891e-17 7.16586 -1.41888 1.12134 10.713 -0.317231 -2.38665e-17 8.94839 -0.861631 0.237988 12.4633 -0.14668 -2.73615e-17 9.94144 1.48576 0.0831976 0.0827579 0.236319 -1.21725e-17 4.50977 0.67399 -0.681011 -0.229821 -3.71677 -1.70689e-17 4.54241 0.39741 1.10215 -4.5422 -0.593818 -1.89342e-17 4.5512 0.720839 -0.611326 -13.6686 -0.0272895 1.16172 -7.16758 7.09827 24.429 3.8156 13.6082 12.2059 3.06167 -3.07978 -123.992 27.3641 61.7941 27.5197 0.056351 0.129118 11.379 -15.7897 -109.202 22.8331 0.0467536 0.107129 9.8628 13.6926 -6.75483 -1.16172 -7.16756 7.09818 -32.3133 4.7651 -10.8137 -12.2059 3.06167 -3.07978 145.043 33.1497 -75.7896 -27.5197 0.056351 0.129118 -12.003 -12.814 94.3653 -22.8331 0.0467534 0.107129 -24.6242 16.7925 -4.71226 8.70282 -3.96247 1.9152 5.35904 -2.686 -4.83653 -0.803084 -36.5309 -0.617314 -0.0805398 0.300585 -0.00503542 -2.19176 -38.0664 -5.69911 1.83519 2.53722 14.7846 0.734061 -9.31305 11.7736 -9.85791e-16 -8.3752e-16 5.48049e-17 -8.70282 -3.96247 1.9152 6.3227 -10.2141 12.4849 0.803084 -36.5309 -0.617314 0.960071 3.58548 0.0325506 2.19176 -38.0664 -5.69911 1.66367 8.6848 -14.7845 -0.734061 -9.31305 11.7736 9.41904e-16 -6.31188e-16 -1.28067e-14 
24.9226 89.1266 -6.65741 -4.02302 5.26249 6.16795 0 4.78511 -1.08482 2.07225 -3.78447 -1.16699 0 5.29195 1.00949 2.03832 -2.12839 0.306974 -9.66735e-18 5.64355 0.108362 1.69752 0.968947 0.0943039 -1.04072e-17 6.12977 -0.417886 1.40132 6.81296 0.0591654 -1.85891e-17 7.16586 -1.41888 1.13242 10.6818 -0.32354 -2.38665e-17 8.94839 -0.861631 0.23253 12.4208 -0.159666 -2.73615e-17 9.94144 1.48576 0.0653357 0.0760284 0.241949 -1.21725e-17 4.50977 0.67399 -0.721896 -0.0204512 -3.61872 -1.70689e-17 4.54241 0.39741 0.972366 -4.67753 -0.577514 -1.89342e-17 4.5512 0.720839 -0.766951 -13.6981 0.0855491 1.16172 -7.16758 7.09827 24.4157 3.69461 13.5919 12.2059 3.06167 -3.07978 -122.798 27.4565 60.6881 27.5197 0.056351 0.129118 11.362 -15.837 -109.447 22.8331 0.0467536 0.107129 9.28778 12.1211 -6.87405 -1.16172 -7.16756 7.09818 -31.7391 4.70053 -10.7886 -12.2059 3.06167 -3.07978 143.921 33.25 -74.8544 -27.5197 0.056351 0.129118 -12.016 -12.6111 93.3827 -22.8331 0.0467534 0.107129 -24.3013 16.4304 -4.73813 8.70282 -3.96247 1.9152 5.37563 -2.77111 -4.52664 -0.803084 -36.5309 -0.617314 -0.02362 0.0881421 -0.00152035 -2.19176 -38.0664 -5.69911 1.76451 2.75614 14.7721 0.734061 -9.31305 11.7736 1.48508e-15 -7.37895e-16 -4.48194e-17 -8.70282 -3.96247 1.9152 6.42498 -10.4076 12.6209 0.803084 -36.5309 -0.617314 0.936612 3.49791 0.0324715 2.19176 -38.0664 -5.69911 1.7236 8.9881 -14.7808 -0.734061 -9.31305 11.7736 1.72775e-16 -5.95541e-16 -1.27711e-14 
24.9155 89.1537 -6.7853 -4.0774 5.48112 5.88371 0 4.78511 -1.08482 2.15687 -3.70202 -1.15233 0 5.29195 1.00949 2.10571 -2.05862 0.32066 -9.66735e-18 5.64355 0.108362 1.74561 1.00529 0.106483 -1.04072e-17 6.12977 -0.417886 1.42541 6.77615 0.0722859 -1.85891e-17 7.16586 -1.41888 1.13855 10.5896 -0.314059 -2.38665e-17 8.94839 -0.861631 0.22448 12.3046 -0.155511 -2.73615e-17 9.94144 1.48576 0.0492169 0.07538 0.245688 -1.21725e-17 4.50977 0.67399 -0.754295 0.0917162 -3.5271 -1.70689e-17 4.54241 0.39741 0.865426 -4.83749 -0.564944 -1.89342e-17 4.5512 0.720839 -0.973549 -13.6991 0.168186 1.16172 -7.16758 7.09827 24.3859 3.64705 13.5524 12.2059 3.06167 -3.07978 -121.608 27.4013 59.574 27.5197 0.056351 0.129118 11.3512 -15.8667 -109.602 22.8331 0.0467536 0.107129 8.69742 10.5372 -7.00449 -1.16172 -7.16756 7.09818 -31.2374 4.70485 -10.7716 -12.2059 3.06167 -3.07978 142.519 33.3036 -73.5726 -27.5197 0.056351 0.129118 -12.0258 -12.4002 92.3627 -22.8331 0.0467534 0.107129 -23.7891 15.9955 -4.62656 8.70282 -3.96247 1.9152 5.41018 -3.00176 -4.23679 -0.803084 -36.5309 -0.617314 0.00113273 -0.00422675 7.38201e-05 -2.19176 -38.0664 -5.69911 1.73864 2.84809 14.7661 0.734061 -9.31305 11.7736 -2.42696e-16 -8.02687e-16 1.99721e-17 -8.70282 -3.96247 1.9152 6.53508 -10.7184 12.7674 0.803084 -36.5309 -0.617314 0.927495 3.46387 0.0324311 2.19176 -38.0664 -5.69911 1.81014 9.21989 -14.791 -0.734061 -9.31305 11.7736 -1.46774e-16 -5.86368e-16 -1.27619e-14 
24.9161 89.1621 -6.98565 -4.11029 5.66851 5.56088 0 4.78511 -1.08482 2.25503 -3.50491 -1.12204 0 5.29195 1.00949 2.17961 -1.88721 0.351113 -9.66735e-18 5.64355 0.108362 1.79753 1.1018 0.134445 -1.04072e-17 6.12977 -0.417886 1.45004 6.7194 0.100131 -1.85891e-17 7.16586 -1.41888 1.14565 10.4334 -0.291387 -2.38665e-17 8.94839 -0.861631 0.220124 12.1097 -0.136541 -2.73615e-17 9.94144 1.48576 0.0344607 0.0833609 0.248929 -1.21725e-17 4.50977 0.67399 -0.776937 0.145712 -3.48223 -1.70689e-17 4.54241 0.39741 0.789009 -4.98655 -0.57175 -1.89342e-17 4.5512 0.720839 -1.24898 -13.7114 0.212872 1.16172 -7.16758 7.09827 24.3183 3.68073 13.4894 12.2059 3.06167 -3.07978 -120.447 27.1448 58.4807 27.5197 0.056351 0.129118 11.3435 -15.888 -109.713 22.8331 0.0467536 0.107129 7.99057 9.13904 -7.11272 -1.16172 -7.16756 7.09818 -30.816 4.7745 -10.7682 -12.2059 3.06167 -3.07978 140.947 33.3368 -72.0968 -27.5197 0.056351 0.129118 -12.0315 -12.1991 91.3917 -22.8331 0.0467534 0.107129 -23.1555 15.5489 -4.46656 8.70282 -3.96247 1.9152 5.44138 -3.27699 -3.95657 -0.803084 -36.5309 -0.617314 0.000775789 -0.00289484 5.05492e-05 -2.19176 -38.0664 -5.69911 1.70678 2.83708 14.7657 0.734061 -9.31305 11.7736 1.53711e-15 -7.36269e-16 -4.64455e-17 -8.70282 -3.96247 1.9152 6.62304 -11.0693 12.954 0.803084 -36.5309 -0.617314 0.934581 3.49032 0.0324629 2.19176 -38.0664 -5.69911 1.90397 9.37346 -14.8078 -0.734061 -9.31305 11.7736 4.92334e-16 -6.16326e-16 -1.27919e-14 
24.9096 89.1733 -7.18579 -4.10119 5.77597 5.21879 0 4.78511 -1.08482 2.32513 -3.26164 -1.08824 0 5.29195 1.00949 2.22762 -1.66952 0.376006 -9.66735e-18 5.64355 0.108362 1.8296 1.22856 0.156028 -1.04072e-17 6.12977 -0.417886 1.46253 6.66023 0.11922 -1.85891e-17 7.16586 -1.41888 1.1457 10.2565 -0.275959 -2.38665e-17 8.94839 -0.861631 0.214372 11.8861 -0.123596 -2.73615e-17 9.94144 1.48576 0.0217203 0.0950156 0.24857 -1.21725e-17 4.50977 0.67399 -0.798048 0.182206 -3.43928 -1.70689e-17 4.54241 0.39741 0.69929 -5.10674 -0.578182 -1.89342e-17 4.5512 0.720839 -1.45585 -13.7247 0.292672 1.16172 -7.16758 7.09827 24.1847 3.77265 13.3809 12.2059 3.06167 -3.07978 -119.368 26.8343 57.4902 27.5197 0.056351 0.129118 11.3419 -15.8923 -109.736 22.8331 0.0467536 0.107129 7.34718 7.58724 -7.07964 -1.16172 -7.16756 7.09818 -30.3826 4.82933 -10.7784 -12.2059 3.06167 -3.07978 139.313 33.3853 -70.5743 -27.5197 0.056351 0.129118 -12.0336 -12.0162 90.5093 -22.8331 0.0467534 0.107129 -22.3951 15.1121 -4.40239 8.70282 -3.96247 1.9152 5.4495 -3.47516 -3.66288 -0.803084 -36.5309 -0.617314 -0.00484973 0.0180969 -0.000315116 -2.19176 -38.0664 -5.69911 1.63859 2.85369 14.7684 0.734061 -9.31305 11.7736 4.22417e-16 -7.82715e-16 2.88531e-33 -8.70282 -3.96247 1.9152 6.68988 -11.344 13.1432 0.803084 -36.5309 -0.617314 0.945981 3.53288 0.0325074 2.19176 -38.0664 -5.69911 1.94718 9.55091 -14.81 -0.734061 -9.31305 11.7736 -9.41913e-16 -5.49096e-16 -1.27247e-14 
24.8976 89.1916 -7.38244 -4.13656 5.9722 4.86482 0 4.78511 -1.08482 2.3878 -3.05487 -1.0542 0 5.29195 1.00949 2.27068 -1.48147 0.393288 -9.66735e-18 5.64355 0.108362 1.85835 1.33785 0.170051 -1.04072e-17 6.12977 -0.417886 1.47457 6.60842 0.129601 -1.85891e-17 7.16586 -1.41888 1.14522 10.1002 -0.268845 -2.38665e-17 8.94839 -0.861631 0.20829 11.688 -0.120982 -2.73615e-17 9.94144 1.48576 0.0103047 0.104043 0.24545 -1.21725e-17 4.50977 0.67399 -0.822543 0.192893 -3.4192 -1.70689e-17 4.54241 0.39741 0.617683 -5.23496 -0.594627 -1.89342e-17 4.5512 0.720839 -1.60101 -13.7335 0.462513 1.16172 -7.16758 7.09827 23.8804 3.86348 13.2625 12.2059 3.06167 -3.07978 -118.366 26.6517 56.611 27.5197 0.056351 0.129118 11.3486 -15.8741 -109.641 22.8331 0.0467536 0.107129 6.95488 5.66442 -6.99222 -1.16172 -7.16756 7.09818 -29.817 4.84102 -10.8075 -12.2059 3.06167 -3.07978 137.595 33.448 -69.0596 -27.5197 0.056351 0.129118 -12.0329 -11.8337 89.6298 -22.8331 0.0467534 0.107129 -21.6515 14.6419 -4.27909 8.70282 -3.96247 1.9152 5.50913 -3.77482 -3.36332 -0.803084 -36.5309 -0.617314 -0.0174146 0.0649849 -0.00112444 -2.19176 -38.0664 -5.69911 1.53702 2.84378 14.7793 0.734061 -9.31305 11.7736 4.48423e-16 -7.81089e-16 -1.62532e-18 -8.70282 -3.96247 1.9152 6.81131 -11.71 13.3969 0.803084 -36.5309 -0.617314 0.955715 3.56922 0.0325386 2.19176 -38.0664 -5.69911 1.97507 9.80342 -14.8019 -0.734061 -9.31305 11.7736 -6.87592e-17 -5.89619e-16 -1.27652e-14 
24.8868 89.2134 -7.62647 -4.18906 6.20714 4.47312 0 4.78511 -1.08482 2.45372 -2.80544 -1.00984 0 5.29195 1.00949 2.3146 -1.25677 0.416943 -9.66735e-18 5.64355 0.108362 1.88734 1.47065 0.191751 -1.04072e-17 6.12977 -0.417886 1.48535 6.54963 0.148065 -1.85891e-17 7.16586 -1.41888 1.14361 9.9182 -0.25328 -2.38665e-17 8.94839 -0.861631 0.204141 11.4607 -0.113553 -2.73615e-17 9.94144 1.48576 4.067e-05 0.113979 0.242065 -1.21725e-17 4.50977 0.67399 -0.84937 0.204483 -3.44029 -1.70689e-17 4.54241 0.39741 0.577004 -5.39769 -0.632836 -1.89342e-17 4.5512 0.720839 -1.75835 -13.7043 0.620952 1.16172 -7.16758 7.09827 23.4672 3.94362 13.1352 12.2059 3.06167 -3.07978 -117.236 26.5041 55.7213 27.5197 0.056351 0.129118 11.3644 -15.8306 -109.414 22.8331 0.0467536 0.107129 6.59104 3.92101 -6.88588 -1.16172 -7.16756 7.09818 -29.1305 4.85194 -10.8361 -12.2059 3.06167 -3.07978 135.725 33.5021 -67.4352 -27.5197 0.056351 0.129118 -12.0293 -11.6517 88.7528 -22.8331 0.0467534 0.107129 -20.9194 14.1814 -4.12923 8.70282 -3.96247 1.9152 5.60082 -4.18236 -3.04975 -0.803084 -36.5309 -0.617314 -0.0503495 0.187899 -0.00319721 -2.19176 -38.0664 -5.69911 1.42105 2.80707 14.7947 0.734061 -9.31305 11.7736 7.15966e-16 -7.62742e-16 -1.99721e-17 -8.70282 -3.96247 1.9152 6.95528 -12.2011 13.7043 0.803084 -36.5309 -0.617314 0.987037 3.68613 0.0325971 2.19176 -38.0664 -5.69911 2.03289 10.1034 -14.7945 -0.734061 -9.31305 11.7736 1.55502e-15 -6.60334e-16 -1.28367e-14 
24.8564 89.2297 -7.84815 -4.22678 6.40302 4.06997 0 4.78511 -1.08482 2.49678 -2.57024 -0.957314 0 5.29195 1.00949 2.3402 -1.04928 0.445529 -9.66735e-18 5.64355 0.108362 1.90156 1.585 0.218046 -1.04072e-17 6.12977 -0.417886 1.48598 6.47754 0.168838 -1.85891e-17 7.16586 -1.41888 1.13604 9.72783 -0.234388 -2.38665e-17 8.94839 -0.861631 0.199315 11.2248 -0.0993611 -2.73615e-17 9.94144 1.48576 -0.00863137 0.12477 0.236116 -1.21725e-17 4.50977 0.67399 -0.868443 0.240387 -3.49249 -1.70689e-17 4.54241 0.39741 0.519871 -5.44795 -0.688036 -1.89342e-17 4.5512 0.720839 -1.87273 -13.6007 0.736723 1.16172 -7.16758 7.09827 23.1375 4.07193 12.9506 12.2059 3.06167 -3.07978 -116.304 26.3058 55.0869 27.5197 0.056351 0.129118 11.3828 -15.7789 -109.145 22.8331 0.0467536 0.107129 6.33117 2.53197 -6.76231 -1.16172 -7.16756 7.09818 -28.5065 4.83795 -10.8642 -12.2059 3.06167 -3.07978 133.805 33.5134 -65.7321 -27.5197 0.056351 0.129118 -12.0225 -11.4627 87.8423 -22.8331 0.0467534 0.107129 -19.979 13.7118 -4.101 8.70282 -3.96247 1.9152 5.70088 -4.54017 -2.71064 -0.803084 -36.5309 -0.617314 -0.0870518 0.324893 -0.00542416 -2.19176 -38.0664 -5.69911 1.32472 2.76233 14.8071 0.734061 -9.31305 11.7736 -7.1828e-16 -8.29973e-16 4.72582e-17 -8.70282 -3.96247 1.9152 7.10529 -12.628 14.0089 0.803084 -36.5309 -0.617314 1.01799 3.80163 0.0325921 2.19176 -38.0664 -5.69911 2.0924 10.3761 -14.7854 -0.734061 -9.31305 11.7736 -1.60703e-15 -5.17512e-16 -1.27047e-14 
24.8274 89.2352 -8.00113 -4.22228 6.55836 3.62534 0 4.78511 -1.08482 2.50253 -2.43454 -0.900475 0 5.29195 1.00949 2.33568 -0.930304 0.473574 -9.66735e-18 5.64355 0.108362 1.89089 1.64478 0.243579 -1.04072e-17 6.12977 -0.417886 1.46879 6.41819 0.187032 -1.85891e-17 7.16586 -1.41888 1.11638 9.5917 -0.215162 -2.38665e-17 8.94839 -0.861631 0.188408 11.0557 -0.0819553 -2.73615e-17 9.94144 1.48576 -0.0148602 0.130018 0.226601 -1.21725e-17 4.50977 0.67399 -0.87717 0.289403 -3.49104 -1.70689e-17 4.54241 0.39741 0.423887 -5.43916 -0.719583 -1.89342e-17 4.5512 0.720839 -1.95345 -13.4209 0.845868 1.16172 -7.16758 7.09827 22.8327 4.19537 12.7483 12.2059 3.06167 -3.07978 -115.671 26.1719 54.736 27.5197 0.056351 0.129118 11.4022 -15.7238 -108.86 22.8331 0.0467536 0.107129 6.32595 1.38937 -6.52207 -1.16172 -7.16756 7.09818 -27.9112 4.76771 -10.9011 -12.2059 3.06167 -3.07978 131.987 33.5223 -64.1367 -27.5197 0.056351 0.129118 -12.0123 -11.2669 86.8992 -22.8331 0.0467534 0.107129 -19.0049 13.2502 -4.14411 8.70282 -3.96247 1.9152 5.75808 -4.76421 -2.32078 -0.803084 -36.5309 -0.617314 -0.107285 0.400423 -0.00661444 -2.19176 -38.0664 -5.69911 1.24996 2.7104 14.8178 0.734061 -9.31305 11.7736 2.48481e-17 -7.95139e-16 1.2424e-17 -8.70282 -3.96247 1.9152 7.23624 -12.9177 14.3727 0.803084 -36.5309 -0.617314 1.03528 3.86615 0.032562 2.19176 -38.0664 -5.69911 2.08622 10.5597 -14.7671 -0.734061 -9.31305 11.7736 9.41913e-16 -6.31188e-16 -1.28067e-14 
24.8005 89.2279 -8.10843 -4.20135 6.68473 3.14322 0 4.78511 -1.08482 2.48839 -2.36171 -0.837035 0 5.29195 1.00949 2.31228 -0.866192 0.50584 -9.66735e-18 5.64355 0.108362 1.86316 1.67645 0.274124 -1.04072e-17 6.12977 -0.417886 1.4366 6.37596 0.211008 -1.85891e-17 7.16586 -1.41888 1.08569 9.49951 -0.187319 -2.38665e-17 8.94839 -0.861631 0.172994 10.942 -0.0554622 -2.73615e-17 9.94144 1.48576 -0.0196689 0.129927 0.216491 -1.21725e-17 4.50977 0.67399 -0.888456 0.343667 -3.47731 -1.70689e-17 4.54241 0.39741 0.321038 -5.45398 -0.744659 -1.89342e-17 4.5512 0.720839 -2.02452 -13.2094 0.990547 1.16172 -7.16758 7.09827 22.4743 4.25251 12.5724 12.2059 3.06167 -3.07978 -115.034 26.0823 54.3978 27.5197 0.056351 0.129118 11.4289 -15.6463 -108.459 22.8331 0.0467536 0.107129 6.46314 0.640568 -6.20721 -1.16172 -7.16756 7.09818 -27.2767 4.6673 -10.9436 -12.2059 3.06167 -3.07978 130.323 33.515 -62.6776 -27.5197 0.056351 0.129118 -11.9966 -11.0426 85.8186 -22.8331 0.0467534 0.107129 -18.2013 12.7719 -4.04361 8.70282 -3.96247 1.9152 5.79128 -4.87558 -1.88951 -0.803084 -36.5309 -0.617314 -0.108147 0.403639 -0.00666454 -2.19176 -38.0664 -5.69911 1.19417 2.62345 14.8329 0.734061 -9.31305 11.7736 -2.71621e-17 -7.97577e-16 1.4862e-17 -8.70282 -3.96247 1.9152 7.36705 -13.1065 14.7533 0.803084 -36.5309 -0.617314 1.04034 3.88504 0.0325495 2.19176 -38.0664 -5.69911 2.04288 10.6575 -14.7463 -0.734061 -9.31305 11.7736 1.46774e-16 -5.93916e-16 -1.27703e-14 
24.7674 89.1846 -8.17312 -4.20584 6.76239 2.66521 0 4.78511 -1.08482 2.48884 -2.28643 -0.762993 0 5.29195 1.00949 2.29987 -0.805496 0.554438 -9.66735e-18 5.64355 0.108362 1.84192 1.70159 0.321265 -1.04072e-17 6.12977 -0.417886 1.40552 6.32432 0.251785 -1.85891e-17 7.16586 -1.41888 1.05462 9.39948 -0.143289 -2.38665e-17 8.94839 -0.861631 0.158551 10.8209 -0.0106845 -2.73615e-17 9.94144 1.48576 -0.0231234 0.13063 0.207882 -1.21725e-17 4.50977 0.67399 -0.896594 0.353944 -3.48274 -1.70689e-17 4.54241 0.39741 0.2043 -5.45464 -0.777301 -1.89342e-17 4.5512 0.720839 -2.12914 -12.9552 1.07142 1.16172 -7.16758 7.09827 22.1739 4.30986 12.3885 12.2059 3.06167 -3.07978 -114.419 25.9329 54.1577 27.5197 0.056351 0.129118 11.4612 -15.5502 -107.963 22.8331 0.0467536 0.107129 6.66355 0.467284 -6.00029 -1.16172 -7.16756 7.09818 -26.7394 4.59786 -10.991 -12.2059 3.06167 -3.07978 128.853 33.4414 -61.3492 -27.5197 0.056351 0.129118 -11.9758 -10.8109 84.7009 -22.8331 0.0467534 0.107129 -17.4912 12.1727 -3.8831 8.70282 -3.96247 1.9152 5.84512 -4.87117 -1.48148 -0.803084 -36.5309 -0.617314 -0.100454 0.374923 -0.00621557 -2.19176 -38.0664 -5.69911 1.22494 2.37586 14.8519 0.734061 -9.31305 11.7736 -6.92275e-16 -8.2916e-16 4.64455e-17 -8.70282 -3.96247 1.9152 7.53428 -13.1762 15.1299 0.803084 -36.5309 -0.617314 1.03727 3.87359 0.0325573 2.19176 -38.0664 -5.69911 1.96456 10.5703 -14.7322 -0.734061 -9.31305 11.7736 -5.18339e-16 -5.63145e-16 -1.27503e-14 
24.7381 89.1196 -8.20516 -4.19732 6.79725 2.2009 0 4.78511 -1.08482 2.49328 -2.20741 -0.690362 0 5.29195 1.00949 2.29118 -0.745486 0.605973 -9.66735e-18 5.64355 0.108362 1.82311 1.71825 0.370379 -1.04072e-17 6.12977 -0.417886 1.37595 6.25651 0.29344 -1.85891e-17 7.16586 -1.41888 1.02326 9.28417 -0.0987981 -2.38665e-17 8.94839 -0.861631 0.14085 10.6848 0.0369086 -2.73615e-17 9.94144 1.48576 -0.0259245 0.134173 0.199558 -1.21725e-17 4.50977 0.67399 -0.910045 0.316225 -3.48183 -1.70689e-17 4.54241 0.39741 0.0599213 -5.43149 -0.804295 -1.89342e-17 4.5512 0.720839 -2.21471 -12.6899 1.12985 1.16172 -7.16758 7.09827 21.9444 4.41589 12.1838 12.2059 3.06167 -3.07978 -113.994 25.7828 54.1661 27.5197 0.056351 0.129118 11.4924 -15.4544 -107.471 22.8331 0.0467536 0.107129 6.95232 0.603244 -5.85298 -1.16172 -7.16756 7.09818 -26.2698 4.54941 -11.0362 -12.2059 3.06167 -3.07978 127.563 33.3475 -60.1663 -27.5197 0.056351 0.129118 -11.9538 -10.6079 83.7212 -22.8331 0.0467534 0.107129 -16.8287 11.4903 -3.83792 8.70282 -3.96247 1.9152 5.88275 -4.78434 -1.10202 -0.803084 -36.5309 -0.617314 -0.0904331 0.337515 -0.00562493 -2.19176 -38.0664 -5.69911 1.28188 2.04564 14.871 0.734061 -9.31305 11.7736 3.70407e-16 -7.8434e-16 1.62532e-18 -8.70282 -3.96247 1.9152 7.6864 -13.1691 15.4934 0.803084 -36.5309 -0.617314 1.03735 3.87387 0.0325571 2.19176 -38.0664 -5.69911 1.85942 10.3437 -14.725 -0.734061 -9.31305 11.7736 4.66329e-16 -6.15513e-16 -1.27911e-14 
24.7222 89.0411 -8.29383 -4.20076 7.00059 1.78858 0 4.78511 -1.08482 2.50589 -2.11055 -0.627369 0 5.29195 1.00949 2.28919 -0.670162 0.649469 -9.66735e-18 5.64355 0.108362 1.81011 1.74185 0.410122 -1.04072e-17 6.12977 -0.417886 1.35229 6.18424 0.325997 -1.85891e-17 7.16586 -1.41888 0.994488 9.15898 -0.0643451 -2.38665e-17 8.94839 -0.861631 0.119925 10.5393 0.0736427 -2.73615e-17 9.94144 1.48576 -0.0287374 0.138934 0.192264 -1.21725e-17 4.50977 0.67399 -0.936456 0.196615 -3.48748 -1.70689e-17 4.54241 0.39741 -0.0609651 -5.47709 -0.82757 -1.89342e-17 4.5512 0.720839 -2.27462 -12.5041 1.24648 1.16172 -7.16758 7.09827 21.6212 4.54357 12.0186 12.2059 3.06167 -3.07978 -113.706 25.7133 54.2146 27.5197 0.056351 0.129118 11.5199 -15.3675 -107.026 22.8331 0.0467536 0.107129 7.35459 0.532097 -5.77405 -1.16172 -7.16756 7.09818 -25.7691 4.52021 -11.0775 -12.2059 3.06167 -3.07978 126.316 33.2434 -59.0355 -27.5197 0.056351 0.129118 -11.9324 -10.4366 82.8927 -22.8331 0.0467534 0.107129 -16.3435 10.7925 -3.69314 8.70282 -3.96247 1.9152 5.92815 -4.95951 -0.753253 -0.803084 -36.5309 -0.617314 -0.105562 0.39399 -0.0065141 -2.19176 -38.0664 -5.69911 1.34441 1.61108 14.8956 0.734061 -9.31305 11.7736 -3.20711e-16 -8.05937e-16 2.32228e-17 -8.70282 -3.96247 1.9152 7.83484 -13.4104 15.8312 0.803084 -36.5309 -0.617314 1.06018 3.95907 0.0324844 2.19176 -38.0664 -5.69911 1.73212 10.0474 -14.722 -0.734061 -9.31305 11.7736 -1.39149e-15 -5.34234e-16 -1.27098e-14 
24.7113 88.9584 -8.51726 -4.19806 7.29074 1.38834 0 4.78511 -1.08482 2.53217 -1.90157 -0.553539 0 5.29195 1.00949 2.29273 -0.495706 0.7022 -9.66735e-18 5.64355 0.108362 1.80162 1.83427 0.460008 -1.04072e-17 6.12977 -0.417886 1.3303 6.11374 0.370858 -1.85891e-17 7.16586 -1.41888 0.968277 8.99368 -0.0183092 -2.38665e-17 8.94839 -0.861631 0.105632 10.345 0.119002 -2.73615e-17 9.94144 1.48576 -0.0317157 0.149322 0.188249 -1.21725e-17 4.50977 0.67399 -0.963822 0.0645598 -3.56921 -1.70689e-17 4.54241 0.39741 -0.102897 -5.61008 -0.88109 -1.89342e-17 4.5512 0.720839 -2.40752 -12.4107 1.31899 1.16172 -7.16758 7.09827 21.0965 4.6567 11.9132 12.2059 3.06167 -3.07978 -113.219 25.5998 54.0402 27.5197 0.056351 0.129118 11.543 -15.2924 -106.642 22.8331 0.0467536 0.107129 7.61604 0.234533 -5.82608 -1.16172 -7.16756 7.09818 -25.2215 4.53818 -11.1401 -12.2059 3.06167 -3.07978 125.014 33.1391 -57.8683 -27.5197 0.056351 0.129118 -11.9114 -10.2852 82.1599 -22.8331 0.0467534 0.107129 -15.9979 10.0633 -3.42449 8.70282 -3.96247 1.9152 6.00004 -5.41217 -0.4239 -0.803084 -36.5309 -0.617314 -0.167211 0.624158 -0.0099838 -2.19176 -38.0664 -5.69911 1.35889 1.10275 14.929 0.734061 -9.31305 11.7736 3.96413e-16 -7.83527e-16 8.12649e-19 -8.70282 -3.96247 1.9152 7.97492 -13.9447 16.1529 0.803084 -36.5309 -0.617314 1.13491 4.23785 0.0320086 2.19176 -38.0664 -5.69911 1.60169 9.773 -14.7126 -0.734061 -9.31305 11.7736 -1.49551e-15 -5.29358e-16 -1.27049e-14 
24.6584 88.8679 -8.72849 -4.21035 7.54568 0.953956 0 4.78511 -1.08482 2.55778 -1.72409 -0.474967 0 5.29195 1.00949 2.29669 -0.350763 0.761715 -9.66735e-18 5.64355 0.108362 1.79326 1.90613 0.516431 -1.04072e-17 6.12977 -0.417886 1.30832 6.04611 0.421047 -1.85891e-17 7.16586 -1.41888 0.943768 8.84574 0.0324749 -2.38665e-17 8.94839 -0.861631 0.0954403 10.1716 0.172943 -2.73615e-17 9.94144 1.48576 -0.0329643 0.159393 0.183564 -1.21725e-17 4.50977 0.67399 -0.977916 -0.0346312 -3.6713 -1.70689e-17 4.54241 0.39741 -0.160798 -5.60587 -0.942943 -1.89342e-17 4.5512 0.720839 -2.50382 -12.3092 1.37244 1.16172 -7.16758 7.09827 20.6284 4.78735 11.7876 12.2059 3.06167 -3.07978 -112.819 25.4064 53.9904 27.5197 0.056351 0.129118 11.56 -15.2361 -106.355 22.8331 0.0467536 0.107129 7.87158 0.117166 -5.89244 -1.16172 -7.16756 7.09818 -24.8256 4.55835 -11.2369 -12.2059 3.06167 -3.07978 123.88 33.0428 -56.8516 -27.5197 0.056351 0.129118 -11.8945 -10.1725 81.6136 -22.8331 0.0467534 0.107129 -15.5393 9.40969 -3.3678 8.70282 -3.96247 1.9152 6.13079 -5.81571 -0.0343982 -0.803084 -36.5309 -0.617314 -0.231148 0.862912 -0.0133214 -2.19176 -38.0664 -5.69911 1.39556 0.567057 14.9575 0.734061 -9.31305 11.7736 5.08484e-17 -7.94326e-16 1.16115e-17 -8.70282 -3.96247 1.9152 8.17648 -14.4443 16.4991 0.803084 -36.5309 -0.617314 1.21699 4.54388 0.031066 2.19176 -38.0664 -5.69911 1.43295 9.51368 -14.6892 -0.734061 -9.31305 11.7736 -2.85177e-15 -4.65377e-16 -1.26409e-14 
24.5762 88.7645 -8.87226 -4.21558 7.8134 0.519107 0 4.78511 -1.08482 2.56996 -1.72767 -0.403141 0 5.29195 1.00949 2.29478 -0.361554 0.819202 -9.66735e-18 5.64355 0.108362 1.77927 1.88382 0.569648 -1.04072e-17 6.12977 -0.417886 1.28273 6.01097 0.46643 -1.85891e-17 7.16586 -1.41888 0.916585 8.80678 0.0788438 -2.38665e-17 8.94839 -0.861631 0.0805954 10.1309 0.227364 -2.73615e-17 9.94144 1.48576 -0.0318794 0.157378 0.176807 -1.21725e-17 4.50977 0.67399 -0.991505 -0.147092 -3.764 -1.70689e-17 4.54241 0.39741 -0.260517 -5.49549 -0.997971 -1.89342e-17 4.5512 0.720839 -2.54213 -12.1445 1.46077 1.16172 -7.16758 7.09827 20.2799 4.89844 11.6636 12.2059 3.06167 -3.07978 -112.806 25.3653 54.3299 27.5197 0.056351 0.129118 11.5694 -15.2043 -106.193 22.8331 0.0467536 0.107129 8.46545 0.294205 -5.93451 -1.16172 -7.16756 7.09818 -24.5636 4.53152 -11.3475 -12.2059 3.06167 -3.07978 123.106 33.0118 -56.1918 -27.5197 0.056351 0.129118 -11.8817 -10.0919 81.2228 -22.8331 0.0467534 0.107129 -15.1217 8.82141 -3.52309 8.70282 -3.96247 1.9152 6.25525 -6.14135 0.443134 -0.803084 -36.5309 -0.617314 -0.27128 1.01279 -0.0152805 -2.19176 -38.0664 -5.69911 1.49646 0.0272194 14.9809 0.734061 -9.31305 11.7736 4.22417e-16 -7.82715e-16 2.88531e-33 -8.70282 -3.96247 1.9152 8.40594 -14.8614 16.9127 0.803084 -36.5309 -0.617314 1.2847 4.79625 0.0299575 2.19176 -38.0664 -5.69911 1.18309 9.18859 -14.6563 -0.734061 -9.31305 11.7736 -9.15922e-16 -5.49908e-16 -1.27255e-14 
24.5176 88.6743 -8.92803 -4.22032 8.07456 0.107417 0 4.78511 -1.08482 2.57687 -1.82436 -0.338287 0 5.29195 1.00949 2.29056 -0.453823 0.871281 -9.66735e-18 5.64355 0.108362 1.76377 1.81232 0.618443 -1.04072e-17 6.12977 -0.417886 1.25556 5.98334 0.509054 -1.85891e-17 7.16586 -1.41888 0.887875 8.81096 0.12368 -2.38665e-17 8.94839 -0.861631 0.0630417 10.1532 0.279938 -2.73615e-17 9.94144 1.48576 -0.0320258 0.152304 0.171459 -1.21725e-17 4.50977 0.67399 -1.01458 -0.249225 -3.83237 -1.70689e-17 4.54241 0.39741 -0.363627 -5.41801 -1.03878 -1.89342e-17 4.5512 0.720839 -2.5552 -11.8992 1.52847 1.16172 -7.16758 7.09827 19.9072 4.94282 11.5707 12.2059 3.06167 -3.07978 -112.889 25.4524 54.7539 27.5197 0.056351 0.129118 11.5801 -15.1677 -106.007 22.8331 0.0467536 0.107129 9.12393 0.46869 -5.91957 -1.16172 -7.16756 7.09818 -24.2014 4.47166 -11.4361 -12.2059 3.06167 -3.07978 122.574 33.039 -55.7747 -27.5197 0.056351 0.129118 -11.8626 -9.97781 80.6687 -22.8331 0.0467534 0.107129 -14.9718 8.24599 -3.61414 8.70282 -3.96247 1.9152 6.34165 -6.34927 0.864138 -0.803084 -36.5309 -0.617314 -0.279739 1.04439 -0.0156801 -2.19176 -38.0664 -5.69911 1.57958 -0.433946 15.0076 0.734061 -9.31305 11.7736 3.96417e-16 -7.83527e-16 8.12511e-19 -8.70282 -3.96247 1.9152 8.60702 -15.1428 17.2744 0.803084 -36.5309 -0.617314 1.31984 4.92719 0.0292642 2.19176 -38.0664 -5.69911 0.990175 8.85992 -14.6366 -0.734061 -9.31305 11.7736 1.20784e-16 -5.93104e-16 -1.27687e-14 
24.4684 88.5748 -8.94086 -4.23079 8.22709 -0.231865 0 4.78511 -1.08482 2.5959 -1.85938 -0.268054 0 5.29195 1.00949 2.2957 -0.496316 0.932693 -9.66735e-18 5.64355 0.108362 1.75565 1.77152 0.677205 -1.04072e-17 6.12977 -0.417886 1.23256 5.94621 0.56273 -1.85891e-17 7.16586 -1.41888 0.862234 8.78371 0.178277 -2.38665e-17 8.94839 -0.861631 0.049004 10.1349 0.341383 -2.73615e-17 9.94144 1.48576 -0.0310428 0.152537 0.168225 -1.21725e-17 4.50977 0.67399 -1.02715 -0.36376 -3.91348 -1.70689e-17 4.54241 0.39741 -0.456511 -5.40006 -1.08499 -1.89342e-17 4.5512 0.720839 -2.60741 -11.6234 1.49746 1.16172 -7.16758 7.09827 19.623 4.98804 11.4749 12.2059 3.06167 -3.07978 -113.007 25.5593 55.2091 27.5197 0.056351 0.129118 11.5962 -15.1122 -105.725 22.8331 0.0467536 0.107129 9.61987 0.422677 -6.10765 -1.16172 -7.16756 7.09818 -23.9613 4.4559 -11.508 -12.2059 3.06167 -3.07978 122.195 33.035 -55.401 -27.5197 0.056351 0.129118 -11.8337 -9.81663 79.8846 -22.8331 0.0467534 0.107129 -14.9344 7.51333 -3.49151 8.70282 -3.96247 1.9152 6.41644 -6.41228 1.14512 -0.803084 -36.5309 -0.617314 -0.280769 1.04823 -0.0157284 -2.19176 -38.0664 -5.69911 1.66268 -0.924054 15.04 0.734061 -9.31305 11.7736 2.48481e-17 -7.95139e-16 1.2424e-17 -8.70282 -3.96247 1.9152 8.78574 -15.258 17.4726 0.803084 -36.5309 -0.617314 1.34306 5.01368 0.0287619 2.19176 -38.0664 -5.69911 0.75299 8.46694 -14.615 -0.734061 -9.31305 11.7736 -9.93923e-16 -5.46658e-16 -1.27222e-14 
24.4067 88.4546 -8.91523 -4.22304 8.3067 -0.519769 0 4.78511 -1.08482 2.61575 -1.85579 -0.208675 0 5.29195 1.00949 2.30356 -0.507848 0.987038 -9.66735e-18 5.64355 0.108362 1.7512 1.74472 0.728812 -1.04072e-17 6.12977 -0.417886 1.21497 5.89513 0.609337 -1.85891e-17 7.16586 -1.41888 0.841616 8.72707 0.224273 -2.38665e-17 8.94839 -0.861631 0.0380692 10.0757 0.396234 -2.73615e-17 9.94144 1.48576 -0.0290412 0.157971 0.165092 -1.21725e-17 4.50977 0.67399 -1.01925 -0.483569 -3.97103 -1.70689e-17 4.54241 0.39741 -0.554056 -5.3322 -1.11899 -1.89342e-17 4.5512 0.720839 -2.71352 -11.3816 1.43309 1.16172 -7.16758 7.09827 19.4269 5.06367 11.3738 12.2059 3.06167 -3.07978 -113.256 25.5734 55.6199 27.5197 0.056351 0.129118 11.607 -15.0741 -105.531 22.8331 0.0467536 0.107129 10.039 0.363789 -6.18668 -1.16172 -7.16756 7.09818 -23.9436 4.47772 -11.5608 -12.2059 3.06167 -3.07978 121.922 32.9885 -55.0522 -27.5197 0.056351 0.129118 -11.8065 -9.6756 79.1972 -22.8331 0.0467534 0.107129 -14.7767 6.76403 -3.41657 8.70282 -3.96247 1.9152 6.47011 -6.36375 1.32103 -0.803084 -36.5309 -0.617314 -0.276816 1.03347 -0.0155425 -2.19176 -38.0664 -5.69911 1.79982 -1.46462 15.0668 0.734061 -9.31305 11.7736 2.48481e-17 -7.95139e-16 1.2424e-17 -8.70282 -3.96247 1.9152 8.93879 -15.2229 17.6366 0.803084 -36.5309 -0.617314 1.34966 5.03824 0.0286129 2.19176 -38.0664 -5.69911 0.497436 7.93461 -14.6107 -0.734061 -9.31305 11.7736 -9.67923e-16 -5.4747e-16 -1.27238e-14 
24.3472 88.3454 -8.87838 -4.19093 8.39007 -0.762396 0 4.78511 -1.08482 2.62637 -1.86602 -0.163434 0 5.29195 1.00949 2.30561 -0.530153 1.02856 -9.66735e-18 5.64355 0.108362 1.74409 1.70986 0.767394 -1.04072e-17 6.12977 -0.417886 1.19881 5.84314 0.643599 -1.85891e-17 7.16586 -1.41888 0.823796 8.67516 0.257986 -2.38665e-17 8.94839 -0.861631 0.0292432 10.0238 0.439236 -2.73615e-17 9.94144 1.48576 -0.0270568 0.164156 0.162707 -1.21725e-17 4.50977 0.67399 -1.01144 -0.629071 -4.01591 -1.70689e-17 4.54241 0.39741 -0.643938 -5.25184 -1.14166 -1.89342e-17 4.5512 0.720839 -2.83286 -11.1908 1.40729 1.16172 -7.16758 7.09827 19.2226 5.1358 11.2985 12.2059 3.06167 -3.07978 -113.521 25.5765 56.0028 27.5197 0.056351 0.129118 11.6122 -15.0556 -105.438 22.8331 0.0467536 0.107129 10.4519 0.141797 -6.18444 -1.16172 -7.16756 7.09818 -23.983 4.51579 -11.6049 -12.2059 3.06167 -3.07978 121.811 32.9789 -54.9047 -27.5197 0.056351 0.129118 -11.7886 -9.58742 78.7666 -22.8331 0.0467534 0.107129 -14.6872 6.06904 -3.43353 8.70282 -3.96247 1.9152 6.48493 -6.31648 1.48469 -0.803084 -36.5309 -0.617314 -0.267423 0.998388 -0.0150968 -2.19176 -38.0664 -5.69911 1.92538 -1.92825 15.0894 0.734061 -9.31305 11.7736 2.48481e-17 -7.95139e-16 1.2424e-17 -8.70282 -3.96247 1.9152 9.0535 -15.1553 17.8232 0.803084 -36.5309 -0.617314 1.34034 5.00353 0.0288227 2.19176 -38.0664 -5.69911 0.238435 7.43665 -14.6073 -0.734061 -9.31305 11.7736 -5.44353e-16 -5.61519e-16 -1.27487e-14 
24.27 88.2469 -8.90634 -4.1853 8.53656 -0.976535 0 4.78511 -1.08482 2.63739 -1.84556 -0.113096 0 5.29195 1.00949 2.3029 -0.520827 1.07467 -9.66735e-18 5.64355 0.108362 1.73232 1.71016 0.811881 -1.04072e-17 6.12977 -0.417886 1.17728 5.82382 0.686661 -1.85891e-17 7.16586 -1.41888 0.802486 8.6475 0.302243 -2.38665e-17 8.94839 -0.861631 0.0207472 9.99646 0.487738 -2.73615e-17 9.94144 1.48576 -0.0242132 0.166135 0.16195 -1.21725e-17 4.50977 0.67399 -1.01849 -0.752426 -4.09344 -1.70689e-17 4.54241 0.39741 -0.666333 -5.29493 -1.17839 -1.89342e-17 4.5512 0.720839 -2.94492 -11.1126 1.40122 1.16172 -7.16758 7.09827 18.9153 5.13319 11.2808 12.2059 3.06167 -3.07978 -113.587 25.6062 56.087 27.5197 0.056351 0.129118 11.6189 -15.0315 -105.316 22.8331 0.0467536 0.107129 10.8082 0.0582301 -6.23447 -1.16172 -7.16756 7.09818 -23.9151 4.5512 -11.6587 -12.2059 3.06167 -3.07978 121.731 33.0019 -54.807 -27.5197 0.056351 0.129118 -11.7757 -9.52559 78.4644 -22.8331 0.0467534 0.107129 -14.7186 5.44913 -3.37538 8.70282 -3.96247 1.9152 6.56252 -6.44571 1.60651 -0.803084 -36.5309 -0.617314 -0.287225 1.07234 -0.0160298 -2.19176 -38.0664 -5.69911 2.01689 -2.39451 15.1165 0.734061 -9.31305 11.7736 2.48481e-17 -7.95139e-16 1.2424e-17 -8.70282 -3.96247 1.9152 9.20517 -15.2342 18.0008 0.803084 -36.5309 -0.617314 1.34282 5.01279 0.0287673 2.19176 -38.0664 -5.69911 0.0201772 7.04068 -14.6036 -0.734061 -9.31305 11.7736 1.46784e-16 -5.93916e-16 -1.27703e-14 
24.182 88.149 -8.9617 -4.20983 8.68525 -1.18027 0 4.78511 -1.08482 2.66755 -1.78272 -0.0541684 0 5.29195 1.00949 2.3136 -0.478147 1.1356 -9.66735e-18 5.64355 0.108362 1.72989 1.72917 0.871522 -1.04072e-17 6.12977 -0.417886 1.15966 5.79767 0.745715 -1.85891e-17 7.16586 -1.41888 0.78371 8.59901 0.361647 -2.38665e-17 8.94839 -0.861631 0.0148292 9.94607 0.551536 -2.73615e-17 9.94144 1.48576 -0.0215406 0.171329 0.163615 -1.21725e-17 4.50977 0.67399 -1.03181 -0.864116 -4.21805 -1.70689e-17 4.54241 0.39741 -0.673506 -5.29755 -1.23575 -1.89342e-17 4.5512 0.720839 -3.04964 -11.0539 1.35462 1.16172 -7.16758 7.09827 18.6368 5.14342 11.2687 12.2059 3.06167 -3.07978 -113.588 25.5377 56.1165 27.5197 0.056351 0.129118 11.6235 -15.0149 -105.232 22.8331 0.0467536 0.107129 11.0814 0.397297 -6.45904 -1.16172 -7.16756 7.09818 -23.8949 4.63014 -11.7311 -12.2059 3.06167 -3.07978 121.743 33.0188 -54.7981 -27.5197 0.056351 0.129118 -11.7693 -9.49553 78.3173 -22.8331 0.0467534 0.107129 -14.7557 4.92561 -3.37663 8.70282 -3.96247 1.9152 6.69496 -6.63134 1.73289 -0.803084 -36.5309 -0.617314 -0.324824 1.21278 -0.0177312 -2.19176 -38.0664 -5.69911 2.10077 -2.88759 15.1431 0.734061 -9.31305 11.7736 2.48481e-17 -7.95139e-16 1.2424e-17 -8.70282 -3.96247 1.9152 9.39026 -15.3589 18.1345 0.803084 -36.5309 -0.617314 1.35558 5.06031 0.0284766 2.19176 -38.0664 -5.69911 -0.167651 6.6844 -14.5991 -0.734061 -9.31305 11.7736 -4.92353e-16 -5.63957e-16 -1.27511e-14 
24.0815 88.0629 -9.0096 -4.23368 8.80759 -1.39949 0 4.78511 -1.08482 2.69534 -1.75843 0.00828565 0 5.29195 1.00949 2.32363 -0.46764 1.20243 -9.66735e-18 5.64355 0.108362 1.72699 1.72884 0.935832 -1.04072e-17 6.12977 -0.417886 1.14178 5.78028 0.8074 -1.85891e-17 7.16586 -1.41888 0.766051 8.57886 0.422887 -2.38665e-17 8.94839 -0.861631 0.00975478 9.93033 0.621086 -2.73615e-17 9.94144 1.48576 -0.0189068 0.174727 0.164161 -1.21725e-17 4.50977 0.67399 -1.04202 -0.978463 -4.34958 -1.70689e-17 4.54241 0.39741 -0.698092 -5.23636 -1.29505 -1.89342e-17 4.5512 0.720839 -3.09035 -10.9609 1.30315 1.16172 -7.16758 7.09827 18.4359 5.19824 11.2349 12.2059 3.06167 -3.07978 -113.828 25.4785 56.4029 27.5197 0.056351 0.129118 11.6164 -15.0406 -105.362 22.8331 0.0467536 0.107129 11.4806 0.707367 -6.76616 -1.16172 -7.16756 7.09818 -23.9509 4.69918 -11.8253 -12.2059 3.06167 -3.07978 121.836 33.0744 -54.8668 -27.5197 0.056351 0.129118 -11.7689 -9.49367 78.3082 -22.8331 0.0467534 0.107129 -14.6995 4.524 -3.56176 8.70282 -3.96247 1.9152 6.83309 -6.76982 1.92723 -0.803084 -36.5309 -0.617314 -0.352971 1.31792 -0.0189447 -2.19176 -38.0664 -5.69911 2.17721 -3.30776 15.1625 0.734061 -9.31305 11.7736 2.48481e-17 -7.95139e-16 1.2424e-17 -8.70282 -3.96247 1.9152 9.58401 -15.439 18.318 0.803084 -36.5309 -0.617314 1.36089 5.08006 0.0283526 2.19176 -38.0664 -5.69911 -0.332546 6.40355 -14.5933 -0.734061 -9.31305 11.7736 8.63922e-16 -6.27939e-16 -1.28035e-14 
23.987 87.979 -9.05474 -4.2446 9.00078 -1.604 0 4.78511 -1.08482 2.70977 -1.79983 0.0634622 0 5.29195 1.00949 2.32489 -0.513243 1.26107 -9.66735e-18 5.64355 0.108362 1.71789 1.69432 0.992187 -1.04072e-17 6.12977 -0.417886 1.12098 5.77264 0.861577 -1.85891e-17 7.16586 -1.41888 0.746676 8.59278 0.477136 -2.38665e-17 8.94839 -0.861631 0.0027887 9.95718 0.684169 -2.73615e-17 9.94144 1.48576 -0.0157925 0.174379 0.16434 -1.21725e-17 4.50977 0.67399 -1.05007 -1.0856 -4.47242 -1.70689e-17 4.54241 0.39741 -0.710936 -5.16668 -1.34813 -1.89342e-17 4.5512 0.720839 -3.09378 -10.8759 1.28582 1.16172 -7.16758 7.09827 18.2396 5.2265 11.2165 12.2059 3.06167 -3.07978 -114.241 25.5484 56.7761 27.5197 0.056351 0.129118 11.6051 -15.0807 -105.565 22.8331 0.0467536 0.107129 11.9605 0.893237 -6.94265 -1.16172 -7.16756 7.09818 -24.0246 4.74837 -11.9033 -12.2059 3.06167 -3.07978 122.073 33.1945 -55.0352 -27.5197 0.056351 0.129118 -11.7652 -9.47681 78.2258 -22.8331 0.0467534 0.107129 -14.6949 4.23808 -3.70711 8.70282 -3.96247 1.9152 6.9522 -6.98289 2.1143 -0.803084 -36.5309 -0.617314 -0.379495 1.417 -0.0200411 -2.19176 -38.0664 -5.69911 2.25792 -3.70948 15.1825 0.734061 -9.31305 11.7736 2.48481e-17 -7.95139e-16 1.2424e-17 -8.70282 -3.96247 1.9152 9.75764 -15.6042 18.4674 0.803084 -36.5309 -0.617314 1.37378 5.12807 0.0280435 2.19176 -38.0664 -5.69911 -0.476789 6.10681 -14.5913 -0.734061 -9.31305 11.7736 -1.07192e-15 -5.43408e-16 -1.2719e-14 
23.8962 87.9225 -9.15704 -4.24251 9.18452 -1.79976 0 4.78511 -1.08482 2.70925 -1.78885 0.11779 0 5.29195 1.00949 2.31222 -0.509785 1.31205 -9.66735e-18 5.64355 0.108362 1.69954 1.69879 1.04263 -1.04072e-17 6.12977 -0.417886 1.09496 5.77091 0.912082 -1.85891e-17 7.16586 -1.41888 0.72575 8.58777 0.529522 -2.38665e-17 8.94839 -0.861631 -0.000771576 9.9587 0.740156 -2.73615e-17 9.94144 1.48576 -0.0129602 0.175651 0.164912 -1.21725e-17 4.50977 0.67399 -1.04963 -1.14497 -4.55651 -1.70689e-17 4.54241 0.39741 -0.676703 -5.19802 -1.3846 -1.89342e-17 4.5512 0.720839 -3.13081 -10.8146 1.23618 1.16172 -7.16758 7.09827 17.965 5.19943 11.2327 12.2059 3.06167 -3.07978 -114.35 25.5728 56.8133 27.5197 0.056351 0.129118 11.5988 -15.1029 -105.677 22.8331 0.0467536 0.107129 12.2224 1.20146 -7.00022 -1.16172 -7.16756 7.09818 -24.0099 4.79095 -11.9677 -12.2059 3.06167 -3.07978 122.199 33.2931 -55.0563 -27.5197 0.056351 0.129118 -11.757 -9.43937 78.0425 -22.8331 0.0467534 0.107129 -14.7271 4.11349 -3.75307 8.70282 -3.96247 1.9152 7.07524 -7.28341 2.21747 -0.803084 -36.5309 -0.617314 -0.424085 1.58358 -0.0217808 -2.19176 -38.0664 -5.69911 2.29531 -4.0018 15.2027 0.734061 -9.31305 11.7736 2.48481e-17 -7.95139e-16 1.2424e-17 -8.70282 -3.96247 1.9152 9.92009 -15.851 18.6035 0.803084 -36.5309 -0.617314 1.40138 5.23084 0.0273455 2.19176 -38.0664 -5.69911 -0.607058 5.96626 -14.5786 -0.734061 -9.31305 11.7736 -2.08263e-15 -5.01024e-16 -1.26774e-14 
23.7988 87.8574 -9.27463 -4.2251 9.34189 -1.99512 0 4.78511 -1.08482 2.71465 -1.7389 0.180397 0 5.29195 1.00949 2.30279 -0.474565 1.37537 -9.66735e-18 5.64355 0.108362 1.68253 1.72434 1.10522 -1.04072e-17 6.12977 -0.417886 1.06866 5.77322 0.974818 -1.85891e-17 7.16586 -1.41888 0.706037 8.57436 0.593183 -2.38665e-17 8.94839 -0.861631 -0.000141777 9.94127 0.80812 -2.73615e-17 9.94144 1.48576 -0.00845018 0.177186 0.165063 -1.21725e-17 4.50977 0.67399 -1.02965 -1.17036 -4.67091 -1.70689e-17 4.54241 0.39741 -0.631059 -5.17726 -1.43702 -1.89342e-17 4.5512 0.720839 -3.2263 -10.8229 1.14806 1.16172 -7.16758 7.09827 17.8284 5.192 11.2542 12.2059 3.06167 -3.07978 -114.469 25.4607 56.7286 27.5197 0.056351 0.129118 11.5952 -15.1156 -105.742 22.8331 0.0467536 0.107129 12.3444 1.63684 -7.20855 -1.16172 -7.16756 7.09818 -24.2182 4.87558 -12.0584 -12.2059 3.06167 -3.07978 122.32 33.3195 -54.9657 -27.5197 0.056351 0.129118 -11.7481 -9.39919 77.8457 -22.8331 0.0467534 0.107129 -14.5997 3.98068 -3.73104 8.70282 -3.96247 1.9152 7.20309 -7.60844 2.32037 -0.803084 -36.5309 -0.617314 -0.490459 1.83154 -0.0241307 -2.19176 -38.0664 -5.69911 2.35504 -4.32591 15.2209 0.734061 -9.31305 11.7736 2.48481e-17 -7.95139e-16 1.2424e-17 -8.70282 -3.96247 1.9152 10.0707 -16.0953 18.7749 0.803084 -36.5309 -0.617314 1.43774 5.36618 0.0263502 2.19176 -38.0664 -5.69911 -0.727896 5.77731 -14.5729 -0.734061 -9.31305 11.7736 -5.70354e-16 -5.60707e-16 -1.27479e-14 
23.6996 87.7984 -9.37689 -4.20555 9.48236 -2.17177 0 4.78511 -1.08482 2.71884 -1.67439 0.235747 0 5.29195 1.00949 2.29334 -0.431553 1.43693 -9.66735e-18 5.64355 0.108362 1.66576 1.74691 1.16541 -1.04072e-17 6.12977 -0.417886 1.04391 5.76017 1.0346 -1.85891e-17 7.16586 -1.41888 0.687591 8.5425 0.653302 -2.38665e-17 8.94839 -0.861631 4.89482e-05 9.90061 0.873203 -2.73615e-17 9.94144 1.48576 -0.00315631 0.180431 0.165773 -1.21725e-17 4.50977 0.67399 -1.01055 -1.23401 -4.76614 -1.70689e-17 4.54241 0.39741 -0.599776 -5.11252 -1.47835 -1.89342e-17 4.5512 0.720839 -3.31714 -10.7757 1.06114 1.16172 -7.16758 7.09827 17.7767 5.2284 11.2451 12.2059 3.06167 -3.07978 -114.699 25.3272 56.7243 27.5197 0.056351 0.129118 11.5874 -15.1425 -105.879 22.8331 0.0467536 0.107129 12.5091 2.4402 -7.36728 -1.16172 -7.16756 7.09818 -24.5271 5.00011 -12.1282 -12.2059 3.06167 -3.07978 122.603 33.3672 -55.0133 -27.5197 0.056351 0.129118 -11.7478 -9.39783 77.839 -22.8331 0.0467534 0.107129 -14.4771 3.85607 -3.84367 8.70282 -3.96247 1.9152 7.31951 -7.90652 2.47587 -0.803084 -36.5309 -0.617314 -0.553767 2.06805 -0.0261046 -2.19176 -38.0664 -5.69911 2.44782 -4.5992 15.2323 0.734061 -9.31305 11.7736 -1.15196e-18 -7.95951e-16 1.32365e-17 -8.70282 -3.96247 1.9152 10.2109 -16.3072 18.9746 0.803084 -36.5309 -0.617314 1.46989 5.48584 0.0253981 2.19176 -38.0664 -5.69911 -0.797045 5.59831 -14.578 -0.734061 -9.31305 11.7736 -1.98785e-16 -5.8393e-16 -1.27595e-14 
23.6082 87.7585 -9.48955 -4.19859 9.63018 -2.34535 0 4.78511 -1.08482 2.71868 -1.59573 0.282378 0 5.29195 1.00949 2.27976 -0.371113 1.48758 -9.66735e-18 5.64355 0.108362 1.64726 1.78696 1.21491 -1.04072e-17 6.12977 -0.417886 1.01982 5.75939 1.08429 -1.85891e-17 7.16586 -1.41888 0.670359 8.51881 0.703836 -2.38665e-17 8.94839 -0.861631 -0.00046363 9.87047 0.926702 -2.73615e-17 9.94144 1.48576 0.00055896 0.183417 0.166629 -1.21725e-17 4.50977 0.67399 -1.00078 -1.29138 -4.83934 -1.70689e-17 4.54241 0.39741 -0.563027 -5.11079 -1.50653 -1.89342e-17 4.5512 0.720839 -3.34533 -10.7706 1.02426 1.16172 -7.16758 7.09827 17.6494 5.24917 11.2547 12.2059 3.06167 -3.07978 -114.871 25.2187 56.6448 27.5197 0.056351 0.129118 11.5794 -15.1703 -106.02 22.8331 0.0467536 0.107129 12.698 3.40713 -7.44923 -1.16172 -7.16756 7.09818 -24.7249 5.10786 -12.1932 -12.2059 3.06167 -3.07978 122.893 33.4669 -55.1109 -27.5197 0.056351 0.129118 -11.75 -9.40774 77.8875 -22.8331 0.0467534 0.107129 -14.463 3.76814 -3.89209 8.70282 -3.96247 1.9152 7.43966 -8.21303 2.68873 -0.803084 -36.5309 -0.617314 -0.60951 2.27629 -0.0276263 -2.19176 -38.0664 -5.69911 2.51032 -4.79647 15.2426 0.734061 -9.31305 11.7736 -3.46726e-16 -8.0675e-16 2.40357e-17 -8.70282 -3.96247 1.9152 10.3598 -16.5547 19.176 0.803084 -36.5309 -0.617314 1.50664 5.62257 0.0242274 2.19176 -38.0664 -5.69911 -0.839029 5.52656 -14.576 -0.734061 -9.31305 11.7736 -1.98785e-16 -5.8393e-16 -1.27595e-14 
23.5383 87.722 -9.60923 -4.22072 9.77775 -2.48604 0 4.78511 -1.08482 2.74088 -1.49715 0.320734 0 5.29195 1.00949 2.2862 -0.287633 1.53054 -9.66735e-18 5.64355 0.108362 1.64599 1.84962 1.25716 -1.04072e-17 6.12977 -0.417886 1.00988 5.77817 1.12721 -1.85891e-17 7.16586 -1.41888 0.663203 8.50958 0.745407 -2.38665e-17 8.94839 -0.861631 0.00289275 9.85345 0.970001 -2.73615e-17 9.94144 1.48576 0.0041014 0.184994 0.16779 -1.21725e-17 4.50977 0.67399 -0.986958 -1.33739 -4.92312 -1.70689e-17 4.54241 0.39741 -0.526365 -5.13575 -1.53928 -1.89342e-17 4.5512 0.720839 -3.40926 -10.833 0.990906 1.16172 -7.16758 7.09827 17.4637 5.25397 11.2914 12.2059 3.06167 -3.07978 -114.95 25.072 56.459 27.5197 0.056351 0.129118 11.5755 -15.1837 -106.088 22.8331 0.0467536 0.107129 12.8079 4.30251 -7.61411 -1.16172 -7.16756 7.09818 -24.9094 5.20288 -12.2743 -12.2059 3.06167 -3.07978 123.1 33.5367 -55.1792 -27.5197 0.056351 0.129118 -11.7545 -9.42798 77.9867 -22.8331 0.0467534 0.107129 -14.474 3.69493 -3.86301 8.70282 -3.96247 1.9152 7.58515 -8.56072 2.88897 -0.803084 -36.5309 -0.617314 -0.682108 2.54749 -0.0293043 -2.19176 -38.0664 -5.69911 2.55051 -5.01804 15.2557 0.734061 -9.31305 11.7736 -1.14753e-18 -7.95951e-16 1.32364e-17 -8.70282 -3.96247 1.9152 10.5152 -16.8151 19.3235 0.803084 -36.5309 -0.617314 1.54517 5.76586 0.0229057 2.19176 -38.0664 -5.69911 -0.88244 5.48156 -14.5681 -0.734061 -9.31305 11.7736 -1.72789e-16 -5.84742e-16 -1.27603e-14 
23.4743 87.6949 -9.6886 -4.23348 9.87538 -2.60585 0 4.78511 -1.08482 2.76559 -1.41701 0.350128 0 5.29195 1.00949 2.29783 -0.21852 1.56375 -9.66735e-18 5.64355 0.108362 1.65048 1.90254 1.29041 -1.04072e-17 6.12977 -0.417886 1.00635 5.79814 1.16084 -1.85891e-17 7.16586 -1.41888 0.661056 8.50765 0.77709 -2.38665e-17 8.94839 -0.861631 0.0084992 9.84413 1.00371 -2.73615e-17 9.94144 1.48576 0.00766647 0.186737 0.16854 -1.21725e-17 4.50977 0.67399 -0.964437 -1.34622 -4.99447 -1.70689e-17 4.54241 0.39741 -0.508612 -5.10538 -1.56786 -1.89342e-17 4.5512 0.720839 -3.47867 -10.883 0.949038 1.16172 -7.16758 7.09827 17.2801 5.25693 11.3211 12.2059 3.06167 -3.07978 -115.029 24.9325 56.296 27.5197 0.056351 0.129118 11.5711 -15.1985 -106.163 22.8331 0.0467536 0.107129 12.9053 5.19725 -7.71078 -1.16172 -7.16756 7.09818 -25.1072 5.2797 -12.3547 -12.2059 3.06167 -3.07978 123.284 33.6309 -55.2841 -27.5197 0.056351 0.129118 -11.7614 -9.4591 78.1391 -22.8331 0.0467534 0.107129 -14.4344 3.65864 -3.90998 8.70282 -3.96247 1.9152 7.70447 -8.8107 3.04195 -0.803084 -36.5309 -0.617314 -0.741369 2.76884 -0.0304191 -2.19176 -38.0664 -5.69911 2.56651 -5.18548 15.2653 0.734061 -9.31305 11.7736 -3.72721e-16 -8.07563e-16 2.48481e-17 -8.70282 -3.96247 1.9152 10.6431 -16.9812 19.4976 0.803084 -36.5309 -0.617314 1.57459 5.87526 0.021831 2.19176 -38.0664 -5.69911 -0.913792 5.44672 -14.5627 -0.734061 -9.31305 11.7736 2.50776e-16 -5.98791e-16 -1.27744e-14 
23.4134 87.6743 -9.74263 -4.24683 10.0209 -2.69914 0 4.78511 -1.08482 2.77957 -1.39397 0.36548 0 5.29195 1.00949 2.30444 -0.198049 1.58083 -9.66735e-18 5.64355 0.108362 1.65243 1.92101 1.30753 -1.04072e-17 6.12977 -0.417886 1.0038 5.81527 1.17836 -1.85891e-17 7.16586 -1.41888 0.658985 8.52108 0.793411 -2.38665e-17 8.94839 -0.861631 0.011326 9.85568 1.02215 -2.73615e-17 9.94144 1.48576 0.0109341 0.185539 0.168482 -1.21725e-17 4.50977 0.67399 -0.948805 -1.36693 -5.04048 -1.70689e-17 4.54241 0.39741 -0.502918 -5.07017 -1.58481 -1.89342e-17 4.5512 0.720839 -3.5299 -10.9196 0.961617 1.16172 -7.16758 7.09827 17.1015 5.24258 11.3539 12.2059 3.06167 -3.07978 -115.104 24.8675 56.1488 27.5197 0.056351 0.129118 11.5669 -15.2126 -106.235 22.8331 0.0467536 0.107129 13.081 5.93101 -7.69613 -1.16172 -7.16756 7.09818 -25.2541 5.3287 -12.4171 -12.2059 3.06167 -3.07978 123.47 33.7259 -55.4444 -27.5197 0.056351 0.129118 -11.7708 -9.50258 78.3519 -22.8331 0.0467534 0.107129 -14.3848 3.75211 -4.00288 8.70282 -3.96247 1.9152 7.81954 -9.09692 3.17895 -0.803084 -36.5309 -0.617314 -0.798822 2.98342 -0.0312812 -2.19176 -38.0664 -5.69911 2.57466 -5.33112 15.2741 0.734061 -9.31305 11.7736 -2.94734e-16 -8.04313e-16 2.15986e-17 -8.70282 -3.96247 1.9152 10.7594 -17.142 19.7011 0.803084 -36.5309 -0.617314 1.58641 5.91918 0.0213837 2.19176 -38.0664 -5.69911 -0.923218 5.41536 -14.5599 -0.734061 -9.31305 11.7736 8.89941e-16 -6.28752e-16 -1.28051e-14 
23.3626 87.6665 -9.82803 -4.23787 10.1514 -2.78464 0 4.78511 -1.08482 2.77545 -1.34742 0.383025 0 5.29195 1.00949 2.29269 -0.152614 1.5952 -9.66735e-18 5.64355 0.108362 1.63987 1.96495 1.3227 -1.04072e-17 6.12977 -0.417886 0.990458 5.84927 1.19551 -1.85891e-17 7.16586 -1.41888 0.649965 8.54129 0.812085 -2.38665e-17 8.94839 -0.861631 0.0121701 9.87198 1.03908 -2.73615e-17 9.94144 1.48576 0.0143258 0.18283 0.168033 -1.21725e-17 4.50977 0.67399 -0.932278 -1.33997 -5.05428 -1.70689e-17 4.54241 0.39741 -0.4669 -5.12425 -1.58804 -1.89342e-17 4.5512 0.720839 -3.5957 -10.9896 0.95011 1.16172 -7.16758 7.09827 16.8775 5.17622 11.4249 12.2059 3.06167 -3.07978 -114.973 24.7978 55.7958 27.5197 0.056351 0.129118 11.5681 -15.2087 -106.215 22.8331 0.0467536 0.107129 13.1079 6.21194 -7.68544 -1.16172 -7.16756 7.09818 -25.3219 5.36654 -12.4829 -12.2059 3.06167 -3.07978 123.591 33.809 -55.5442 -27.5197 0.056351 0.129118 -11.78 -9.54617 78.5651 -22.8331 0.0467534 0.107129 -14.3644 3.88234 -3.98352 8.70282 -3.96247 1.9152 7.92269 -9.43511 3.24566 -0.803084 -36.5309 -0.617314 -0.872724 3.25939 -0.0320734 -2.19176 -38.0664 -5.69911 2.52448 -5.4316 15.285 0.734061 -9.31305 11.7736 8.19987e-16 -7.57867e-16 -2.48481e-17 -8.70282 -3.96247 1.9152 10.8454 -17.3451 19.8654 0.803084 -36.5309 -0.617314 1.60956 6.00523 0.0204806 2.19176 -38.0664 -5.69911 -0.935148 5.44212 -14.5502 -0.734061 -9.31305 11.7736 -6.2235e-16 -5.5827e-16 -1.27454e-14 
23.3243 87.6553 -9.91276 -4.22847 10.2807 -2.87017 0 4.78511 -1.08482 2.78924 -1.27327 0.401828 0 5.29195 1.00949 2.29634 -0.0866301 1.61558 -9.66735e-18 5.64355 0.108362 1.63917 2.01791 1.34378 -1.04072e-17 6.12977 -0.417886 0.985238 5.87555 1.21838 -1.85891e-17 7.16586 -1.41888 0.646386 8.54502 0.834559 -2.38665e-17 8.94839 -0.861631 0.015723 9.86695 1.05999 -2.73615e-17 9.94144 1.48576 0.0183847 0.182267 0.168407 -1.21725e-17 4.50977 0.67399 -0.910922 -1.30769 -5.09384 -1.70689e-17 4.54241 0.39741 -0.440056 -5.13803 -1.60362 -1.89342e-17 4.5512 0.720839 -3.69618 -11.0806 0.934202 1.16172 -7.16758 7.09827 16.7218 5.13445 11.4872 12.2059 3.06167 -3.07978 -114.848 24.6873 55.4778 27.5197 0.056351 0.129118 11.5714 -15.1974 -106.158 22.8331 0.0467536 0.107129 13.0576 6.33337 -7.82063 -1.16172 -7.16756 7.09818 -25.486 5.43422 -12.556 -12.2059 3.06167 -3.07978 123.732 33.858 -55.6569 -27.5197 0.056351 0.129118 -11.7908 -9.59792 78.8179 -22.8331 0.0467534 0.107129 -14.3538 4.02101 -3.92192 8.70282 -3.96247 1.9152 8.01992 -9.76711 3.28686 -0.803084 -36.5309 -0.617314 -0.94552 3.53116 -0.0325053 -2.19176 -38.0664 -5.69911 2.48562 -5.54166 15.2927 0.734061 -9.31305 11.7736 7.93991e-16 -7.59491e-16 -2.32234e-17 -8.70282 -3.96247 1.9152 10.9212 -17.5507 19.996 0.803084 -36.5309 -0.617314 1.63569 6.10235 0.0194194 2.19176 -38.0664 -5.69911 -0.926476 5.43747 -14.5475 -0.734061 -9.31305 11.7736 -9.93923e-16 -5.46658e-16 -1.27222e-14 
23.2908 87.6494 -9.97099 -4.21577 10.3932 -2.95434 0 4.78511 -1.08482 2.80343 -1.22156 0.408707 0 5.29195 1.00949 2.30357 -0.0405417 1.62518 -9.66735e-18 5.64355 0.108362 1.64256 2.0538 1.35385 -1.04072e-17 6.12977 -0.417886 0.985178 5.8947 1.22929 -1.85891e-17 7.16586 -1.41888 0.645964 8.55003 0.844153 -2.38665e-17 8.94839 -0.861631 0.0179529 9.86491 1.07039 -2.73615e-17 9.94144 1.48576 0.0220076 0.182543 0.168339 -1.21725e-17 4.50977 0.67399 -0.888642 -1.2871 -5.11047 -1.70689e-17 4.54241 0.39741 -0.448372 -5.10505 -1.60786 -1.89342e-17 4.5512 0.720839 -3.76048 -11.1236 0.928502 1.16172 -7.16758 7.09827 16.5851 5.11795 11.529 12.2059 3.06167 -3.07978 -114.856 24.6081 55.2815 27.5197 0.056351 0.129118 11.5689 -15.206 -106.202 22.8331 0.0467536 0.107129 13.1046 6.49172 -7.84052 -1.16172 -7.16756 7.09818 -25.6822 5.49372 -12.6131 -12.2059 3.06167 -3.07978 123.909 33.9481 -55.8582 -27.5197 0.056351 0.129118 -11.807 -9.67777 79.2078 -22.8331 0.0467534 0.107129 -14.3203 4.18629 -3.95584 8.70282 -3.96247 1.9152 8.09481 -10.0297 3.34529 -0.803084 -36.5309 -0.617314 -0.99995 3.73432 -0.0326021 -2.19176 -38.0664 -5.69911 2.45793 -5.60798 15.2953 0.734061 -9.31305 11.7736 3.70426e-16 -7.84339e-16 1.62473e-18 -8.70282 -3.96247 1.9152 10.9862 -17.7053 20.145 0.803084 -36.5309 -0.617314 1.65439 6.17182 0.0186327 2.19176 -38.0664 -5.69911 -0.91825 5.44337 -14.5452 -0.734061 -9.31305 11.7736 -9.15937e-16 -5.49907e-16 -1.27255e-14 
23.2648 87.6476 -10.0245 -4.20914 10.522 -3.02039 0 4.78511 -1.08482 2.81205 -1.17947 0.405585 0 5.29195 1.00949 2.30708 0.00128296 1.62199 -9.66735e-18 5.64355 0.108362 1.64469 2.09149 1.35138 -1.04072e-17 6.12977 -0.417886 0.986469 5.92382 1.22847 -1.85891e-17 7.16586 -1.41888 0.64726 8.56746 0.842473 -2.38665e-17 8.94839 -0.861631 0.0204559 9.8783 1.06796 -2.73615e-17 9.94144 1.48576 0.0250931 0.181827 0.16828 -1.21725e-17 4.50977 0.67399 -0.868282 -1.25332 -5.10982 -1.70689e-17 4.54241 0.39741 -0.436711 -5.12019 -1.60251 -1.89342e-17 4.5512 0.720839 -3.81082 -11.1943 0.967167 1.16172 -7.16758 7.09827 16.3831 5.06737 11.602 12.2059 3.06167 -3.07978 -114.78 24.5441 54.9934 27.5197 0.056351 0.129118 11.5655 -15.2176 -106.26 22.8331 0.0467536 0.107129 13.1346 6.46661 -7.80071 -1.16172 -7.16756 7.09818 -25.8041 5.53106 -12.667 -12.2059 3.06167 -3.07978 124.049 34.0445 -56.0719 -27.5197 0.056351 0.129118 -11.8251 -9.77098 79.6623 -22.8331 0.0467534 0.107129 -14.3263 4.38449 -3.98196 8.70282 -3.96247 1.9152 8.15684 -10.2818 3.39434 -0.803084 -36.5309 -0.617314 -1.03954 3.88206 -0.0325511 -2.19176 -38.0664 -5.69911 2.42481 -5.65355 15.299 0.734061 -9.31305 11.7736 -3.72721e-16 -8.07563e-16 2.48481e-17 -8.70282 -3.96247 1.9152 11.0519 -17.8905 20.2978 0.803084 -36.5309 -0.617314 1.67899 6.26318 0.0175632 2.19176 -38.0664 -5.69911 -0.927144 5.46845 -14.5381 -0.734061 -9.31305 11.7736 1.72789e-16 -5.95542e-16 -1.27711e-14 
23.2426 87.643 -10.078 -4.22248 10.6165 -3.09236 0 4.78511 -1.08482 2.83383 -1.11634 0.409905 0 5.29195 1.00949 2.31984 0.0624824 1.62817 -9.66735e-18 5.64355 0.108362 1.65335 2.14771 1.35925 -1.04072e-17 6.12977 -0.417886 0.990479 5.96551 1.23916 -1.85891e-17 7.16586 -1.41888 0.651029 8.59127 0.851941 -2.38665e-17 8.94839 -0.861631 0.0264645 9.89648 1.07519 -2.73615e-17 9.94144 1.48576 0.0279299 0.17946 0.169165 -1.21725e-17 4.50977 0.67399 -0.841666 -1.19222 -5.1122 -1.70689e-17 4.54241 0.39741 -0.41502 -5.16091 -1.60037 -1.89342e-17 4.5512 0.720839 -3.90489 -11.3117 0.966026 1.16172 -7.16758 7.09827 16.216 4.9875 11.6898 12.2059 3.06167 -3.07978 -114.57 24.4059 54.5707 27.5197 0.056351 0.129118 11.566 -15.2159 -106.252 22.8331 0.0467536 0.107129 13.0006 6.41796 -7.84637 -1.16172 -7.16756 7.09818 -25.9436 5.57547 -12.7309 -12.2059 3.06167 -3.07978 124.18 34.1307 -56.2581 -27.5197 0.056351 0.129118 -11.8394 -9.84745 80.0347 -22.8331 0.0467534 0.107129 -14.3424 4.52748 -3.89299 8.70282 -3.96247 1.9152 8.24281 -10.5164 3.43826 -0.803084 -36.5309 -0.617314 -1.09013 4.07082 -0.032337 -2.19176 -38.0664 -5.69911 2.40811 -5.72382 15.3052 0.734061 -9.31305 11.7736 -3.46726e-16 -8.0675e-16 2.40357e-17 -8.70282 -3.96247 1.9152 11.1373 -18.0505 20.4642 0.803084 -36.5309 -0.617314 1.70847 6.37262 0.01623 2.19176 -38.0664 -5.69911 -0.941762 5.49654 -14.5294 -0.734061 -9.31305 11.7736 -1.72789e-16 -5.84742e-16 -1.27603e-14 
23.2183 87.6399 -10.118 -4.22512 10.7046 -3.17404 0 4.78511 -1.08482 2.85699 -1.04686 0.411873 0 5.29195 1.00949 2.3342 0.125822 1.63574 -9.66735e-18 5.64355 0.108362 1.66297 2.19945 1.36801 -1.04072e-17 6.12977 -0.417886 0.99536 5.99629 1.2501 -1.85891e-17 7.16586 -1.41888 0.655143 8.60275 0.86123 -2.38665e-17 8.94839 -0.861631 0.0316329 9.89883 1.08326 -2.73615e-17 9.94144 1.48576 0.0313172 0.178602 0.16993 -1.21725e-17 4.50977 0.67399 -0.815728 -1.1406 -5.11877 -1.70689e-17 4.54241 0.39741 -0.409397 -5.1607 -1.60083 -1.89342e-17 4.5512 0.720839 -3.99505 -11.4233 0.975165 1.16172 -7.16758 7.09827 16.1334 4.9434 11.7601 12.2059 3.06167 -3.07978 -114.442 24.2338 54.2052 27.5197 0.056351 0.129118 11.5636 -15.224 -106.293 22.8331 0.0467536 0.107129 12.9021 6.63277 -7.90941 -1.16172 -7.16756 7.09818 -26.1624 5.64071 -12.7945 -12.2059 3.06167 -3.07978 124.34 34.1986 -56.4577 -27.5197 0.056351 0.129118 -11.8574 -9.94789 80.5233 -22.8331 0.0467534 0.107129 -14.2984 4.73986 -3.87488 8.70282 -3.96247 1.9152 8.31378 -10.7177 3.50151 -0.803084 -36.5309 -0.617314 -1.13236 4.22833 -0.0320303 -2.19176 -38.0664 -5.69911 2.41315 -5.76847 15.3065 0.734061 -9.31305 11.7736 2.48481e-17 -7.95139e-16 1.2424e-17 -8.70282 -3.96247 1.9152 11.2105 -18.1782 20.6817 0.803084 -36.5309 -0.617314 1.73094 6.45606 0.0151752 2.19176 -38.0664 -5.69911 -0.913223 5.50691 -14.5315 -0.734061 -9.31305 11.7736 1.72789e-16 -5.95542e-16 -1.27711e-14 
23.2008 87.6435 -10.1539 -4.23009 10.7919 -3.23691 0 4.78511 -1.08482 2.87684 -0.990195 0.403327 0 5.29195 1.00949 2.34728 0.178264 1.63455 -9.66735e-18 5.64355 0.108362 1.67261 2.2418 1.36764 -1.04072e-17 6.12977 -0.417886 1.00197 6.02385 1.25195 -1.85891e-17 7.16586 -1.41888 0.66021 8.61605 0.861405 -2.38665e-17 8.94839 -0.861631 0.0347423 9.90512 1.08302 -2.73615e-17 9.94144 1.48576 0.0341804 0.177903 0.171318 -1.21725e-17 4.50977 0.67399 -0.799196 -1.10165 -5.12094 -1.70689e-17 4.54241 0.39741 -0.411136 -5.1563 -1.59746 -1.89342e-17 4.5512 0.720839 -4.05961 -11.5215 0.995344 1.16172 -7.16758 7.09827 16.065 4.9056 11.8373 12.2059 3.06167 -3.07978 -114.383 24.088 53.8919 27.5197 0.056351 0.129118 11.5558 -15.2501 -106.426 22.8331 0.0467536 0.107129 12.9233 7.56456 -7.87736 -1.16172 -7.16756 7.09818 -26.3713 5.70431 -12.8361 -12.2059 3.06167 -3.07978 124.569 34.2692 -56.7398 -27.5197 0.056351 0.129118 -11.8777 -10.0674 81.104 -22.8331 0.0467534 0.107129 -14.3268 5.07689 -3.92009 8.70282 -3.96247 1.9152 8.37464 -10.9067 3.56405 -0.803084 -36.5309 -0.617314 -1.166 4.35377 -0.0317028 -2.19176 -38.0664 -5.69911 2.4053 -5.77884 15.3056 0.734061 -9.31305 11.7736 2.48481e-17 -7.95139e-16 1.2424e-17 -8.70282 -3.96247 1.9152 11.267 -18.2857 20.8523 0.803084 -36.5309 -0.617314 1.74356 6.50287 0.014569 2.19176 -38.0664 -5.69911 -0.859268 5.53603 -14.5337 -0.734061 -9.31305 11.7736 -2.2478e-16 -5.82305e-16 -1.27587e-14 
23.1844 87.6518 -10.1813 -4.25061 10.8568 -3.29525 0 4.78511 -1.08482 2.89957 -0.937137 0.390319 0 5.29195 1.00949 2.3641 0.230773 1.62816 -9.66735e-18 5.64355 0.108362 1.68635 2.2881 1.36272 -1.04072e-17 6.12977 -0.417886 1.01261 6.05925 1.24978 -1.85891e-17 7.16586 -1.41888 0.668495 8.63845 0.857363 -2.38665e-17 8.94839 -0.861631 0.0389653 9.92188 1.07774 -2.73615e-17 9.94144 1.48576 0.0363192 0.17611 0.17301 -1.21725e-17 4.50977 0.67399 -0.779852 -1.05166 -5.09698 -1.70689e-17 4.54241 0.39741 -0.415171 -5.1751 -1.58176 -1.89342e-17 4.5512 0.720839 -4.13902 -11.6328 0.986202 1.16172 -7.16758 7.09827 16.0132 4.8517 11.919 12.2059 3.06167 -3.07978 -114.308 23.9617 53.5506 27.5197 0.056351 0.129118 11.5512 -15.2653 -106.503 22.8331 0.0467536 0.107129 12.8818 8.64688 -7.84664 -1.16172 -7.16756 7.09818 -26.5516 5.75382 -12.8669 -12.2059 3.06167 -3.07978 124.806 34.3653 -57.0419 -27.5197 0.056351 0.129118 -11.8926 -10.1604 81.5551 -22.8331 0.0467534 0.107129 -14.4188 5.38462 -3.86676 8.70282 -3.96247 1.9152 8.45358 -11.0807 3.62187 -0.803084 -36.5309 -0.617314 -1.20608 4.5032 -0.0312162 -2.19176 -38.0664 -5.69911 2.3884 -5.7837 15.3057 0.734061 -9.31305 11.7736 -1.14722e-18 -7.95951e-16 1.32364e-17 -8.70282 -3.96247 1.9152 11.3356 -18.3561 20.9912 0.803084 -36.5309 -0.617314 1.75067 6.52928 0.0142224 2.19176 -38.0664 -5.69911 -0.830936 5.60514 -14.5278 -0.734061 -9.31305 11.7736 -5.70359e-16 -5.60707e-16 -1.27479e-14 
23.1682 87.6686 -10.1941 -4.2793 10.9116 -3.32381 0 4.78511 -1.08482 2.93027 -0.912306 0.367939 0 5.29195 1.00949 2.39063 0.260005 1.61306 -9.66735e-18 5.64355 0.108362 1.70878 2.31893 1.34898 -1.04072e-17 6.12977 -0.417886 1.03107 6.09747 1.23844 -1.85891e-17 7.16586 -1.41888 0.681689 8.67407 0.843177 -2.38665e-17 8.94839 -0.861631 0.0434559 9.9543 1.0636 -2.73615e-17 9.94144 1.48576 0.038009 0.172558 0.174748 -1.21725e-17 4.50977 0.67399 -0.765016 -1.01001 -5.09066 -1.70689e-17 4.54241 0.39741 -0.434145 -5.17094 -1.5747 -1.89342e-17 4.5512 0.720839 -4.22608 -11.7436 1.01539 1.16172 -7.16758 7.09827 15.974 4.79679 12.0005 12.2059 3.06167 -3.07978 -114.24 23.8354 53.2341 27.5197 0.056351 0.129118 11.5479 -15.2762 -106.559 22.8331 0.0467536 0.107129 12.8564 9.53432 -7.85318 -1.16172 -7.16756 7.09818 -26.7289 5.78368 -12.8958 -12.2059 3.06167 -3.07978 125.019 34.4355 -57.3615 -27.5197 0.056351 0.129118 -11.9071 -10.2559 82.0179 -22.8331 0.0467534 0.107129 -14.4981 5.63164 -3.83748 8.70282 -3.96247 1.9152 8.53508 -11.2399 3.67116 -0.803084 -36.5309 -0.617314 -1.24439 4.64604 -0.0306529 -2.19176 -38.0664 -5.69911 2.34498 -5.75939 15.3044 0.734061 -9.31305 11.7736 -3.4673e-16 -8.0675e-16 2.40359e-17 -8.70282 -3.96247 1.9152 11.3979 -18.3926 21.102 0.803084 -36.5309 -0.617314 1.74907 6.52335 0.0143005 2.19176 -38.0664 -5.69911 -0.797665 5.70664 -14.5198 -0.734061 -9.31305 11.7736 -2.24776e-16 -5.82306e-16 -1.27587e-14 
23.1514 87.6927 -10.19 -4.29969 10.9768 -3.35366 0 4.78511 -1.08482 2.94923 -0.925646 0.338703 0 5.29195 1.00949 2.40948 0.25785 1.5883 -9.66735e-18 5.64355 0.108362 1.72607 2.32962 1.32542 -1.04072e-17 6.12977 -0.417886 1.04721 6.13774 1.21701 -1.85891e-17 7.16586 -1.41888 0.692747 8.72473 0.820261 -2.38665e-17 8.94839 -0.861631 0.0445137 10.0064 1.04019 -2.73615e-17 9.94144 1.48576 0.0386648 0.166334 0.175584 -1.21725e-17 4.50977 0.67399 -0.758224 -0.954387 -5.05233 -1.70689e-17 4.54241 0.39741 -0.460468 -5.17327 -1.55397 -1.89342e-17 4.5512 0.720839 -4.29178 -11.8438 1.05122 1.16172 -7.16758 7.09827 15.9441 4.72947 12.08 12.2059 3.06167 -3.07978 -114.124 23.7501 52.9385 27.5197 0.056351 0.129118 11.5452 -15.2853 -106.606 22.8331 0.0467536 0.107129 12.8163 10.0498 -7.78902 -1.16172 -7.16756 7.09818 -26.8117 5.77906 -12.9159 -12.2059 3.06167 -3.07978 125.196 34.5067 -57.6743 -27.5197 0.056351 0.129118 -11.9211 -10.3534 82.4904 -22.8331 0.0467534 0.107129 -14.6091 5.85845 -3.88931 8.70282 -3.96247 1.9152 8.60195 -11.3889 3.7035 -0.803084 -36.5309 -0.617314 -1.27571 4.76275 -0.0301214 -2.19176 -38.0664 -5.69911 2.306 -5.69513 15.3024 0.734061 -9.31305 11.7736 -1.14279e-18 -7.95951e-16 1.32363e-17 -8.70282 -3.96247 1.9152 11.4508 -18.4207 21.2213 0.803084 -36.5309 -0.617314 1.7429 6.50042 0.014601 2.19176 -38.0664 -5.69911 -0.751015 5.82538 -14.5133 -0.734061 -9.31305 11.7736 -6.48336e-16 -5.57457e-16 -1.27446e-14 
23.1376 87.7195 -10.1986 -4.31096 11.0337 -3.38437 0 4.78511 -1.08482 2.9566 -0.913869 0.311405 0 5.29195 1.00949 2.41669 0.278093 1.56416 -9.66735e-18 5.64355 0.108362 1.73389 2.35713 1.30281 -1.04072e-17 6.12977 -0.417886 1.05628 6.18048 1.19706 -1.85891e-17 7.16586 -1.41888 0.698986 8.76818 0.800266 -2.38665e-17 8.94839 -0.861631 0.0433922 10.0468 1.01767 -2.73615e-17 9.94144 1.48576 0.039199 0.159354 0.176373 -1.21725e-17 4.50977 0.67399 -0.755421 -0.890483 -5.00295 -1.70689e-17 4.54241 0.39741 -0.469264 -5.22221 -1.52947 -1.89342e-17 4.5512 0.720839 -4.36283 -11.9494 1.08265 1.16172 -7.16758 7.09827 15.9628 4.65512 12.1549 12.2059 3.06167 -3.07978 -113.927 23.6641 52.5661 27.5197 0.056351 0.129118 11.5479 -15.2764 -106.56 22.8331 0.0467536 0.107129 12.6231 9.96056 -7.71461 -1.16172 -7.16756 7.09818 -26.8667 5.77599 -12.9193 -12.2059 3.06167 -3.07978 125.316 34.5655 -57.9073 -27.5197 0.056351 0.129118 -11.9303 -10.4204 82.8144 -22.8331 0.0467534 0.107129 -14.7293 5.98737 -3.78558 8.70282 -3.96247 1.9152 8.66887 -11.566 3.71973 -0.803084 -36.5309 -0.617314 -1.31906 4.92428 -0.02928 -2.19176 -38.0664 -5.69911 2.25165 -5.62228 15.3007 0.734061 -9.31305 11.7736 -3.72721e-16 -8.07563e-16 2.48481e-17 -8.70282 -3.96247 1.9152 11.4903 -18.4685 21.304 0.803084 -36.5309 -0.617314 1.74374 6.50355 0.0145601 2.19176 -38.0664 -5.69911 -0.691455 5.9518 -14.5065 -0.734061 -9.31305 11.7736 -1.31352e-15 -5.37483e-16 -1.2713e-14 
23.1248 87.7491 -10.2211 -4.34741 11.0758 -3.41225 0 4.78511 -1.08482 2.9702 -0.876057 0.286678 0 5.29195 1.00949 2.42831 0.321019 1.54361 -9.66735e-18 5.64355 0.108362 1.74504 2.40035 1.28365 -1.04072e-17 6.12977 -0.417886 1.06746 6.22532 1.18041 -1.85891e-17 7.16586 -1.41888 0.706934 8.80538 0.783058 -2.38665e-17 8.94839 -0.861631 0.0434417 10.0769 0.99749 -2.73615e-17 9.94144 1.48576 0.0396277 0.152381 0.177076 -1.21725e-17 4.50977 0.67399 -0.753542 -0.832439 -4.96043 -1.70689e-17 4.54241 0.39741 -0.474427 -5.27795 -1.50933 -1.89342e-17 4.5512 0.720839 -4.44522 -12.0723 1.11302 1.16172 -7.16758 7.09827 16.0089 4.59384 12.2206 12.2059 3.06167 -3.07978 -113.699 23.5208 52.1616 27.5197 0.056351 0.129118 11.5532 -15.2587 -106.47 22.8331 0.0467536 0.107129 12.3435 9.56018 -7.67712 -1.16172 -7.16756 7.09818 -26.9287 5.77545 -12.9203 -12.2059 3.06167 -3.07978 125.369 34.5931 -58.0538 -27.5197 0.056351 0.129118 -11.9379 -10.4787 83.0964 -22.8331 0.0467534 0.107129 -14.8021 6.08999 -3.67888 8.70282 -3.96247 1.9152 8.76859 -11.7466 3.73834 -0.803084 -36.5309 -0.617314 -1.36739 5.10428 -0.0281975 -2.19176 -38.0664 -5.69911 2.18876 -5.55301 15.2977 0.734061 -9.31305 11.7736 -3.4673e-16 -8.0675e-16 2.40359e-17 -8.70282 -3.96247 1.9152 11.5539 -18.5205 21.3505 0.803084 -36.5309 -0.617314 1.74742 6.5172 0.0143814 2.19176 -38.0664 -5.69911 -0.61348 6.11684 -14.4998 -0.734061 -9.31305 11.7736 -1.72794e-16 -5.84742e-16 -1.27603e-14 
23.1087 87.7802 -10.2372 -4.37237 11.1109 -3.4506 0 4.78511 -1.08482 2.97607 -0.851934 0.264537 0 5.29195 1.00949 2.43348 0.352989 1.52408 -9.66735e-18 5.64355 0.108362 1.75092 2.43774 1.26544 -1.04072e-17 6.12977 -0.417886 1.07467 6.27404 1.16409 -1.85891e-17 7.16586 -1.41888 0.712433 8.85247 0.766729 -2.38665e-17 8.94839 -0.861631 0.0426763 10.1178 0.97905 -2.73615e-17 9.94144 1.48576 0.0400333 0.144094 0.17659 -1.21725e-17 4.50977 0.67399 -0.749269 -0.764669 -4.9096 -1.70689e-17 4.54241 0.39741 -0.489976 -5.31834 -1.48684 -1.89342e-17 4.5512 0.720839 -4.49169 -12.2199 1.15433 1.16172 -7.16758 7.09827 16.0757 4.54033 12.2739 12.2059 3.06167 -3.07978 -113.511 23.392 51.8087 27.5197 0.056351 0.129118 11.5564 -15.248 -106.416 22.8331 0.0467536 0.107129 12.0978 9.21015 -7.61571 -1.16172 -7.16756 7.09818 -26.9944 5.76114 -12.9237 -12.2059 3.06167 -3.07978 125.383 34.6385 -58.1637 -27.5197 0.056351 0.129118 -11.9449 -10.5342 83.3647 -22.8331 0.0467534 0.107129 -14.8197 6.19751 -3.63705 8.70282 -3.96247 1.9152 8.85838 -11.9034 3.79496 -0.803084 -36.5309 -0.617314 -1.41036 5.26428 -0.0271071 -2.19176 -38.0664 -5.69911 2.11776 -5.46725 15.292 0.734061 -9.31305 11.7736 5.0839e-17 -7.94326e-16 1.16118e-17 -8.70282 -3.96247 1.9152 11.6081 -18.5508 21.437 0.803084 -36.5309 -0.617314 1.74718 6.51631 0.0143931 2.19176 -38.0664 -5.69911 -0.527667 6.27966 -14.4951 -0.734061 -9.31305 11.7736 4.28394e-17 -5.89856e-16 -1.27654e-14 
23.0975 87.81 -10.2375 -4.38546 11.1375 -3.4795 0 4.78511 -1.08482 2.97877 -0.840717 0.239692 0 5.29195 1.00949 2.43652 0.37353 1.50196 -9.66735e-18 5.64355 0.108362 1.75543 2.4684 1.24496 -1.04072e-17 6.12977 -0.417886 1.08135 6.32488 1.14573 -1.85891e-17 7.16586 -1.41888 0.717909 8.90716 0.748349 -2.38665e-17 8.94839 -0.861631 0.0421529 10.1677 0.958864 -2.73615e-17 9.94144 1.48576 0.0404799 0.134914 0.176826 -1.21725e-17 4.50977 0.67399 -0.746215 -0.702971 -4.86751 -1.70689e-17 4.54241 0.39741 -0.499392 -5.35027 -1.46809 -1.89342e-17 4.5512 0.720839 -4.53434 -12.3557 1.21828 1.16172 -7.16758 7.09827 16.1287 4.47736 12.3261 12.2059 3.06167 -3.07978 -113.361 23.3033 51.4881 27.5197 0.056351 0.129118 11.5575 -15.2444 -106.397 22.8331 0.0467536 0.107129 11.9045 9.1099 -7.52956 -1.16172 -7.16756 7.09818 -27.0508 5.73935 -12.9129 -12.2059 3.06167 -3.07978 125.414 34.6937 -58.3081 -27.5197 0.056351 0.129118 -11.9502 -10.5773 83.5732 -22.8331 0.0467534 0.107129 -14.8475 6.33199 -3.59353 8.70282 -3.96247 1.9152 8.91756 -12.0255 3.87385 -0.803084 -36.5309 -0.617314 -1.44386 5.38899 -0.0261734 -2.19176 -38.0664 -5.69911 2.06837 -5.36957 15.286 0.734061 -9.31305 11.7736 4.22417e-16 -7.82715e-16 2.88531e-33 -8.70282 -3.96247 1.9152 11.6381 -18.5588 21.5218 0.803084 -36.5309 -0.617314 1.74601 6.51196 0.01445 2.19176 -38.0664 -5.69911 -0.441232 6.40809 -14.4932 -0.734061 -9.31305 11.7736 -2.16064e-15 -4.97774e-16 -1.26741e-14 
23.0941 87.8405 -10.2356 -4.38733 11.1548 -3.49827 0 4.78511 -1.08482 2.98069 -0.824539 0.216437 0 5.29195 1.00949 2.43822 0.399763 1.48111 -9.66735e-18 5.64355 0.108362 1.759 2.50603 1.22572 -1.04072e-17 6.12977 -0.417886 1.08709 6.38286 1.12887 -1.85891e-17 7.16586 -1.41888 0.72313 8.96804 0.731764 -2.38665e-17 8.94839 -0.861631 0.0418336 10.224 0.939554 -2.73615e-17 9.94144 1.48576 0.0404516 0.125196 0.177325 -1.21725e-17 4.50977 0.67399 -0.743995 -0.630809 -4.82431 -1.70689e-17 4.54241 0.39741 -0.499208 -5.40691 -1.44911 -1.89342e-17 4.5512 0.720839 -4.57368 -12.4982 1.26025 1.16172 -7.16758 7.09827 16.1835 4.40613 12.3933 12.2059 3.06167 -3.07978 -113.209 23.2065 51.1433 27.5197 0.056351 0.129118 11.5578 -15.2433 -106.391 22.8331 0.0467536 0.107129 11.6949 9.22554 -7.47311 -1.16172 -7.16756 7.09818 -27.0822 5.71162 -12.907 -12.2059 3.06167 -3.07978 125.411 34.7294 -58.402 -27.5197 0.056351 0.129118 -11.9542 -10.6111 83.7367 -22.8331 0.0467534 0.107129 -14.9124 6.51466 -3.53576 8.70282 -3.96247 1.9152 8.95135 -12.1339 3.91529 -0.803084 -36.5309 -0.617314 -1.47259 5.49588 -0.0253147 -2.19176 -38.0664 -5.69911 2.02194 -5.25722 15.2815 0.734061 -9.31305 11.7736 4.22417e-16 -7.82715e-16 2.88531e-33 -8.70282 -3.96247 1.9152 11.6468 -18.5575 21.5934 0.803084 -36.5309 -0.617314 1.74435 6.50582 0.0145304 2.19176 -38.0664 -5.69911 -0.362824 6.5245 -14.4924 -0.734061 -9.31305 11.7736 -1.78906e-15 -5.09386e-16 -1.26974e-14 
23.0927 87.8693 -10.2211 -4.38723 11.1548 -3.49957 0 4.78511 -1.08482 2.98536 -0.81643 0.194476 0 5.29195 1.00949 2.44222 0.419315 1.46232 -9.66735e-18 5.64355 0.108362 1.76422 2.5394 1.2083 -1.04072e-17 6.12977 -0.417886 1.09365 6.44269 1.11355 -1.85891e-17 7.16586 -1.41888 0.728728 9.03446 0.716339 -2.38665e-17 8.94839 -0.861631 0.0415054 10.2858 0.92238 -2.73615e-17 9.94144 1.48576 0.0401292 0.115158 0.178076 -1.21725e-17 4.50977 0.67399 -0.742019 -0.556797 -4.79552 -1.70689e-17 4.54241 0.39741 -0.503337 -5.44597 -1.43716 -1.89342e-17 4.5512 0.720839 -4.61306 -12.6344 1.28352 1.16172 -7.16758 7.09827 16.2563 4.3419 12.4616 12.2059 3.06167 -3.07978 -113.089 23.095 50.8243 27.5197 0.056351 0.129118 11.5567 -15.2469 -106.41 22.8331 0.0467536 0.107129 11.4806 9.33353 -7.43258 -1.16172 -7.16756 7.09818 -27.1324 5.68268 -12.9075 -12.2059 3.06167 -3.07978 125.4 34.7503 -58.477 -27.5197 0.056351 0.129118 -11.9566 -10.6321 83.838 -22.8331 0.0467534 0.107129 -14.9656 6.61885 -3.44992 8.70282 -3.96247 1.9152 8.98015 -12.225 3.90455 -0.803084 -36.5309 -0.617314 -1.50428 5.61379 -0.0243048 -2.19176 -38.0664 -5.69911 1.96348 -5.15412 15.2771 0.734061 -9.31305 11.7736 3.96427e-16 -7.83527e-16 8.12215e-19 -8.70282 -3.96247 1.9152 11.6399 -18.5295 21.6299 0.803084 -36.5309 -0.617314 1.74272 6.49976 0.0146097 2.19176 -38.0664 -5.69911 -0.287786 6.6163 -14.4923 -0.734061 -9.31305 11.7736 -1.73708e-15 -5.11822e-16 -1.2699e-14 
23.0883 87.902 -10.1979 -4.38564 11.154 -3.51887 0 4.78511 -1.08482 2.98536 -0.825163 0.172295 0 5.29195 1.00949 2.44289 0.4237 1.44266 -9.66735e-18 5.64355 0.108362 1.76707 2.56096 1.1897 -1.04072e-17 6.12977 -0.417886 1.09869 6.49754 1.09668 -1.85891e-17 7.16586 -1.41888 0.733117 9.10197 0.699895 -2.38665e-17 8.94839 -0.861631 0.0398988 10.3522 0.904283 -2.73615e-17 9.94144 1.48576 0.0392791 0.105382 0.178784 -1.21725e-17 4.50977 0.67399 -0.745523 -0.493316 -4.75584 -1.70689e-17 4.54241 0.39741 -0.508505 -5.47663 -1.4197 -1.89342e-17 4.5512 0.720839 -4.63515 -12.7423 1.32033 1.16172 -7.16758 7.09827 16.3142 4.28524 12.5265 12.2059 3.06167 -3.07978 -112.988 23.0012 50.5677 27.5197 0.056351 0.129118 11.5541 -15.2556 -106.454 22.8331 0.0467536 0.107129 11.3084 9.28196 -7.36602 -1.16172 -7.16756 7.09818 -27.1338 5.64879 -12.9133 -12.2059 3.06167 -3.07978 125.398 34.7849 -58.5902 -27.5197 0.056351 0.129118 -11.9601 -10.663 83.9871 -22.8331 0.0467534 0.107129 -15.0229 6.68701 -3.40985 8.70282 -3.96247 1.9152 9.01782 -12.3173 3.91457 -0.803084 -36.5309 -0.617314 -1.54122 5.75118 -0.023045 -2.19176 -38.0664 -5.69911 1.91126 -5.03668 15.271 0.734061 -9.31305 11.7736 -1.14279e-18 -7.95951e-16 1.32363e-17 -8.70282 -3.96247 1.9152 11.6415 -18.4937 21.6741 0.803084 -36.5309 -0.617314 1.74057 6.49177 0.0147137 2.19176 -38.0664 -5.69911 -0.225923 6.73405 -14.4892 -0.734061 -9.31305 11.7736 -8.11987e-16 -5.5478e-16 -1.27303e-14 
23.0886 87.9338 -10.1585 -4.38591 11.1516 -3.52671 0 4.78511 -1.08482 2.97889 -0.861981 0.146704 0 5.29195 1.00949 2.43955 0.403937 1.41873 -9.66735e-18 5.64355 0.108362 1.76724 2.56742 1.16736 -1.04072e-17 6.12977 -0.417886 1.1025 6.55402 1.07641 -1.85891e-17 7.16586 -1.41888 0.737049 9.18118 0.680747 -2.38665e-17 8.94839 -0.861631 0.0383765 10.4347 0.883211 -2.73615e-17 9.94144 1.48576 0.0383326 0.09356 0.179552 -1.21725e-17 4.50977 0.67399 -0.753662 -0.42771 -4.72428 -1.70689e-17 4.54241 0.39741 -0.510102 -5.49988 -1.40621 -1.89342e-17 4.5512 0.720839 -4.63298 -12.8529 1.38069 1.16172 -7.16758 7.09827 16.3575 4.20753 12.5917 12.2059 3.06167 -3.07978 -112.864 22.9427 50.3151 27.5197 0.056351 0.129118 11.5525 -15.261 -106.482 22.8331 0.0467536 0.107129 11.1728 9.34855 -7.23056 -1.16172 -7.16756 7.09818 -27.0946 5.59902 -12.9104 -12.2059 3.06167 -3.07978 125.422 34.8313 -58.7569 -27.5197 0.056351 0.129118 -11.9638 -10.6961 84.1473 -22.8331 0.0467534 0.107129 -15.0946 6.76308 -3.39233 8.70282 -3.96247 1.9152 9.04655 -12.403 3.97237 -0.803084 -36.5309 -0.617314 -1.57989 5.89495 -0.0216311 -2.19176 -38.0664 -5.69911 1.88401 -4.92099 15.2656 0.734061 -9.31305 11.7736 -3.4673e-16 -8.0675e-16 2.40359e-17 -8.70282 -3.96247 1.9152 11.6353 -18.4375 21.7352 0.803084 -36.5309 -0.617314 1.7355 6.47298 0.0149574 2.19176 -38.0664 -5.69911 -0.162128 6.83029 -14.4887 -0.734061 -9.31305 11.7736 1.63312e-15 -6.63588e-16 -1.284e-14 
23.0958 87.9648 -10.1153 -4.41589 11.137 -3.51405 0 4.78511 -1.08482 2.97721 -0.892131 0.119505 0 5.29195 1.00949 2.44088 0.389264 1.39426 -9.66735e-18 5.64355 0.108362 1.77132 2.57656 1.1448 -1.04072e-17 6.12977 -0.417886 1.10939 6.60787 1.05619 -1.85891e-17 7.16586 -1.41888 0.743039 9.25511 0.661427 -2.38665e-17 8.94839 -0.861631 0.0373404 10.511 0.860948 -2.73615e-17 9.94144 1.48576 0.0374133 0.0819348 0.180226 -1.21725e-17 4.50977 0.67399 -0.762689 -0.357356 -4.68372 -1.70689e-17 4.54241 0.39741 -0.512004 -5.53997 -1.38975 -1.89342e-17 4.5512 0.720839 -4.63298 -12.9484 1.41606 1.16172 -7.16758 7.09827 16.4447 4.1298 12.6523 12.2059 3.06167 -3.07978 -112.727 22.8794 50.0427 27.5197 0.056351 0.129118 11.5543 -15.2551 -106.452 22.8331 0.0467536 0.107129 10.9982 9.48662 -7.12391 -1.16172 -7.16756 7.09818 -27.0497 5.54671 -12.9006 -12.2059 3.06167 -3.07978 125.431 34.8612 -58.8923 -27.5197 0.056351 0.129118 -11.9667 -10.7233 84.2783 -22.8331 0.0467534 0.107129 -15.158 6.96871 -3.35971 8.70282 -3.96247 1.9152 9.09037 -12.4629 4.03946 -0.803084 -36.5309 -0.617314 -1.61255 6.01633 -0.0203611 -2.19176 -38.0664 -5.69911 1.86356 -4.82097 15.2621 0.734061 -9.31305 11.7736 2.48481e-17 -7.95139e-16 1.2424e-17 -8.70282 -3.96247 1.9152 11.6436 -18.3515 21.7953 0.803084 -36.5309 -0.617314 1.72255 6.42489 0.0155732 2.19176 -38.0664 -5.69911 -0.0799242 6.932 -14.4917 -0.734061 -9.31305 11.7736 -6.22345e-16 -5.5827e-16 -1.27454e-14 
23.1086 87.9927 -10.0676 -4.45044 11.1103 -3.50835 0 4.78511 -1.08482 2.98441 -0.928382 0.0943805 0 5.29195 1.00949 2.44961 0.369204 1.37418 -9.66735e-18 5.64355 0.108362 1.78055 2.58315 1.12626 -1.04072e-17 6.12977 -0.417886 1.11907 6.66606 1.03958 -1.85891e-17 7.16586 -1.41888 0.750617 9.33738 0.644799 -2.38665e-17 8.94839 -0.861631 0.0363217 10.5954 0.842549 -2.73615e-17 9.94144 1.48576 0.0364843 0.0696933 0.180522 -1.21725e-17 4.50977 0.67399 -0.768126 -0.281593 -4.65203 -1.70689e-17 4.54241 0.39741 -0.526494 -5.56198 -1.37793 -1.89342e-17 4.5512 0.720839 -4.64408 -13.0486 1.43145 1.16172 -7.16758 7.09827 16.579 4.06267 12.7109 12.2059 3.06167 -3.07978 -112.664 22.7979 49.8073 27.5197 0.056351 0.129118 11.5561 -15.2491 -106.421 22.8331 0.0467536 0.107129 10.8283 9.66934 -7.06186 -1.16172 -7.16756 7.09818 -27.0598 5.49494 -12.8968 -12.2059 3.06167 -3.07978 125.444 34.8818 -58.9953 -27.5197 0.056351 0.129118 -11.9687 -10.7416 84.3668 -22.8331 0.0467534 0.107129 -15.2176 7.23109 -3.29596 8.70282 -3.96247 1.9152 9.12947 -12.4834 4.11114 -0.803084 -36.5309 -0.617314 -1.63509 6.10012 -0.0194437 -2.19176 -38.0664 -5.69911 1.84814 -4.73196 15.2576 0.734061 -9.31305 11.7736 2.48481e-17 -7.95139e-16 1.2424e-17 -8.70282 -3.96247 1.9152 11.6534 -18.2458 21.8562 0.803084 -36.5309 -0.617314 1.70847 6.37262 0.01623 2.19176 -38.0664 -5.69911 -0.00478727 7.02184 -14.4958 -0.734061 -9.31305 11.7736 -8.8996e-16 -5.51531e-16 -1.27271e-14 
23.1242 88.0161 -10.0053 -4.46637 11.0864 -3.49576 0 4.78511 -1.08482 2.99005 -0.978504 0.0711556 0 5.29195 1.00949 2.45695 0.33594 1.3565 -9.66735e-18 5.64355 0.108362 1.7882 2.57964 1.10986 -1.04072e-17 6.12977 -0.417886 1.12688 6.72136 1.02467 -1.85891e-17 7.16586 -1.41888 0.75632 9.4228 0.629857 -2.38665e-17 8.94839 -0.861631 0.0338135 10.6848 0.82736 -2.73615e-17 9.94144 1.48576 0.0354127 0.0579475 0.181025 -1.21725e-17 4.50977 0.67399 -0.776741 -0.220916 -4.62851 -1.70689e-17 4.54241 0.39741 -0.55563 -5.57236 -1.36914 -1.89342e-17 4.5512 0.720839 -4.657 -13.1357 1.43794 1.16172 -7.16758 7.09827 16.7132 4.00889 12.7605 12.2059 3.06167 -3.07978 -112.675 22.7535 49.6595 27.5197 0.056351 0.129118 11.5562 -15.2488 -106.419 22.8331 0.0467536 0.107129 10.7006 9.786 -7.00937 -1.16172 -7.16756 7.09818 -27.0751 5.44683 -12.8919 -12.2059 3.06167 -3.07978 125.508 34.9229 -59.1485 -27.5197 0.056351 0.129118 -11.97 -10.7535 84.4243 -22.8331 0.0467534 0.107129 -15.2876 7.40087 -3.21999 8.70282 -3.96247 1.9152 9.14171 -12.4803 4.12875 -0.803084 -36.5309 -0.617314 -1.64909 6.15211 -0.0188577 -2.19176 -38.0664 -5.69911 1.81664 -4.65473 15.2528 0.734061 -9.31305 11.7736 2.48481e-17 -7.95139e-16 1.2424e-17 -8.70282 -3.96247 1.9152 11.6334 -18.1146 21.9151 0.803084 -36.5309 -0.617314 1.68711 6.29333 0.0172016 2.19176 -38.0664 -5.69911 0.0801174 7.05557 -14.5078 -0.734061 -9.31305 11.7736 5.44373e-16 -6.18765e-16 -1.27943e-14 
23.1441 88.0412 -9.93354 -4.48132 11.0636 -3.49201 0 4.78511 -1.08482 2.99257 -1.04057 0.0459743 0 5.29195 1.00949 2.46194 0.292913 1.33542 -9.66735e-18 5.64355 0.108362 1.79437 2.56954 1.09001 -1.04072e-17 6.12977 -0.417886 1.13383 6.77479 1.00623 -1.85891e-17 7.16586 -1.41888 0.760861 9.51031 0.61201 -2.38665e-17 8.94839 -0.861631 0.0293298 10.7802 0.809197 -2.73615e-17 9.94144 1.48576 0.0337072 0.0468079 0.181556 -1.21725e-17 4.50977 0.67399 -0.79241 -0.167565 -4.5861 -1.70689e-17 4.54241 0.39741 -0.587872 -5.59232 -1.35088 -1.89342e-17 4.5512 0.720839 -4.64783 -13.2083 1.47409 1.16172 -7.16758 7.09827 16.7955 3.95213 12.8154 12.2059 3.06167 -3.07978 -112.679 22.7241 49.5389 27.5197 0.056351 0.129118 11.5553 -15.2517 -106.434 22.8331 0.0467536 0.107129 10.5989 9.76527 -6.91396 -1.16172 -7.16756 7.09818 -27.0122 5.38718 -12.8917 -12.2059 3.06167 -3.07978 125.561 34.9748 -59.3383 -27.5197 0.056351 0.129118 -11.9729 -10.7816 84.5598 -22.8331 0.0467534 0.107129 -15.3699 7.49757 -3.19785 8.70282 -3.96247 1.9152 9.15076 -12.4614 4.11921 -0.803084 -36.5309 -0.617314 -1.65935 6.19023 -0.0184198 -2.19176 -38.0664 -5.69911 1.77336 -4.57679 15.2484 0.734061 -9.31305 11.7736 2.48481e-17 -7.95139e-16 1.2424e-17 -8.70282 -3.96247 1.9152 11.6131 -17.975 21.9616 0.803084 -36.5309 -0.617314 1.66412 6.20794 0.0182147 2.19176 -38.0664 -5.69911 0.143026 7.10114 -14.5148 -0.734061 -9.31305 11.7736 -2.50757e-16 -5.81494e-16 -1.27571e-14 
23.1434 88.0861 -9.94447 -4.47995 11.0455 -3.47317 0 4.78511 -1.08482 2.98253 -1.07813 0.0205801 0 5.29195 1.00949 2.45597 0.272889 1.31093 -9.66735e-18 5.64355 0.108362 1.79257 2.57582 1.06715 -1.04072e-17 6.12977 -0.417886 1.13596 6.82851 0.985306 -1.85891e-17 7.16586 -1.41888 0.762587 9.58682 0.593017 -2.38665e-17 8.94839 -0.861631 0.0245624 10.8608 0.787677 -2.73615e-17 9.94144 1.48576 0.0320275 0.0356355 0.181906 -1.21725e-17 4.50977 0.67399 -0.81093 -0.102781 -4.54085 -1.70689e-17 4.54241 0.39741 -0.593107 -5.64343 -1.33225 -1.89342e-17 4.5512 0.720839 -4.63733 -13.3045 1.51569 1.16172 -7.16758 7.09827 16.879 3.88576 12.8771 12.2059 3.06167 -3.07978 -112.58 22.6857 49.3145 27.5197 0.056351 0.129118 11.5562 -15.2488 -106.42 22.8331 0.0467536 0.107129 10.4067 9.60433 -6.80262 -1.16172 -7.16756 7.09818 -26.9092 5.32648 -12.8859 -12.2059 3.06167 -3.07978 125.56 35.0123 -59.4464 -27.5197 0.056351 0.129118 -11.9757 -10.8092 84.6932 -22.8331 0.0467534 0.107129 -15.4329 7.56511 -3.15679 8.70282 -3.96247 1.9152 9.18021 -12.5723 4.08441 -0.803084 -36.5309 -0.617314 -1.69526 6.3236 -0.0168338 -2.19176 -38.0664 -5.69911 1.69431 -4.38654 15.2416 0.734061 -9.31305 11.7736 2.48481e-17 -7.95139e-16 1.2424e-17 -8.70282 -3.96247 1.9152 11.5948 -17.9475 22.0054 0.803084 -36.5309 -0.617314 1.65505 6.17423 0.0186049 2.19176 -38.0664 -5.69911 0.246667 7.29421 -14.5153 -0.734061 -9.31305 11.7736 -9.41951e-16 -5.49094e-16 -1.27247e-14 
22.8462 88.3934 -11.098 -4.48725 11.0335 -3.47195 0 4.78511 -1.08482 2.89447 -0.66736 0.0221908 0 5.29195 1.00949 2.3717 0.642535 1.29249 -9.66735e-18 5.64355 0.108362 1.73257 2.81957 1.05247 -1.04072e-17 6.12977 -0.417886 1.10111 6.80519 0.976776 -1.85891e-17 7.16586 -1.41888 0.744894 9.38831 0.595402 -2.38665e-17 8.94839 -0.861631 0.0281875 10.5983 0.766395 -2.73615e-17 9.94144 1.48576 0.0298532 0.0425694 0.182091 -1.21725e-17 4.50977 0.67399 -0.83677 -0.0455451 -4.44726 -1.70689e-17 4.54241 0.39741 -0.302947 -6.0185 -1.29916 -1.89342e-17 4.5512 0.720839 -4.69353 -13.463 1.6178 1.16172 -7.16758 7.09827 17.092 3.9002 12.9122 12.2059 3.06167 -3.07978 -111.437 22.0829 47.8936 27.5197 0.056351 0.129118 11.5644 -15.2212 -106.279 22.8331 0.0467536 0.107129 9.30603 8.85371 -6.55994 -1.16172 -7.16756 7.09818 -26.6242 5.42217 -12.8218 -12.2059 3.06167 -3.07978 124.758 34.8157 -58.3987 -27.5197 0.056351 0.129118 -11.9751 -10.8039 84.6672 -22.8331 0.0467534 0.107129 -14.9156 7.83573 -2.93135 8.70282 -3.96247 1.9152 9.7671 -14.1478 4.081 -0.803084 -36.5309 -0.617314 -2.00249 7.46242 0.000162531 -2.19176 -38.0664 -5.69911 1.03806 -2.85519 15.2037 0.734061 -9.31305 11.7736 5.08342e-17 -7.94327e-16 1.1612e-17 -8.70282 -3.96247 1.9152 11.9075 -19.2668 22.279 0.803084 -36.5309 -0.617314 1.78821 6.66854 0.0123397 2.19176 -38.0664 -5.69911 1.16465 9.66829 -14.4809 -0.734061 -9.31305 11.7736 3.50905e-17 -5.93675e-16 -1.27692e-14 
22.8556 88.4138 -11.0291 -4.48314 11.0149 -3.47196 0 4.78511 -1.08482 2.90511 -0.737622 0.0108474 0 5.29195 1.00949 2.38779 0.575965 1.28431 -9.66735e-18 5.64355 0.108362 1.74757 2.7632 1.04399 -1.04072e-17 6.12977 -0.417886 1.11495 6.78164 0.966363 -1.85891e-17 7.16586 -1.41888 0.756173 9.38452 0.58306 -2.38665e-17 8.94839 -0.861631 0.0349207 10.6013 0.762946 -2.73615e-17 9.94144 1.48576 0.0254273 0.0421534 0.184239 -1.21725e-17 4.50977 0.67399 -0.82134 -0.00801987 -4.37392 -1.70689e-17 4.54241 0.39741 -0.454873 -5.66131 -1.26341 -1.89342e-17 4.5512 0.720839 -4.69109 -13.5468 1.49782 1.16172 -7.16758 7.09827 17.2028 3.97303 12.8058 12.2059 3.06167 -3.07978 -111.367 21.9395 47.9563 27.5197 0.056351 0.129118 11.5667 -15.2135 -106.24 22.8331 0.0467536 0.107129 9.06617 8.42373 -6.5772 -1.16172 -7.16756 7.09818 -26.737 5.43248 -12.7988 -12.2059 3.06167 -3.07978 124.906 34.8878 -58.6717 -27.5197 0.056351 0.129118 -11.9753 -10.8052 84.6739 -22.8331 0.0467534 0.107129 -14.9267 7.82337 -2.97962 8.70282 -3.96247 1.9152 9.82303 -14.3026 4.1536 -0.803084 -36.5309 -0.617314 -2.09973 7.82195 0.00681803 -2.19176 -38.0664 -5.69911 1.05523 -2.76224 15.1894 0.734061 -9.31305 11.7736 3.96431e-16 -7.83527e-16 8.12067e-19 -8.70282 -3.96247 1.9152 11.846 -19.2298 22.2324 0.803084 -36.5309 -0.617314 1.81627 6.77264 0.0108719 2.19176 -38.0664 -5.69911 1.31788 9.62967 -14.4888 -0.734061 -9.31305 11.7736 3.09349e-15 -7.20837e-16 -1.28964e-14 
22.8691 88.4182 -10.9557 -4.47276 11.0069 -3.47232 0 4.78511 -1.08482 2.8969 -0.874354 -0.0284035 0 5.29195 1.00949 2.39051 0.47056 1.25712 -9.66735e-18 5.64355 0.108362 1.75319 2.71243 1.0138 -1.04072e-17 6.12977 -0.417886 1.12574 6.85222 0.932612 -1.85891e-17 7.16586 -1.41888 0.76273 9.53076 0.548055 -2.38665e-17 8.94839 -0.861631 0.021139 10.7576 0.731054 -2.73615e-17 9.94144 1.48576 0.0252697 0.0254639 0.182689 -1.21725e-17 4.50977 0.67399 -0.8541 -0.0485809 -4.36447 -1.70689e-17 4.54241 0.39741 -0.473331 -5.69358 -1.26156 -1.89342e-17 4.5512 0.720839 -4.67911 -13.4933 1.65246 1.16172 -7.16758 7.09827 17.5823 4.06764 12.8227 12.2059 3.06167 -3.07978 -112.005 22.0692 48.4262 27.5197 0.056351 0.129118 11.552 -15.2626 -106.49 22.8331 0.0467536 0.107129 9.33543 8.23309 -6.6571 -1.16172 -7.16756 7.09818 -26.7929 5.36457 -12.8122 -12.2059 3.06167 -3.07978 124.889 34.9522 -58.7822 -27.5197 0.056351 0.129118 -11.9786 -10.8392 84.8378 -22.8331 0.0467534 0.107129 -14.83 8.01276 -3.02046 8.70282 -3.96247 1.9152 9.80614 -14.3016 4.25818 -0.803084 -36.5309 -0.617314 -2.11576 7.88117 0.00797399 -2.19176 -38.0664 -5.69911 1.10684 -2.73841 15.1827 0.734061 -9.31305 11.7736 2.48481e-17 -7.95139e-16 1.2424e-17 -8.70282 -3.96247 1.9152 11.8462 -19.1182 22.3404 0.803084 -36.5309 -0.617314 1.80787 6.74147 0.0113168 2.19176 -38.0664 -5.69911 1.18568 9.61208 -14.4774 -0.734061 -9.31305 11.7736 -1.01991e-15 -5.45846e-16 -1.27214e-14 
22.8892 88.4307 -10.8711 -4.48226 10.9957 -3.46028 0 4.78511 -1.08482 2.87906 -1.00879 -0.0466491 0 5.29195 1.00949 2.37699 0.363569 1.24259 -9.66735e-18 5.64355 0.108362 1.74421 2.66313 0.999704 -1.04072e-17 6.12977 -0.417886 1.1196 6.90859 0.920009 -1.85891e-17 7.16586 -1.41888 0.758659 9.65188 0.537931 -2.38665e-17 8.94839 -0.861631 0.0121356 10.9078 0.724245 -2.73615e-17 9.94144 1.48576 0.0206468 0.0134979 0.18425 -1.21725e-17 4.50977 0.67399 -0.88553 0.0171989 -4.33568 -1.70689e-17 4.54241 0.39741 -0.513258 -5.64652 -1.24196 -1.89342e-17 4.5512 0.720839 -4.55824 -13.5641 1.66641 1.16172 -7.16758 7.09827 17.6113 3.99856 12.905 12.2059 3.06167 -3.07978 -112.175 22.1119 48.5222 27.5197 0.056351 0.129118 11.5509 -15.2662 -106.508 22.8331 0.0467536 0.107129 9.34798 8.17546 -6.5785 -1.16172 -7.16756 7.09818 -26.6481 5.29287 -12.8174 -12.2059 3.06167 -3.07978 125.188 35.0517 -59.1685 -27.5197 0.056351 0.129118 -11.974 -10.7925 84.6124 -22.8331 0.0467534 0.107129 -15.2083 8.15961 -2.69627 8.70282 -3.96247 1.9152 9.77184 -14.2244 4.22177 -0.803084 -36.5309 -0.617314 -2.09596 7.80803 0.00654876 -2.19176 -38.0664 -5.69911 1.15398 -2.68233 15.1772 0.734061 -9.31305 11.7736 2.48481e-17 -7.95139e-16 1.2424e-17 -8.70282 -3.96247 1.9152 11.7937 -18.9939 22.2879 0.803084 -36.5309 -0.617314 1.79287 6.68582 0.0120995 2.19176 -38.0664 -5.69911 1.36328 9.53585 -14.5212 -0.734061 -9.31305 11.7736 -1.20959e-15 -5.41542e-16 -1.27179e-14 
22.9111 88.4366 -10.7766 -4.51332 11.0008 -3.44677 0 4.78511 -1.08482 2.88301 -1.11365 -0.0654918 0 5.29195 1.00949 2.38703 0.278724 1.22912 -9.66735e-18 5.64355 0.108362 1.75436 2.62278 0.987416 -1.04072e-17 6.12977 -0.417886 1.12951 6.95246 0.908862 -1.85891e-17 7.16586 -1.41888 0.766988 9.74436 0.525657 -2.38665e-17 8.94839 -0.861631 0.013935 11.012 0.712961 -2.73615e-17 9.94144 1.48576 0.0215193 0.00385269 0.18392 -1.21725e-17 4.50977 0.67399 -0.871023 0.00451223 -4.26208 -1.70689e-17 4.54241 0.39741 -0.520866 -5.63883 -1.20538 -1.89342e-17 4.5512 0.720839 -4.6098 -13.4986 1.63142 1.16172 -7.16758 7.09827 17.7144 3.94462 12.954 12.2059 3.06167 -3.07978 -112.34 22.1193 48.5384 27.5197 0.056351 0.129118 11.5528 -15.2599 -106.476 22.8331 0.0467536 0.107129 9.21647 7.92398 -6.49303 -1.16172 -7.16756 7.09818 -26.7544 5.26047 -12.8149 -12.2059 3.06167 -3.07978 125.38 35.0208 -59.3527 -27.5197 0.056351 0.129118 -11.9743 -10.7956 84.6276 -22.8331 0.0467534 0.107129 -15.2556 8.3011 -2.60726 8.70282 -3.96247 1.9152 9.77566 -14.1771 4.16349 -0.803084 -36.5309 -0.617314 -2.09071 7.78863 0.00617512 -2.19176 -38.0664 -5.69911 1.15343 -2.69665 15.18 0.734061 -9.31305 11.7736 2.48481e-17 -7.95139e-16 1.2424e-17 -8.70282 -3.96247 1.9152 11.799 -18.8584 22.2729 0.803084 -36.5309 -0.617314 1.77149 6.60651 0.0131897 2.19176 -38.0664 -5.69911 1.27889 9.51229 -14.5027 -0.734061 -9.31305 11.7736 1.13163e-15 -6.35493e-16 -1.28227e-14 
22.9331 88.44 -10.6694 -4.51476 11.0014 -3.42739 0 4.78511 -1.08482 2.89231 -1.19812 -0.0917265 0 5.29195 1.00949 2.39913 0.211112 1.21278 -9.66735e-18 5.64355 0.108362 1.76605 2.59218 0.971255 -1.04072e-17 6.12977 -0.417886 1.1411 7.00335 0.893224 -1.85891e-17 7.16586 -1.41888 0.77485 9.84197 0.509191 -2.38665e-17 8.94839 -0.861631 0.00997164 11.1207 0.696902 -2.73615e-17 9.94144 1.48576 0.0235754 -0.00637136 0.183345 -1.21725e-17 4.50977 0.67399 -0.881186 0.0556611 -4.25798 -1.70689e-17 4.54241 0.39741 -0.526111 -5.6068 -1.20322 -1.89342e-17 4.5512 0.720839 -4.60739 -13.5762 1.68668 1.16172 -7.16758 7.09827 17.8627 3.92713 13.0351 12.2059 3.06167 -3.07978 -112.736 22.1748 48.6595 27.5197 0.056351 0.129118 11.5478 -15.2766 -106.561 22.8331 0.0467536 0.107129 9.17891 7.90425 -6.41632 -1.16172 -7.16756 7.09818 -26.8218 5.20748 -12.841 -12.2059 3.06167 -3.07978 125.583 35.0391 -59.5842 -27.5197 0.056351 0.129118 -11.9835 -10.8903 85.0845 -22.8331 0.0467534 0.107129 -15.2393 8.56208 -2.93698 8.70282 -3.96247 1.9152 9.74992 -14.1326 4.10023 -0.803084 -36.5309 -0.617314 -2.09066 7.78844 0.00617148 -2.19176 -38.0664 -5.69911 1.18252 -2.6941 15.1746 0.734061 -9.31305 11.7736 2.48481e-17 -7.95139e-16 1.2424e-17 -8.70282 -3.96247 1.9152 11.7458 -18.7035 22.1887 0.803084 -36.5309 -0.617314 1.74696 6.5155 0.0144036 2.19176 -38.0664 -5.69911 1.34632 9.3893 -14.5296 -0.734061 -9.31305 11.7736 -2.4023e-15 -4.91846e-16 -1.26674e-14 
22.954 88.4383 -10.5583 -4.51533 11.0012 -3.41804 0 4.78511 -1.08482 2.89677 -1.23229 -0.106528 0 5.29195 1.00949 2.40278 0.187669 1.20404 -9.66735e-18 5.64355 0.108362 1.76919 2.58842 0.962999 -1.04072e-17 6.12977 -0.417886 1.1436 7.03744 0.886637 -1.85891e-17 7.16586 -1.41888 0.7759 9.89636 0.503548 -2.38665e-17 8.94839 -0.861631 0.00525542 11.1816 0.689757 -2.73615e-17 9.94144 1.48576 0.0226571 -0.013092 0.184513 -1.21725e-17 4.50977 0.67399 -0.892458 0.0908977 -4.20326 -1.70689e-17 4.54241 0.39741 -0.531181 -5.63259 -1.17464 -1.89342e-17 4.5512 0.720839 -4.59446 -13.5725 1.63116 1.16172 -7.16758 7.09827 17.9318 3.87544 13.0869 12.2059 3.06167 -3.07978 -112.779 22.1341 48.523 27.5197 0.056351 0.129118 11.5486 -15.2738 -106.547 22.8331 0.0467536 0.107129 8.97974 7.90049 -6.31534 -1.16172 -7.16756 7.09818 -26.8 5.19052 -12.8304 -12.2059 3.06167 -3.07978 125.844 35.0952 -59.7801 -27.5197 0.056351 0.129118 -11.984 -10.8966 85.1144 -22.8331 0.0467534 0.107129 -15.5086 8.82392 -2.90119 8.70282 -3.96247 1.9152 9.72339 -14.0693 4.05146 -0.803084 -36.5309 -0.617314 -2.08422 7.76465 0.00571564 -2.19176 -38.0664 -5.69911 1.18 -2.72921 15.1783 0.734061 -9.31305 11.7736 -1.13805e-18 -7.95951e-16 1.32361e-17 -8.70282 -3.96247 1.9152 11.7115 -18.5545 22.1483 0.803084 -36.5309 -0.617314 1.72832 6.44633 0.0153 2.19176 -38.0664 -5.69911 1.30847 9.27101 -14.5329 -0.734061 -9.31305 11.7736 1.68817e-17 -5.89045e-16 -1.27646e-14 
22.9747 88.4359 -10.443 -4.52619 11.008 -3.42686 0 4.78511 -1.08482 2.90436 -1.28604 -0.11897 0 5.29195 1.00949 2.41036 0.150578 1.1934 -9.66735e-18 5.64355 0.108362 1.77616 2.58406 0.953524 -1.04072e-17 6.12977 -0.417886 1.14942 7.09091 0.878574 -1.85891e-17 7.16586 -1.41888 0.780879 9.97857 0.495093 -2.38665e-17 8.94839 -0.861631 0.00604603 11.2698 0.682196 -2.73615e-17 9.94144 1.48576 0.0219266 -0.0229756 0.18439 -1.21725e-17 4.50977 0.67399 -0.892272 0.1293 -4.2122 -1.70689e-17 4.54241 0.39741 -0.541833 -5.65114 -1.17954 -1.89342e-17 4.5512 0.720839 -4.58845 -13.6517 1.68108 1.16172 -7.16758 7.09827 17.9496 3.79999 13.1341 12.2059 3.06167 -3.07978 -112.798 22.0332 48.3262 27.5197 0.056351 0.129118 11.5514 -15.2646 -106.5 22.8331 0.0467536 0.107129 8.86897 8.03921 -6.26738 -1.16172 -7.16756 7.09818 -26.8083 5.13225 -12.8314 -12.2059 3.06167 -3.07978 125.851 35.1143 -59.8158 -27.5197 0.056351 0.129118 -11.9815 -10.8696 84.9847 -22.8331 0.0467534 0.107129 -15.621 8.99902 -2.72426 8.70282 -3.96247 1.9152 9.71234 -14.0002 4.00634 -0.803084 -36.5309 -0.617314 -2.07719 7.73865 0.00522064 -2.19176 -38.0664 -5.69911 1.18877 -2.77606 15.1808 0.734061 -9.31305 11.7736 -3.46735e-16 -8.06751e-16 2.4036e-17 -8.70282 -3.96247 1.9152 11.6897 -18.3728 22.1316 0.803084 -36.5309 -0.617314 1.69501 6.32267 0.0168457 2.19176 -38.0664 -5.69911 1.25694 9.16127 -14.5286 -0.734061 -9.31305 11.7736 -2.4023e-15 -4.91846e-16 -1.26674e-14 
23.0025 88.4322 -10.3226 -4.52195 10.9893 -3.42748 0 4.78511 -1.08482 2.90645 -1.34926 -0.128312 0 5.29195 1.00949 2.41216 0.103852 1.1868 -9.66735e-18 5.64355 0.108362 1.77762 2.57306 0.94804 -1.04072e-17 6.12977 -0.417886 1.14994 7.14639 0.874757 -1.85891e-17 7.16586 -1.41888 0.781121 10.0678 0.492412 -2.38665e-17 8.94839 -0.861631 0.00328326 11.3654 0.678191 -2.73615e-17 9.94144 1.48576 0.0217589 -0.0341663 0.183881 -1.21725e-17 4.50977 0.67399 -0.895878 0.203646 -4.19274 -1.70689e-17 4.54241 0.39741 -0.548706 -5.66998 -1.17419 -1.89342e-17 4.5512 0.720839 -4.58892 -13.7335 1.66482 1.16172 -7.16758 7.09827 17.9901 3.71354 13.2019 12.2059 3.06167 -3.07978 -112.791 21.9152 48.113 27.5197 0.056351 0.129118 11.5549 -15.253 -106.441 22.8331 0.0467536 0.107129 8.76475 8.4577 -6.20299 -1.16172 -7.16756 7.09818 -26.7802 5.07217 -12.8526 -12.2059 3.06167 -3.07978 125.844 35.108 -59.8409 -27.5197 0.056351 0.129118 -11.9827 -10.8816 85.0424 -22.8331 0.0467534 0.107129 -15.6472 9.15716 -2.75774 8.70282 -3.96247 1.9152 9.66847 -13.898 3.94401 -0.803084 -36.5309 -0.617314 -2.06559 7.69578 0.00441155 -2.19176 -38.0664 -5.69911 1.21409 -2.81288 15.183 0.734061 -9.31305 11.7736 2.48481e-17 -7.95139e-16 1.2424e-17 -8.70282 -3.96247 1.9152 11.6385 -18.173 22.0762 0.803084 -36.5309 -0.617314 1.66585 6.21436 0.0181397 2.19176 -38.0664 -5.69911 1.23134 9.01598 -14.5352 -0.734061 -9.31305 11.7736 -9.10439e-18 -5.87421e-16 -1.2763e-14 
